ISO-10303-21;
HEADER;
/* Generated by software containing ST-Developer
 * from STEP Tools, Inc. (www.steptools.com) 
 */
/* OPTION: using custom renumber hook */

FILE_DESCRIPTION(
/* description */ ('STEP AP242 Edition 2',
'CAx-IF Rec.Pracs.---Representation and Presentation of Product Manufa
cturing Information (PMI)---4.0---2014-10-13',
'CAx-IF Rec.Pracs.---3D Tessellated Geometry---0.4---2014-09-14','2;1',
'CAx-IF Rec.Pracs.---User Defined Attributes---1.5---2016-08-15'),
/* implementation_level */ '2;1');

FILE_NAME(
/* name */ 'Part Studio 1 - Part 4',
/* time_stamp */ '2026-10-02T08:57:24Z',
/* author */ (''),
/* organization */ (''),
/* preprocessor_version */ 'ST-DEVELOPER v20',
/* originating_system */ 'ONSHAPE BY PTC INC, 1.221',
/* authorisation */ '  ');

FILE_SCHEMA (('AP242_MANAGED_MODEL_BASED_3D_ENGINEERING_MIM_LF { 1 0 10303 442 3 1 4 }'));
ENDSEC;

DATA;
#10=SHAPE_REPRESENTATION_RELATIONSHIP('','',#1819,#11);
#11=ADVANCED_BREP_SHAPE_REPRESENTATION('',(#1817),#10529);
#12=CYLINDRICAL_SURFACE('',#1851,0.0025);
#13=CYLINDRICAL_SURFACE('',#1855,0.0025);
#14=CYLINDRICAL_SURFACE('',#1859,0.0025);
#15=CYLINDRICAL_SURFACE('',#1863,0.0025);
#16=CYLINDRICAL_SURFACE('',#1867,0.0025);
#17=CYLINDRICAL_SURFACE('',#1871,0.0025);
#18=CYLINDRICAL_SURFACE('',#1875,0.0025);
#19=CYLINDRICAL_SURFACE('',#1879,0.0025);
#20=CYLINDRICAL_SURFACE('',#1883,0.0025);
#21=CYLINDRICAL_SURFACE('',#1887,0.0025);
#22=CYLINDRICAL_SURFACE('',#1891,0.0025);
#23=CYLINDRICAL_SURFACE('',#1895,0.0025);
#24=CYLINDRICAL_SURFACE('',#1899,0.0025);
#25=CYLINDRICAL_SURFACE('',#1903,0.0025);
#26=CYLINDRICAL_SURFACE('',#1907,0.0025);
#27=CYLINDRICAL_SURFACE('',#1911,0.00175);
#28=CYLINDRICAL_SURFACE('',#1917,0.0011);
#29=CYLINDRICAL_SURFACE('',#1918,0.00175);
#30=CYLINDRICAL_SURFACE('',#1924,0.0011);
#31=CYLINDRICAL_SURFACE('',#1925,0.00175);
#32=CYLINDRICAL_SURFACE('',#1931,0.0011);
#33=CYLINDRICAL_SURFACE('',#1932,0.00175);
#34=CYLINDRICAL_SURFACE('',#1938,0.0011);
#35=CYLINDRICAL_SURFACE('',#1939,0.00175);
#36=CYLINDRICAL_SURFACE('',#1945,0.0011);
#37=CYLINDRICAL_SURFACE('',#1946,0.00175);
#38=CYLINDRICAL_SURFACE('',#1952,0.0011);
#39=CYLINDRICAL_SURFACE('',#1953,0.00175);
#40=CYLINDRICAL_SURFACE('',#1959,0.0011);
#41=CYLINDRICAL_SURFACE('',#1960,0.00175);
#42=CYLINDRICAL_SURFACE('',#1966,0.0011);
#43=CYLINDRICAL_SURFACE('',#1967,0.00175);
#44=CYLINDRICAL_SURFACE('',#1973,0.0011);
#45=CYLINDRICAL_SURFACE('',#1974,0.00175);
#46=CYLINDRICAL_SURFACE('',#1980,0.0011);
#47=CYLINDRICAL_SURFACE('',#1981,0.00175);
#48=CYLINDRICAL_SURFACE('',#1987,0.0011);
#49=CYLINDRICAL_SURFACE('',#1988,0.00175);
#50=CYLINDRICAL_SURFACE('',#1994,0.0011);
#51=CYLINDRICAL_SURFACE('',#1995,0.00175);
#52=CYLINDRICAL_SURFACE('',#2001,0.0011);
#53=CYLINDRICAL_SURFACE('',#2002,0.00175);
#54=CYLINDRICAL_SURFACE('',#2008,0.0011);
#55=CYLINDRICAL_SURFACE('',#2009,0.00175);
#56=CYLINDRICAL_SURFACE('',#2015,0.0011);
#57=CYLINDRICAL_SURFACE('',#2020,0.0023);
#58=CYLINDRICAL_SURFACE('',#2022,0.0023);
#59=CYLINDRICAL_SURFACE('',#2024,0.0023);
#60=CYLINDRICAL_SURFACE('',#2026,0.00229999999999997);
#61=ELLIPSE('',#1829,0.00250510793798781,0.0025);
#62=ELLIPSE('',#1830,0.00250510793798781,0.0025);
#63=ELLIPSE('',#1831,0.00250510793798781,0.0025);
#64=ELLIPSE('',#1832,0.00250510793798781,0.0025);
#65=ELLIPSE('',#1833,0.00250510793798781,0.0025);
#66=ELLIPSE('',#1834,0.00250510793798781,0.0025);
#67=ELLIPSE('',#1835,0.00250510793798781,0.0025);
#68=ELLIPSE('',#1836,0.00250510793798781,0.0025);
#69=ELLIPSE('',#1837,0.00250510793798781,0.0025);
#70=ELLIPSE('',#1838,0.00250510793798781,0.0025);
#71=ELLIPSE('',#1839,0.00250510793798781,0.0025);
#72=ELLIPSE('',#1840,0.00250510793798781,0.0025);
#73=ELLIPSE('',#1841,0.00250510793798781,0.0025);
#74=ELLIPSE('',#1842,0.00250510793798781,0.0025);
#75=ELLIPSE('',#1843,0.00250510793798781,0.0025);
#76=ELLIPSE('',#1916,0.00110224749271463,0.0011);
#77=ELLIPSE('',#1923,0.00110224749271464,0.0011);
#78=ELLIPSE('',#1930,0.00110224749271464,0.0011);
#79=ELLIPSE('',#1937,0.00110224749271463,0.0011);
#80=ELLIPSE('',#1944,0.00110224749271464,0.0011);
#81=ELLIPSE('',#1951,0.00110224749271464,0.0011);
#82=ELLIPSE('',#1958,0.00110224749271463,0.0011);
#83=ELLIPSE('',#1965,0.00110224749271464,0.0011);
#84=ELLIPSE('',#1972,0.00110224749271463,0.0011);
#85=ELLIPSE('',#1979,0.00110224749271463,0.0011);
#86=ELLIPSE('',#1986,0.00110224749271464,0.0011);
#87=ELLIPSE('',#1993,0.00110224749271464,0.0011);
#88=ELLIPSE('',#2000,0.00110224749271464,0.0011);
#89=ELLIPSE('',#2007,0.00110224749271464,0.0011);
#90=ELLIPSE('',#2014,0.00110224749271464,0.0011);
#91=CIRCLE('',#1824,0.0023);
#92=CIRCLE('',#1825,0.0023);
#93=CIRCLE('',#1826,0.0023);
#94=CIRCLE('',#1827,0.00229999999999997);
#95=CIRCLE('',#1852,0.0025);
#96=CIRCLE('',#1854,0.00175);
#97=CIRCLE('',#1856,0.0025);
#98=CIRCLE('',#1858,0.00175);
#99=CIRCLE('',#1860,0.0025);
#100=CIRCLE('',#1862,0.00175);
#101=CIRCLE('',#1864,0.0025);
#102=CIRCLE('',#1866,0.00175);
#103=CIRCLE('',#1868,0.0025);
#104=CIRCLE('',#1870,0.00175);
#105=CIRCLE('',#1872,0.0025);
#106=CIRCLE('',#1874,0.00175);
#107=CIRCLE('',#1876,0.0025);
#108=CIRCLE('',#1878,0.00175);
#109=CIRCLE('',#1880,0.0025);
#110=CIRCLE('',#1882,0.00175);
#111=CIRCLE('',#1884,0.0025);
#112=CIRCLE('',#1886,0.00175);
#113=CIRCLE('',#1888,0.0025);
#114=CIRCLE('',#1890,0.00175);
#115=CIRCLE('',#1892,0.0025);
#116=CIRCLE('',#1894,0.00175);
#117=CIRCLE('',#1896,0.0025);
#118=CIRCLE('',#1898,0.00175);
#119=CIRCLE('',#1900,0.0025);
#120=CIRCLE('',#1902,0.00175);
#121=CIRCLE('',#1904,0.0025);
#122=CIRCLE('',#1906,0.00175);
#123=CIRCLE('',#1908,0.0025);
#124=CIRCLE('',#1910,0.00175);
#125=CIRCLE('',#1912,0.00175);
#126=CIRCLE('',#1914,0.0011);
#127=CIRCLE('',#1919,0.00175);
#128=CIRCLE('',#1921,0.0011);
#129=CIRCLE('',#1926,0.00175);
#130=CIRCLE('',#1928,0.0011);
#131=CIRCLE('',#1933,0.00175);
#132=CIRCLE('',#1935,0.0011);
#133=CIRCLE('',#1940,0.00175);
#134=CIRCLE('',#1942,0.0011);
#135=CIRCLE('',#1947,0.00175);
#136=CIRCLE('',#1949,0.0011);
#137=CIRCLE('',#1954,0.00175);
#138=CIRCLE('',#1956,0.0011);
#139=CIRCLE('',#1961,0.00175);
#140=CIRCLE('',#1963,0.0011);
#141=CIRCLE('',#1968,0.00175);
#142=CIRCLE('',#1970,0.0011);
#143=CIRCLE('',#1975,0.00175);
#144=CIRCLE('',#1977,0.0011);
#145=CIRCLE('',#1982,0.00175);
#146=CIRCLE('',#1984,0.0011);
#147=CIRCLE('',#1989,0.00175);
#148=CIRCLE('',#1991,0.0011);
#149=CIRCLE('',#1996,0.00175);
#150=CIRCLE('',#1998,0.0011);
#151=CIRCLE('',#2003,0.00175);
#152=CIRCLE('',#2005,0.0011);
#153=CIRCLE('',#2010,0.00175);
#154=CIRCLE('',#2012,0.0011);
#155=B_SPLINE_SURFACE_WITH_KNOTS('',3,1,((#2568,#2569),(#2570,#2571),(#2572,
#2573),(#2574,#2575),(#2576,#2577),(#2578,#2579),(#2580,#2581),(#2582,#2583),
(#2584,#2585),(#2586,#2587),(#2588,#2589),(#2590,#2591),(#2592,#2593),(#2594,
#2595),(#2596,#2597),(#2598,#2599),(#2600,#2601),(#2602,#2603),(#2604,#2605),
(#2606,#2607),(#2608,#2609),(#2610,#2611)),.SURF_OF_LINEAR_EXTRUSION.,.F.,
 .F.,.F.,(4,1,1,1,1,1,1,1,1,1,1,1,1,1,1,1,1,1,1,4),(2,2),(0.,0.0625,0.125,
0.140625,0.15625,0.1875,0.25,0.3125,0.375,0.5,0.625,0.75,0.78125,0.8125,
0.84375,0.875,0.890625,0.90625,0.9375,1.),(0.,1.),.UNSPECIFIED.);
#156=B_SPLINE_SURFACE_WITH_KNOTS('',3,1,((#2682,#2683),(#2684,#2685),(#2686,
#2687),(#2688,#2689),(#2690,#2691),(#2692,#2693),(#2694,#2695),(#2696,#2697),
(#2698,#2699),(#2700,#2701),(#2702,#2703),(#2704,#2705),(#2706,#2707),(#2708,
#2709),(#2710,#2711),(#2712,#2713),(#2714,#2715),(#2716,#2717),(#2718,#2719)),
 .SURF_OF_LINEAR_EXTRUSION.,.F.,.F.,.F.,(4,1,1,1,1,1,1,1,1,1,1,1,1,1,1,
1,4),(2,2),(0.,0.0625,0.125,0.140625,0.15625,0.1875,0.25,0.375,0.5,0.625,
0.75,0.8125,0.875,0.890625,0.90625,0.9375,1.),(0.,1.),.UNSPECIFIED.);
#157=B_SPLINE_SURFACE_WITH_KNOTS('',3,1,((#2913,#2914),(#2915,#2916),(#2917,
#2918),(#2919,#2920),(#2921,#2922),(#2923,#2924),(#2925,#2926)),
 .SURF_OF_LINEAR_EXTRUSION.,.F.,.F.,.F.,(4,1,1,1,4),(2,2),(0.,0.25,0.5,
0.75,1.),(0.,1.),.UNSPECIFIED.);
#158=B_SPLINE_SURFACE_WITH_KNOTS('',3,1,((#2961,#2962),(#2963,#2964),(#2965,
#2966),(#2967,#2968),(#2969,#2970),(#2971,#2972),(#2973,#2974),(#2975,#2976),
(#2977,#2978),(#2979,#2980),(#2981,#2982),(#2983,#2984),(#2985,#2986),(#2987,
#2988),(#2989,#2990),(#2991,#2992),(#2993,#2994),(#2995,#2996),(#2997,#2998),
(#2999,#3000),(#3001,#3002),(#3003,#3004)),.SURF_OF_LINEAR_EXTRUSION.,.F.,
 .F.,.F.,(4,1,1,1,1,1,1,1,1,1,1,1,1,1,1,1,1,1,1,4),(2,2),(0.,0.0625,0.125,
0.140625,0.15625,0.1875,0.25,0.3125,0.375,0.5,0.625,0.75,0.78125,0.8125,
0.84375,0.875,0.890625,0.90625,0.9375,1.),(0.,1.),.UNSPECIFIED.);
#159=B_SPLINE_SURFACE_WITH_KNOTS('',3,1,((#3047,#3048),(#3049,#3050),(#3051,
#3052),(#3053,#3054),(#3055,#3056),(#3057,#3058),(#3059,#3060),(#3061,#3062),
(#3063,#3064),(#3065,#3066),(#3067,#3068),(#3069,#3070),(#3071,#3072),(#3073,
#3074),(#3075,#3076),(#3077,#3078),(#3079,#3080),(#3081,#3082),(#3083,#3084),
(#3085,#3086),(#3087,#3088),(#3089,#3090)),.SURF_OF_LINEAR_EXTRUSION.,.F.,
 .F.,.F.,(4,1,1,1,1,1,1,1,1,1,1,1,1,1,1,1,1,1,1,4),(2,2),(0.,0.0625,0.125,
0.140625,0.15625,0.1875,0.25,0.3125,0.375,0.5,0.625,0.75,0.78125,0.8125,
0.84375,0.875,0.890625,0.90625,0.9375,1.),(0.,1.),.UNSPECIFIED.);
#160=B_SPLINE_SURFACE_WITH_KNOTS('',3,1,((#3139,#3140),(#3141,#3142),(#3143,
#3144),(#3145,#3146),(#3147,#3148),(#3149,#3150),(#3151,#3152),(#3153,#3154),
(#3155,#3156),(#3157,#3158),(#3159,#3160),(#3161,#3162),(#3163,#3164),(#3165,
#3166),(#3167,#3168),(#3169,#3170),(#3171,#3172),(#3173,#3174),(#3175,#3176)),
 .SURF_OF_LINEAR_EXTRUSION.,.F.,.F.,.F.,(4,1,1,1,1,1,1,1,1,1,1,1,1,1,1,
1,4),(2,2),(-1.21827185012549E-16,0.0624999999999999,0.125,0.140625,0.15625,
0.1875,0.25,0.375,0.5,0.625,0.75,0.8125,0.875,0.890625,0.90625,0.9375,1.),
(0.,1.),.UNSPECIFIED.);
#161=B_SPLINE_SURFACE_WITH_KNOTS('',3,1,((#3229,#3230),(#3231,#3232),(#3233,
#3234),(#3235,#3236),(#3237,#3238),(#3239,#3240),(#3241,#3242),(#3243,#3244),
(#3245,#3246),(#3247,#3248),(#3249,#3250),(#3251,#3252),(#3253,#3254),(#3255,
#3256),(#3257,#3258),(#3259,#3260),(#3261,#3262),(#3263,#3264),(#3265,#3266)),
 .SURF_OF_LINEAR_EXTRUSION.,.F.,.F.,.F.,(4,1,1,1,1,1,1,1,1,1,1,1,1,1,1,
1,4),(2,2),(0.,0.0625,0.125,0.140625,0.15625,0.1875,0.25,0.375,0.5,0.625,
0.75,0.8125,0.875,0.890625,0.90625,0.9375,1.),(0.,1.),.UNSPECIFIED.);
#162=B_SPLINE_SURFACE_WITH_KNOTS('',3,1,((#3325,#3326),(#3327,#3328),(#3329,
#3330),(#3331,#3332),(#3333,#3334),(#3335,#3336),(#3337,#3338),(#3339,#3340),
(#3341,#3342),(#3343,#3344),(#3345,#3346),(#3347,#3348),(#3349,#3350),(#3351,
#3352),(#3353,#3354),(#3355,#3356),(#3357,#3358),(#3359,#3360),(#3361,#3362)),
 .SURF_OF_LINEAR_EXTRUSION.,.F.,.F.,.F.,(4,1,1,1,1,1,1,1,1,1,1,1,1,1,1,
1,4),(2,2),(0.,0.0625,0.125,0.140625,0.15625,0.1875,0.25,0.375,0.5,0.625,
0.75,0.8125,0.875,0.890625,0.90625,0.9375,1.),(0.,1.),.UNSPECIFIED.);
#163=B_SPLINE_SURFACE_WITH_KNOTS('',5,1,((#3765,#3766),(#3767,#3768),(#3769,
#3770),(#3771,#3772),(#3773,#3774),(#3775,#3776),(#3777,#3778),(#3779,#3780),
(#3781,#3782),(#3783,#3784),(#3785,#3786),(#3787,#3788),(#3789,#3790),(#3791,
#3792),(#3793,#3794),(#3795,#3796),(#3797,#3798),(#3799,#3800)),
 .SURF_OF_LINEAR_EXTRUSION.,.F.,.F.,.F.,(6,5,2,5,6),(2,2),(-0.00600029688675482,
0.,0.5,1.,1.00600029688676),(0.,1.),.UNSPECIFIED.);
#164=B_SPLINE_SURFACE_WITH_KNOTS('',3,3,((#3891,#3892,#3893,#3894,#3895),
(#3896,#3897,#3898,#3899,#3900),(#3901,#3902,#3903,#3904,#3905),(#3906,
#3907,#3908,#3909,#3910),(#3911,#3912,#3913,#3914,#3915),(#3916,#3917,#3918,
#3919,#3920),(#3921,#3922,#3923,#3924,#3925),(#3926,#3927,#3928,#3929,#3930),
(#3931,#3932,#3933,#3934,#3935),(#3936,#3937,#3938,#3939,#3940),(#3941,
#3942,#3943,#3944,#3945),(#3946,#3947,#3948,#3949,#3950),(#3951,#3952,#3953,
#3954,#3955),(#3956,#3957,#3958,#3959,#3960),(#3961,#3962,#3963,#3964,#3965),
(#3966,#3967,#3968,#3969,#3970),(#3971,#3972,#3973,#3974,#3975),(#3976,
#3977,#3978,#3979,#3980)),.UNSPECIFIED.,.F.,.F.,.F.,(4,2,2,2,2,2,2,2,4),
(4,1,4),(0.,0.125,0.25,0.375,0.5,0.625,0.75,0.875,1.),(-1.5707963267949,
-0.785398163397448,0.),.UNSPECIFIED.);
#165=B_SPLINE_SURFACE_WITH_KNOTS('',5,1,((#4008,#4009),(#4010,#4011),(#4012,
#4013),(#4014,#4015),(#4016,#4017),(#4018,#4019),(#4020,#4021),(#4022,#4023)),
 .SURF_OF_LINEAR_EXTRUSION.,.F.,.F.,.F.,(6,2,6),(2,2),(0.,0.5,1.),(0.,1.),
 .UNSPECIFIED.);
#166=B_SPLINE_SURFACE_WITH_KNOTS('',3,1,((#4031,#4032),(#4033,#4034),(#4035,
#4036),(#4037,#4038),(#4039,#4040),(#4041,#4042)),
 .SURF_OF_LINEAR_EXTRUSION.,.F.,.F.,.F.,(4,1,1,4),(2,2),(-4.02813482556359E-15,
0.223454982711423,0.446909965422849,0.893819930845703),(0.,1.),
 .UNSPECIFIED.);
#167=B_SPLINE_SURFACE_WITH_KNOTS('',3,3,((#4054,#4055,#4056,#4057,#4058),
(#4059,#4060,#4061,#4062,#4063),(#4064,#4065,#4066,#4067,#4068),(#4069,
#4070,#4071,#4072,#4073),(#4074,#4075,#4076,#4077,#4078),(#4079,#4080,#4081,
#4082,#4083),(#4084,#4085,#4086,#4087,#4088),(#4089,#4090,#4091,#4092,#4093),
(#4094,#4095,#4096,#4097,#4098),(#4099,#4100,#4101,#4102,#4103),(#4104,
#4105,#4106,#4107,#4108),(#4109,#4110,#4111,#4112,#4113),(#4114,#4115,#4116,
#4117,#4118),(#4119,#4120,#4121,#4122,#4123),(#4124,#4125,#4126,#4127,#4128),
(#4129,#4130,#4131,#4132,#4133),(#4134,#4135,#4136,#4137,#4138),(#4139,
#4140,#4141,#4142,#4143)),.UNSPECIFIED.,.F.,.F.,.F.,(4,2,2,2,2,2,2,2,4),
(4,1,4),(0.,0.125,0.25,0.375,0.5,0.625,0.75,0.875,1.),(3.1415926535898,
3.92699081698725,4.71238898038471),.UNSPECIFIED.);
#168=B_SPLINE_SURFACE_WITH_KNOTS('',3,3,((#4151,#4152,#4153,#4154,#4155),
(#4156,#4157,#4158,#4159,#4160),(#4161,#4162,#4163,#4164,#4165),(#4166,
#4167,#4168,#4169,#4170),(#4171,#4172,#4173,#4174,#4175),(#4176,#4177,#4178,
#4179,#4180),(#4181,#4182,#4183,#4184,#4185),(#4186,#4187,#4188,#4189,#4190),
(#4191,#4192,#4193,#4194,#4195),(#4196,#4197,#4198,#4199,#4200),(#4201,
#4202,#4203,#4204,#4205),(#4206,#4207,#4208,#4209,#4210),(#4211,#4212,#4213,
#4214,#4215),(#4216,#4217,#4218,#4219,#4220),(#4221,#4222,#4223,#4224,#4225),
(#4226,#4227,#4228,#4229,#4230),(#4231,#4232,#4233,#4234,#4235),(#4236,
#4237,#4238,#4239,#4240)),.UNSPECIFIED.,.F.,.F.,.F.,(4,2,2,2,2,2,2,2,4),
(4,1,4),(0.,0.125,0.25,0.375,0.5,0.625,0.75,0.875,1.),(0.,0.785398163397448,
1.5707963267949),.UNSPECIFIED.);
#169=B_SPLINE_SURFACE_WITH_KNOTS('',5,1,((#4260,#4261),(#4262,#4263),(#4264,
#4265),(#4266,#4267),(#4268,#4269),(#4270,#4271),(#4272,#4273),(#4274,#4275)),
 .SURF_OF_LINEAR_EXTRUSION.,.F.,.F.,.F.,(6,2,6),(2,2),(0.,0.5,1.),(0.,1.),
 .UNSPECIFIED.);
#170=B_SPLINE_SURFACE_WITH_KNOTS('',5,1,((#4283,#4284),(#4285,#4286),(#4287,
#4288),(#4289,#4290),(#4291,#4292),(#4293,#4294),(#4295,#4296),(#4297,#4298)),
 .SURF_OF_LINEAR_EXTRUSION.,.F.,.F.,.F.,(6,2,6),(2,2),(0.,0.5,1.),(0.,1.),
 .UNSPECIFIED.);
#171=B_SPLINE_SURFACE_WITH_KNOTS('',3,3,((#4306,#4307,#4308,#4309,#4310),
(#4311,#4312,#4313,#4314,#4315),(#4316,#4317,#4318,#4319,#4320),(#4321,
#4322,#4323,#4324,#4325),(#4326,#4327,#4328,#4329,#4330),(#4331,#4332,#4333,
#4334,#4335),(#4336,#4337,#4338,#4339,#4340),(#4341,#4342,#4343,#4344,#4345),
(#4346,#4347,#4348,#4349,#4350),(#4351,#4352,#4353,#4354,#4355),(#4356,
#4357,#4358,#4359,#4360),(#4361,#4362,#4363,#4364,#4365),(#4366,#4367,#4368,
#4369,#4370),(#4371,#4372,#4373,#4374,#4375),(#4376,#4377,#4378,#4379,#4380),
(#4381,#4382,#4383,#4384,#4385),(#4386,#4387,#4388,#4389,#4390),(#4391,
#4392,#4393,#4394,#4395)),.UNSPECIFIED.,.F.,.F.,.F.,(4,2,2,2,2,2,2,2,4),
(4,1,4),(0.,0.125,0.25,0.375,0.5,0.625,0.75,0.875,1.),(1.5707963267949,
2.35619449019235,3.1415926535898),.UNSPECIFIED.);
#172=B_SPLINE_SURFACE_WITH_KNOTS('',5,1,((#4396,#4397),(#4398,#4399),(#4400,
#4401),(#4402,#4403),(#4404,#4405),(#4406,#4407),(#4408,#4409),(#4410,#4411)),
 .SURF_OF_LINEAR_EXTRUSION.,.F.,.F.,.F.,(6,2,6),(2,2),(0.,0.5,1.),(0.,1.),
 .UNSPECIFIED.);
#173=B_SPLINE_SURFACE_WITH_KNOTS('',3,3,((#4426,#4427,#4428,#4429,#4430,
#4431,#4432,#4433,#4434,#4435,#4436,#4437,#4438,#4439,#4440,#4441,#4442,
#4443,#4444,#4445,#4446,#4447,#4448,#4449,#4450,#4451,#4452,#4453,#4454,
#4455,#4456,#4457,#4458,#4459,#4460,#4461,#4462,#4463,#4464,#4465,#4466,
#4467,#4468,#4469,#4470,#4471,#4472,#4473,#4474,#4475,#4476,#4477,#4478,
#4479,#4480,#4481,#4482,#4483,#4484,#4485,#4486,#4487),(#4488,#4489,#4490,
#4491,#4492,#4493,#4494,#4495,#4496,#4497,#4498,#4499,#4500,#4501,#4502,
#4503,#4504,#4505,#4506,#4507,#4508,#4509,#4510,#4511,#4512,#4513,#4514,
#4515,#4516,#4517,#4518,#4519,#4520,#4521,#4522,#4523,#4524,#4525,#4526,
#4527,#4528,#4529,#4530,#4531,#4532,#4533,#4534,#4535,#4536,#4537,#4538,
#4539,#4540,#4541,#4542,#4543,#4544,#4545,#4546,#4547,#4548,#4549),(#4550,
#4551,#4552,#4553,#4554,#4555,#4556,#4557,#4558,#4559,#4560,#4561,#4562,
#4563,#4564,#4565,#4566,#4567,#4568,#4569,#4570,#4571,#4572,#4573,#4574,
#4575,#4576,#4577,#4578,#4579,#4580,#4581,#4582,#4583,#4584,#4585,#4586,
#4587,#4588,#4589,#4590,#4591,#4592,#4593,#4594,#4595,#4596,#4597,#4598,
#4599,#4600,#4601,#4602,#4603,#4604,#4605,#4606,#4607,#4608,#4609,#4610,
#4611),(#4612,#4613,#4614,#4615,#4616,#4617,#4618,#4619,#4620,#4621,#4622,
#4623,#4624,#4625,#4626,#4627,#4628,#4629,#4630,#4631,#4632,#4633,#4634,
#4635,#4636,#4637,#4638,#4639,#4640,#4641,#4642,#4643,#4644,#4645,#4646,
#4647,#4648,#4649,#4650,#4651,#4652,#4653,#4654,#4655,#4656,#4657,#4658,
#4659,#4660,#4661,#4662,#4663,#4664,#4665,#4666,#4667,#4668,#4669,#4670,
#4671,#4672,#4673),(#4674,#4675,#4676,#4677,#4678,#4679,#4680,#4681,#4682,
#4683,#4684,#4685,#4686,#4687,#4688,#4689,#4690,#4691,#4692,#4693,#4694,
#4695,#4696,#4697,#4698,#4699,#4700,#4701,#4702,#4703,#4704,#4705,#4706,
#4707,#4708,#4709,#4710,#4711,#4712,#4713,#4714,#4715,#4716,#4717,#4718,
#4719,#4720,#4721,#4722,#4723,#4724,#4725,#4726,#4727,#4728,#4729,#4730,
#4731,#4732,#4733,#4734,#4735),(#4736,#4737,#4738,#4739,#4740,#4741,#4742,
#4743,#4744,#4745,#4746,#4747,#4748,#4749,#4750,#4751,#4752,#4753,#4754,
#4755,#4756,#4757,#4758,#4759,#4760,#4761,#4762,#4763,#4764,#4765,#4766,
#4767,#4768,#4769,#4770,#4771,#4772,#4773,#4774,#4775,#4776,#4777,#4778,
#4779,#4780,#4781,#4782,#4783,#4784,#4785,#4786,#4787,#4788,#4789,#4790,
#4791,#4792,#4793,#4794,#4795,#4796,#4797),(#4798,#4799,#4800,#4801,#4802,
#4803,#4804,#4805,#4806,#4807,#4808,#4809,#4810,#4811,#4812,#4813,#4814,
#4815,#4816,#4817,#4818,#4819,#4820,#4821,#4822,#4823,#4824,#4825,#4826,
#4827,#4828,#4829,#4830,#4831,#4832,#4833,#4834,#4835,#4836,#4837,#4838,
#4839,#4840,#4841,#4842,#4843,#4844,#4845,#4846,#4847,#4848,#4849,#4850,
#4851,#4852,#4853,#4854,#4855,#4856,#4857,#4858,#4859),(#4860,#4861,#4862,
#4863,#4864,#4865,#4866,#4867,#4868,#4869,#4870,#4871,#4872,#4873,#4874,
#4875,#4876,#4877,#4878,#4879,#4880,#4881,#4882,#4883,#4884,#4885,#4886,
#4887,#4888,#4889,#4890,#4891,#4892,#4893,#4894,#4895,#4896,#4897,#4898,
#4899,#4900,#4901,#4902,#4903,#4904,#4905,#4906,#4907,#4908,#4909,#4910,
#4911,#4912,#4913,#4914,#4915,#4916,#4917,#4918,#4919,#4920,#4921),(#4922,
#4923,#4924,#4925,#4926,#4927,#4928,#4929,#4930,#4931,#4932,#4933,#4934,
#4935,#4936,#4937,#4938,#4939,#4940,#4941,#4942,#4943,#4944,#4945,#4946,
#4947,#4948,#4949,#4950,#4951,#4952,#4953,#4954,#4955,#4956,#4957,#4958,
#4959,#4960,#4961,#4962,#4963,#4964,#4965,#4966,#4967,#4968,#4969,#4970,
#4971,#4972,#4973,#4974,#4975,#4976,#4977,#4978,#4979,#4980,#4981,#4982,
#4983),(#4984,#4985,#4986,#4987,#4988,#4989,#4990,#4991,#4992,#4993,#4994,
#4995,#4996,#4997,#4998,#4999,#5000,#5001,#5002,#5003,#5004,#5005,#5006,
#5007,#5008,#5009,#5010,#5011,#5012,#5013,#5014,#5015,#5016,#5017,#5018,
#5019,#5020,#5021,#5022,#5023,#5024,#5025,#5026,#5027,#5028,#5029,#5030,
#5031,#5032,#5033,#5034,#5035,#5036,#5037,#5038,#5039,#5040,#5041,#5042,
#5043,#5044,#5045),(#5046,#5047,#5048,#5049,#5050,#5051,#5052,#5053,#5054,
#5055,#5056,#5057,#5058,#5059,#5060,#5061,#5062,#5063,#5064,#5065,#5066,
#5067,#5068,#5069,#5070,#5071,#5072,#5073,#5074,#5075,#5076,#5077,#5078,
#5079,#5080,#5081,#5082,#5083,#5084,#5085,#5086,#5087,#5088,#5089,#5090,
#5091,#5092,#5093,#5094,#5095,#5096,#5097,#5098,#5099,#5100,#5101,#5102,
#5103,#5104,#5105,#5106,#5107),(#5108,#5109,#5110,#5111,#5112,#5113,#5114,
#5115,#5116,#5117,#5118,#5119,#5120,#5121,#5122,#5123,#5124,#5125,#5126,
#5127,#5128,#5129,#5130,#5131,#5132,#5133,#5134,#5135,#5136,#5137,#5138,
#5139,#5140,#5141,#5142,#5143,#5144,#5145,#5146,#5147,#5148,#5149,#5150,
#5151,#5152,#5153,#5154,#5155,#5156,#5157,#5158,#5159,#5160,#5161,#5162,
#5163,#5164,#5165,#5166,#5167,#5168,#5169),(#5170,#5171,#5172,#5173,#5174,
#5175,#5176,#5177,#5178,#5179,#5180,#5181,#5182,#5183,#5184,#5185,#5186,
#5187,#5188,#5189,#5190,#5191,#5192,#5193,#5194,#5195,#5196,#5197,#5198,
#5199,#5200,#5201,#5202,#5203,#5204,#5205,#5206,#5207,#5208,#5209,#5210,
#5211,#5212,#5213,#5214,#5215,#5216,#5217,#5218,#5219,#5220,#5221,#5222,
#5223,#5224,#5225,#5226,#5227,#5228,#5229,#5230,#5231),(#5232,#5233,#5234,
#5235,#5236,#5237,#5238,#5239,#5240,#5241,#5242,#5243,#5244,#5245,#5246,
#5247,#5248,#5249,#5250,#5251,#5252,#5253,#5254,#5255,#5256,#5257,#5258,
#5259,#5260,#5261,#5262,#5263,#5264,#5265,#5266,#5267,#5268,#5269,#5270,
#5271,#5272,#5273,#5274,#5275,#5276,#5277,#5278,#5279,#5280,#5281,#5282,
#5283,#5284,#5285,#5286,#5287,#5288,#5289,#5290,#5291,#5292,#5293),(#5294,
#5295,#5296,#5297,#5298,#5299,#5300,#5301,#5302,#5303,#5304,#5305,#5306,
#5307,#5308,#5309,#5310,#5311,#5312,#5313,#5314,#5315,#5316,#5317,#5318,
#5319,#5320,#5321,#5322,#5323,#5324,#5325,#5326,#5327,#5328,#5329,#5330,
#5331,#5332,#5333,#5334,#5335,#5336,#5337,#5338,#5339,#5340,#5341,#5342,
#5343,#5344,#5345,#5346,#5347,#5348,#5349,#5350,#5351,#5352,#5353,#5354,
#5355),(#5356,#5357,#5358,#5359,#5360,#5361,#5362,#5363,#5364,#5365,#5366,
#5367,#5368,#5369,#5370,#5371,#5372,#5373,#5374,#5375,#5376,#5377,#5378,
#5379,#5380,#5381,#5382,#5383,#5384,#5385,#5386,#5387,#5388,#5389,#5390,
#5391,#5392,#5393,#5394,#5395,#5396,#5397,#5398,#5399,#5400,#5401,#5402,
#5403,#5404,#5405,#5406,#5407,#5408,#5409,#5410,#5411,#5412,#5413,#5414,
#5415,#5416,#5417),(#5418,#5419,#5420,#5421,#5422,#5423,#5424,#5425,#5426,
#5427,#5428,#5429,#5430,#5431,#5432,#5433,#5434,#5435,#5436,#5437,#5438,
#5439,#5440,#5441,#5442,#5443,#5444,#5445,#5446,#5447,#5448,#5449,#5450,
#5451,#5452,#5453,#5454,#5455,#5456,#5457,#5458,#5459,#5460,#5461,#5462,
#5463,#5464,#5465,#5466,#5467,#5468,#5469,#5470,#5471,#5472,#5473,#5474,
#5475,#5476,#5477,#5478,#5479),(#5480,#5481,#5482,#5483,#5484,#5485,#5486,
#5487,#5488,#5489,#5490,#5491,#5492,#5493,#5494,#5495,#5496,#5497,#5498,
#5499,#5500,#5501,#5502,#5503,#5504,#5505,#5506,#5507,#5508,#5509,#5510,
#5511,#5512,#5513,#5514,#5515,#5516,#5517,#5518,#5519,#5520,#5521,#5522,
#5523,#5524,#5525,#5526,#5527,#5528,#5529,#5530,#5531,#5532,#5533,#5534,
#5535,#5536,#5537,#5538,#5539,#5540,#5541),(#5542,#5543,#5544,#5545,#5546,
#5547,#5548,#5549,#5550,#5551,#5552,#5553,#5554,#5555,#5556,#5557,#5558,
#5559,#5560,#5561,#5562,#5563,#5564,#5565,#5566,#5567,#5568,#5569,#5570,
#5571,#5572,#5573,#5574,#5575,#5576,#5577,#5578,#5579,#5580,#5581,#5582,
#5583,#5584,#5585,#5586,#5587,#5588,#5589,#5590,#5591,#5592,#5593,#5594,
#5595,#5596,#5597,#5598,#5599,#5600,#5601,#5602,#5603),(#5604,#5605,#5606,
#5607,#5608,#5609,#5610,#5611,#5612,#5613,#5614,#5615,#5616,#5617,#5618,
#5619,#5620,#5621,#5622,#5623,#5624,#5625,#5626,#5627,#5628,#5629,#5630,
#5631,#5632,#5633,#5634,#5635,#5636,#5637,#5638,#5639,#5640,#5641,#5642,
#5643,#5644,#5645,#5646,#5647,#5648,#5649,#5650,#5651,#5652,#5653,#5654,
#5655,#5656,#5657,#5658,#5659,#5660,#5661,#5662,#5663,#5664,#5665),(#5666,
#5667,#5668,#5669,#5670,#5671,#5672,#5673,#5674,#5675,#5676,#5677,#5678,
#5679,#5680,#5681,#5682,#5683,#5684,#5685,#5686,#5687,#5688,#5689,#5690,
#5691,#5692,#5693,#5694,#5695,#5696,#5697,#5698,#5699,#5700,#5701,#5702,
#5703,#5704,#5705,#5706,#5707,#5708,#5709,#5710,#5711,#5712,#5713,#5714,
#5715,#5716,#5717,#5718,#5719,#5720,#5721,#5722,#5723,#5724,#5725,#5726,
#5727),(#5728,#5729,#5730,#5731,#5732,#5733,#5734,#5735,#5736,#5737,#5738,
#5739,#5740,#5741,#5742,#5743,#5744,#5745,#5746,#5747,#5748,#5749,#5750,
#5751,#5752,#5753,#5754,#5755,#5756,#5757,#5758,#5759,#5760,#5761,#5762,
#5763,#5764,#5765,#5766,#5767,#5768,#5769,#5770,#5771,#5772,#5773,#5774,
#5775,#5776,#5777,#5778,#5779,#5780,#5781,#5782,#5783,#5784,#5785,#5786,
#5787,#5788,#5789),(#5790,#5791,#5792,#5793,#5794,#5795,#5796,#5797,#5798,
#5799,#5800,#5801,#5802,#5803,#5804,#5805,#5806,#5807,#5808,#5809,#5810,
#5811,#5812,#5813,#5814,#5815,#5816,#5817,#5818,#5819,#5820,#5821,#5822,
#5823,#5824,#5825,#5826,#5827,#5828,#5829,#5830,#5831,#5832,#5833,#5834,
#5835,#5836,#5837,#5838,#5839,#5840,#5841,#5842,#5843,#5844,#5845,#5846,
#5847,#5848,#5849,#5850,#5851),(#5852,#5853,#5854,#5855,#5856,#5857,#5858,
#5859,#5860,#5861,#5862,#5863,#5864,#5865,#5866,#5867,#5868,#5869,#5870,
#5871,#5872,#5873,#5874,#5875,#5876,#5877,#5878,#5879,#5880,#5881,#5882,
#5883,#5884,#5885,#5886,#5887,#5888,#5889,#5890,#5891,#5892,#5893,#5894,
#5895,#5896,#5897,#5898,#5899,#5900,#5901,#5902,#5903,#5904,#5905,#5906,
#5907,#5908,#5909,#5910,#5911,#5912,#5913),(#5914,#5915,#5916,#5917,#5918,
#5919,#5920,#5921,#5922,#5923,#5924,#5925,#5926,#5927,#5928,#5929,#5930,
#5931,#5932,#5933,#5934,#5935,#5936,#5937,#5938,#5939,#5940,#5941,#5942,
#5943,#5944,#5945,#5946,#5947,#5948,#5949,#5950,#5951,#5952,#5953,#5954,
#5955,#5956,#5957,#5958,#5959,#5960,#5961,#5962,#5963,#5964,#5965,#5966,
#5967,#5968,#5969,#5970,#5971,#5972,#5973,#5974,#5975),(#5976,#5977,#5978,
#5979,#5980,#5981,#5982,#5983,#5984,#5985,#5986,#5987,#5988,#5989,#5990,
#5991,#5992,#5993,#5994,#5995,#5996,#5997,#5998,#5999,#6000,#6001,#6002,
#6003,#6004,#6005,#6006,#6007,#6008,#6009,#6010,#6011,#6012,#6013,#6014,
#6015,#6016,#6017,#6018,#6019,#6020,#6021,#6022,#6023,#6024,#6025,#6026,
#6027,#6028,#6029,#6030,#6031,#6032,#6033,#6034,#6035,#6036,#6037)),
 .UNSPECIFIED.,.F.,.F.,.F.,(4,2,2,2,2,2,2,2,2,2,2,2,4),(4,2,2,2,1,2,2,1,
1,1,2,2,2,2,1,2,2,2,2,1,1,1,1,1,2,2,2,1,1,1,2,2,1,1,1,2,2,2,4),(0.,0.0625,
0.125,0.1875,0.25,0.375,0.4375,0.5,0.625,0.75,0.875,0.9375,1.),(0.0378332884557887,
0.0381255281132856,0.0384177677707826,0.038563887599531,0.0386369475139053,
0.0386734774710924,0.0387100074282795,0.0387465373854666,0.0387830673426537,
0.0388195972998408,0.038856127257028,0.0389291871714022,0.0390022470857764,
0.0392944867432734,0.0394406065720218,0.0395867264007703,0.0396597863151445,
0.0397328462295188,0.0398789660582672,0.0400250858870157,0.0401712057157642,
0.0403173255445126,0.0404634453732611,0.0406095652020096,0.040755685030758,
0.0409018048595065,0.041047924688255,0.0411940445170034,0.0413401643457519,
0.0414862841745004,0.0415958740460617,0.0416324040032488,0.0417054639176231,
0.0417785238319973,0.0418515837463715,0.0419246436607458,0.0420707634894942,
0.0422168833182427,0.0425091229757397),.UNSPECIFIED.);
#174=B_SPLINE_SURFACE_WITH_KNOTS('',3,3,((#6045,#6046,#6047,#6048,#6049,
#6050,#6051,#6052,#6053,#6054,#6055,#6056,#6057,#6058,#6059,#6060,#6061,
#6062,#6063,#6064,#6065,#6066,#6067,#6068,#6069,#6070,#6071,#6072,#6073,
#6074,#6075,#6076,#6077,#6078,#6079,#6080,#6081,#6082,#6083,#6084),(#6085,
#6086,#6087,#6088,#6089,#6090,#6091,#6092,#6093,#6094,#6095,#6096,#6097,
#6098,#6099,#6100,#6101,#6102,#6103,#6104,#6105,#6106,#6107,#6108,#6109,
#6110,#6111,#6112,#6113,#6114,#6115,#6116,#6117,#6118,#6119,#6120,#6121,
#6122,#6123,#6124),(#6125,#6126,#6127,#6128,#6129,#6130,#6131,#6132,#6133,
#6134,#6135,#6136,#6137,#6138,#6139,#6140,#6141,#6142,#6143,#6144,#6145,
#6146,#6147,#6148,#6149,#6150,#6151,#6152,#6153,#6154,#6155,#6156,#6157,
#6158,#6159,#6160,#6161,#6162,#6163,#6164),(#6165,#6166,#6167,#6168,#6169,
#6170,#6171,#6172,#6173,#6174,#6175,#6176,#6177,#6178,#6179,#6180,#6181,
#6182,#6183,#6184,#6185,#6186,#6187,#6188,#6189,#6190,#6191,#6192,#6193,
#6194,#6195,#6196,#6197,#6198,#6199,#6200,#6201,#6202,#6203,#6204),(#6205,
#6206,#6207,#6208,#6209,#6210,#6211,#6212,#6213,#6214,#6215,#6216,#6217,
#6218,#6219,#6220,#6221,#6222,#6223,#6224,#6225,#6226,#6227,#6228,#6229,
#6230,#6231,#6232,#6233,#6234,#6235,#6236,#6237,#6238,#6239,#6240,#6241,
#6242,#6243,#6244),(#6245,#6246,#6247,#6248,#6249,#6250,#6251,#6252,#6253,
#6254,#6255,#6256,#6257,#6258,#6259,#6260,#6261,#6262,#6263,#6264,#6265,
#6266,#6267,#6268,#6269,#6270,#6271,#6272,#6273,#6274,#6275,#6276,#6277,
#6278,#6279,#6280,#6281,#6282,#6283,#6284),(#6285,#6286,#6287,#6288,#6289,
#6290,#6291,#6292,#6293,#6294,#6295,#6296,#6297,#6298,#6299,#6300,#6301,
#6302,#6303,#6304,#6305,#6306,#6307,#6308,#6309,#6310,#6311,#6312,#6313,
#6314,#6315,#6316,#6317,#6318,#6319,#6320,#6321,#6322,#6323,#6324),(#6325,
#6326,#6327,#6328,#6329,#6330,#6331,#6332,#6333,#6334,#6335,#6336,#6337,
#6338,#6339,#6340,#6341,#6342,#6343,#6344,#6345,#6346,#6347,#6348,#6349,
#6350,#6351,#6352,#6353,#6354,#6355,#6356,#6357,#6358,#6359,#6360,#6361,
#6362,#6363,#6364),(#6365,#6366,#6367,#6368,#6369,#6370,#6371,#6372,#6373,
#6374,#6375,#6376,#6377,#6378,#6379,#6380,#6381,#6382,#6383,#6384,#6385,
#6386,#6387,#6388,#6389,#6390,#6391,#6392,#6393,#6394,#6395,#6396,#6397,
#6398,#6399,#6400,#6401,#6402,#6403,#6404),(#6405,#6406,#6407,#6408,#6409,
#6410,#6411,#6412,#6413,#6414,#6415,#6416,#6417,#6418,#6419,#6420,#6421,
#6422,#6423,#6424,#6425,#6426,#6427,#6428,#6429,#6430,#6431,#6432,#6433,
#6434,#6435,#6436,#6437,#6438,#6439,#6440,#6441,#6442,#6443,#6444),(#6445,
#6446,#6447,#6448,#6449,#6450,#6451,#6452,#6453,#6454,#6455,#6456,#6457,
#6458,#6459,#6460,#6461,#6462,#6463,#6464,#6465,#6466,#6467,#6468,#6469,
#6470,#6471,#6472,#6473,#6474,#6475,#6476,#6477,#6478,#6479,#6480,#6481,
#6482,#6483,#6484),(#6485,#6486,#6487,#6488,#6489,#6490,#6491,#6492,#6493,
#6494,#6495,#6496,#6497,#6498,#6499,#6500,#6501,#6502,#6503,#6504,#6505,
#6506,#6507,#6508,#6509,#6510,#6511,#6512,#6513,#6514,#6515,#6516,#6517,
#6518,#6519,#6520,#6521,#6522,#6523,#6524),(#6525,#6526,#6527,#6528,#6529,
#6530,#6531,#6532,#6533,#6534,#6535,#6536,#6537,#6538,#6539,#6540,#6541,
#6542,#6543,#6544,#6545,#6546,#6547,#6548,#6549,#6550,#6551,#6552,#6553,
#6554,#6555,#6556,#6557,#6558,#6559,#6560,#6561,#6562,#6563,#6564),(#6565,
#6566,#6567,#6568,#6569,#6570,#6571,#6572,#6573,#6574,#6575,#6576,#6577,
#6578,#6579,#6580,#6581,#6582,#6583,#6584,#6585,#6586,#6587,#6588,#6589,
#6590,#6591,#6592,#6593,#6594,#6595,#6596,#6597,#6598,#6599,#6600,#6601,
#6602,#6603,#6604),(#6605,#6606,#6607,#6608,#6609,#6610,#6611,#6612,#6613,
#6614,#6615,#6616,#6617,#6618,#6619,#6620,#6621,#6622,#6623,#6624,#6625,
#6626,#6627,#6628,#6629,#6630,#6631,#6632,#6633,#6634,#6635,#6636,#6637,
#6638,#6639,#6640,#6641,#6642,#6643,#6644),(#6645,#6646,#6647,#6648,#6649,
#6650,#6651,#6652,#6653,#6654,#6655,#6656,#6657,#6658,#6659,#6660,#6661,
#6662,#6663,#6664,#6665,#6666,#6667,#6668,#6669,#6670,#6671,#6672,#6673,
#6674,#6675,#6676,#6677,#6678,#6679,#6680,#6681,#6682,#6683,#6684),(#6685,
#6686,#6687,#6688,#6689,#6690,#6691,#6692,#6693,#6694,#6695,#6696,#6697,
#6698,#6699,#6700,#6701,#6702,#6703,#6704,#6705,#6706,#6707,#6708,#6709,
#6710,#6711,#6712,#6713,#6714,#6715,#6716,#6717,#6718,#6719,#6720,#6721,
#6722,#6723,#6724),(#6725,#6726,#6727,#6728,#6729,#6730,#6731,#6732,#6733,
#6734,#6735,#6736,#6737,#6738,#6739,#6740,#6741,#6742,#6743,#6744,#6745,
#6746,#6747,#6748,#6749,#6750,#6751,#6752,#6753,#6754,#6755,#6756,#6757,
#6758,#6759,#6760,#6761,#6762,#6763,#6764),(#6765,#6766,#6767,#6768,#6769,
#6770,#6771,#6772,#6773,#6774,#6775,#6776,#6777,#6778,#6779,#6780,#6781,
#6782,#6783,#6784,#6785,#6786,#6787,#6788,#6789,#6790,#6791,#6792,#6793,
#6794,#6795,#6796,#6797,#6798,#6799,#6800,#6801,#6802,#6803,#6804),(#6805,
#6806,#6807,#6808,#6809,#6810,#6811,#6812,#6813,#6814,#6815,#6816,#6817,
#6818,#6819,#6820,#6821,#6822,#6823,#6824,#6825,#6826,#6827,#6828,#6829,
#6830,#6831,#6832,#6833,#6834,#6835,#6836,#6837,#6838,#6839,#6840,#6841,
#6842,#6843,#6844),(#6845,#6846,#6847,#6848,#6849,#6850,#6851,#6852,#6853,
#6854,#6855,#6856,#6857,#6858,#6859,#6860,#6861,#6862,#6863,#6864,#6865,
#6866,#6867,#6868,#6869,#6870,#6871,#6872,#6873,#6874,#6875,#6876,#6877,
#6878,#6879,#6880,#6881,#6882,#6883,#6884),(#6885,#6886,#6887,#6888,#6889,
#6890,#6891,#6892,#6893,#6894,#6895,#6896,#6897,#6898,#6899,#6900,#6901,
#6902,#6903,#6904,#6905,#6906,#6907,#6908,#6909,#6910,#6911,#6912,#6913,
#6914,#6915,#6916,#6917,#6918,#6919,#6920,#6921,#6922,#6923,#6924)),
 .UNSPECIFIED.,.F.,.F.,.F.,(4,2,2,2,2,2,2,2,2,2,4),(4,1,1,1,1,1,2,2,2,2,
1,2,2,1,2,2,1,2,2,1,1,1,2,2,1,4),(0.,0.0625,0.125,0.25,0.375,0.5,0.625,
0.75,0.875,0.9375,1.),(0.0376860309862452,0.037985731855202,0.0382854327241587,
0.0385851335931154,0.0388848344620721,0.0391845353310288,0.0394842361999855,
0.0397839370689423,0.0398588622861814,0.0399337875034206,0.0400087127206598,
0.040083637937899,0.0401211005465186,0.0402334883723773,0.0403833388068557,
0.0404582640240949,0.0406830396758124,0.0409827405447691,0.0412824414137258,
0.0414322918482042,0.0415821422826825,0.0417319927171609,0.0418818431516393,
0.0419567683688784,0.042181544020596,0.0424812448895527),.UNSPECIFIED.);
#175=B_SPLINE_SURFACE_WITH_KNOTS('',5,1,((#6932,#6933),(#6934,#6935),(#6936,
#6937),(#6938,#6939),(#6940,#6941),(#6942,#6943),(#6944,#6945),(#6946,#6947)),
 .SURF_OF_LINEAR_EXTRUSION.,.F.,.F.,.F.,(6,2,6),(2,2),(0.,0.5,1.),(0.,1.),
 .UNSPECIFIED.);
#176=B_SPLINE_SURFACE_WITH_KNOTS('',5,1,((#6955,#6956),(#6957,#6958),(#6959,
#6960),(#6961,#6962),(#6963,#6964),(#6965,#6966),(#6967,#6968),(#6969,#6970),
(#6971,#6972),(#6973,#6974),(#6975,#6976),(#6977,#6978),(#6979,#6980)),
 .SURF_OF_LINEAR_EXTRUSION.,.F.,.F.,.F.,(6,5,2,6),(2,2),(-0.00616337339932245,
0.,0.5,1.),(0.,1.),.UNSPECIFIED.);
#177=B_SPLINE_SURFACE_WITH_KNOTS('',3,3,((#6988,#6989,#6990,#6991,#6992,
#6993,#6994,#6995,#6996,#6997,#6998,#6999,#7000,#7001,#7002,#7003,#7004,
#7005,#7006,#7007,#7008,#7009,#7010,#7011,#7012,#7013,#7014,#7015,#7016,
#7017,#7018,#7019,#7020,#7021,#7022,#7023,#7024,#7025,#7026,#7027,#7028,
#7029,#7030,#7031,#7032,#7033,#7034,#7035,#7036,#7037,#7038,#7039,#7040,
#7041,#7042,#7043,#7044,#7045,#7046,#7047,#7048,#7049,#7050,#7051,#7052,
#7053,#7054,#7055,#7056,#7057,#7058,#7059,#7060,#7061,#7062),(#7063,#7064,
#7065,#7066,#7067,#7068,#7069,#7070,#7071,#7072,#7073,#7074,#7075,#7076,
#7077,#7078,#7079,#7080,#7081,#7082,#7083,#7084,#7085,#7086,#7087,#7088,
#7089,#7090,#7091,#7092,#7093,#7094,#7095,#7096,#7097,#7098,#7099,#7100,
#7101,#7102,#7103,#7104,#7105,#7106,#7107,#7108,#7109,#7110,#7111,#7112,
#7113,#7114,#7115,#7116,#7117,#7118,#7119,#7120,#7121,#7122,#7123,#7124,
#7125,#7126,#7127,#7128,#7129,#7130,#7131,#7132,#7133,#7134,#7135,#7136,
#7137),(#7138,#7139,#7140,#7141,#7142,#7143,#7144,#7145,#7146,#7147,#7148,
#7149,#7150,#7151,#7152,#7153,#7154,#7155,#7156,#7157,#7158,#7159,#7160,
#7161,#7162,#7163,#7164,#7165,#7166,#7167,#7168,#7169,#7170,#7171,#7172,
#7173,#7174,#7175,#7176,#7177,#7178,#7179,#7180,#7181,#7182,#7183,#7184,
#7185,#7186,#7187,#7188,#7189,#7190,#7191,#7192,#7193,#7194,#7195,#7196,
#7197,#7198,#7199,#7200,#7201,#7202,#7203,#7204,#7205,#7206,#7207,#7208,
#7209,#7210,#7211,#7212),(#7213,#7214,#7215,#7216,#7217,#7218,#7219,#7220,
#7221,#7222,#7223,#7224,#7225,#7226,#7227,#7228,#7229,#7230,#7231,#7232,
#7233,#7234,#7235,#7236,#7237,#7238,#7239,#7240,#7241,#7242,#7243,#7244,
#7245,#7246,#7247,#7248,#7249,#7250,#7251,#7252,#7253,#7254,#7255,#7256,
#7257,#7258,#7259,#7260,#7261,#7262,#7263,#7264,#7265,#7266,#7267,#7268,
#7269,#7270,#7271,#7272,#7273,#7274,#7275,#7276,#7277,#7278,#7279,#7280,
#7281,#7282,#7283,#7284,#7285,#7286,#7287),(#7288,#7289,#7290,#7291,#7292,
#7293,#7294,#7295,#7296,#7297,#7298,#7299,#7300,#7301,#7302,#7303,#7304,
#7305,#7306,#7307,#7308,#7309,#7310,#7311,#7312,#7313,#7314,#7315,#7316,
#7317,#7318,#7319,#7320,#7321,#7322,#7323,#7324,#7325,#7326,#7327,#7328,
#7329,#7330,#7331,#7332,#7333,#7334,#7335,#7336,#7337,#7338,#7339,#7340,
#7341,#7342,#7343,#7344,#7345,#7346,#7347,#7348,#7349,#7350,#7351,#7352,
#7353,#7354,#7355,#7356,#7357,#7358,#7359,#7360,#7361,#7362),(#7363,#7364,
#7365,#7366,#7367,#7368,#7369,#7370,#7371,#7372,#7373,#7374,#7375,#7376,
#7377,#7378,#7379,#7380,#7381,#7382,#7383,#7384,#7385,#7386,#7387,#7388,
#7389,#7390,#7391,#7392,#7393,#7394,#7395,#7396,#7397,#7398,#7399,#7400,
#7401,#7402,#7403,#7404,#7405,#7406,#7407,#7408,#7409,#7410,#7411,#7412,
#7413,#7414,#7415,#7416,#7417,#7418,#7419,#7420,#7421,#7422,#7423,#7424,
#7425,#7426,#7427,#7428,#7429,#7430,#7431,#7432,#7433,#7434,#7435,#7436,
#7437),(#7438,#7439,#7440,#7441,#7442,#7443,#7444,#7445,#7446,#7447,#7448,
#7449,#7450,#7451,#7452,#7453,#7454,#7455,#7456,#7457,#7458,#7459,#7460,
#7461,#7462,#7463,#7464,#7465,#7466,#7467,#7468,#7469,#7470,#7471,#7472,
#7473,#7474,#7475,#7476,#7477,#7478,#7479,#7480,#7481,#7482,#7483,#7484,
#7485,#7486,#7487,#7488,#7489,#7490,#7491,#7492,#7493,#7494,#7495,#7496,
#7497,#7498,#7499,#7500,#7501,#7502,#7503,#7504,#7505,#7506,#7507,#7508,
#7509,#7510,#7511,#7512),(#7513,#7514,#7515,#7516,#7517,#7518,#7519,#7520,
#7521,#7522,#7523,#7524,#7525,#7526,#7527,#7528,#7529,#7530,#7531,#7532,
#7533,#7534,#7535,#7536,#7537,#7538,#7539,#7540,#7541,#7542,#7543,#7544,
#7545,#7546,#7547,#7548,#7549,#7550,#7551,#7552,#7553,#7554,#7555,#7556,
#7557,#7558,#7559,#7560,#7561,#7562,#7563,#7564,#7565,#7566,#7567,#7568,
#7569,#7570,#7571,#7572,#7573,#7574,#7575,#7576,#7577,#7578,#7579,#7580,
#7581,#7582,#7583,#7584,#7585,#7586,#7587),(#7588,#7589,#7590,#7591,#7592,
#7593,#7594,#7595,#7596,#7597,#7598,#7599,#7600,#7601,#7602,#7603,#7604,
#7605,#7606,#7607,#7608,#7609,#7610,#7611,#7612,#7613,#7614,#7615,#7616,
#7617,#7618,#7619,#7620,#7621,#7622,#7623,#7624,#7625,#7626,#7627,#7628,
#7629,#7630,#7631,#7632,#7633,#7634,#7635,#7636,#7637,#7638,#7639,#7640,
#7641,#7642,#7643,#7644,#7645,#7646,#7647,#7648,#7649,#7650,#7651,#7652,
#7653,#7654,#7655,#7656,#7657,#7658,#7659,#7660,#7661,#7662),(#7663,#7664,
#7665,#7666,#7667,#7668,#7669,#7670,#7671,#7672,#7673,#7674,#7675,#7676,
#7677,#7678,#7679,#7680,#7681,#7682,#7683,#7684,#7685,#7686,#7687,#7688,
#7689,#7690,#7691,#7692,#7693,#7694,#7695,#7696,#7697,#7698,#7699,#7700,
#7701,#7702,#7703,#7704,#7705,#7706,#7707,#7708,#7709,#7710,#7711,#7712,
#7713,#7714,#7715,#7716,#7717,#7718,#7719,#7720,#7721,#7722,#7723,#7724,
#7725,#7726,#7727,#7728,#7729,#7730,#7731,#7732,#7733,#7734,#7735,#7736,
#7737),(#7738,#7739,#7740,#7741,#7742,#7743,#7744,#7745,#7746,#7747,#7748,
#7749,#7750,#7751,#7752,#7753,#7754,#7755,#7756,#7757,#7758,#7759,#7760,
#7761,#7762,#7763,#7764,#7765,#7766,#7767,#7768,#7769,#7770,#7771,#7772,
#7773,#7774,#7775,#7776,#7777,#7778,#7779,#7780,#7781,#7782,#7783,#7784,
#7785,#7786,#7787,#7788,#7789,#7790,#7791,#7792,#7793,#7794,#7795,#7796,
#7797,#7798,#7799,#7800,#7801,#7802,#7803,#7804,#7805,#7806,#7807,#7808,
#7809,#7810,#7811,#7812),(#7813,#7814,#7815,#7816,#7817,#7818,#7819,#7820,
#7821,#7822,#7823,#7824,#7825,#7826,#7827,#7828,#7829,#7830,#7831,#7832,
#7833,#7834,#7835,#7836,#7837,#7838,#7839,#7840,#7841,#7842,#7843,#7844,
#7845,#7846,#7847,#7848,#7849,#7850,#7851,#7852,#7853,#7854,#7855,#7856,
#7857,#7858,#7859,#7860,#7861,#7862,#7863,#7864,#7865,#7866,#7867,#7868,
#7869,#7870,#7871,#7872,#7873,#7874,#7875,#7876,#7877,#7878,#7879,#7880,
#7881,#7882,#7883,#7884,#7885,#7886,#7887),(#7888,#7889,#7890,#7891,#7892,
#7893,#7894,#7895,#7896,#7897,#7898,#7899,#7900,#7901,#7902,#7903,#7904,
#7905,#7906,#7907,#7908,#7909,#7910,#7911,#7912,#7913,#7914,#7915,#7916,
#7917,#7918,#7919,#7920,#7921,#7922,#7923,#7924,#7925,#7926,#7927,#7928,
#7929,#7930,#7931,#7932,#7933,#7934,#7935,#7936,#7937,#7938,#7939,#7940,
#7941,#7942,#7943,#7944,#7945,#7946,#7947,#7948,#7949,#7950,#7951,#7952,
#7953,#7954,#7955,#7956,#7957,#7958,#7959,#7960,#7961,#7962),(#7963,#7964,
#7965,#7966,#7967,#7968,#7969,#7970,#7971,#7972,#7973,#7974,#7975,#7976,
#7977,#7978,#7979,#7980,#7981,#7982,#7983,#7984,#7985,#7986,#7987,#7988,
#7989,#7990,#7991,#7992,#7993,#7994,#7995,#7996,#7997,#7998,#7999,#8000,
#8001,#8002,#8003,#8004,#8005,#8006,#8007,#8008,#8009,#8010,#8011,#8012,
#8013,#8014,#8015,#8016,#8017,#8018,#8019,#8020,#8021,#8022,#8023,#8024,
#8025,#8026,#8027,#8028,#8029,#8030,#8031,#8032,#8033,#8034,#8035,#8036,
#8037),(#8038,#8039,#8040,#8041,#8042,#8043,#8044,#8045,#8046,#8047,#8048,
#8049,#8050,#8051,#8052,#8053,#8054,#8055,#8056,#8057,#8058,#8059,#8060,
#8061,#8062,#8063,#8064,#8065,#8066,#8067,#8068,#8069,#8070,#8071,#8072,
#8073,#8074,#8075,#8076,#8077,#8078,#8079,#8080,#8081,#8082,#8083,#8084,
#8085,#8086,#8087,#8088,#8089,#8090,#8091,#8092,#8093,#8094,#8095,#8096,
#8097,#8098,#8099,#8100,#8101,#8102,#8103,#8104,#8105,#8106,#8107,#8108,
#8109,#8110,#8111,#8112),(#8113,#8114,#8115,#8116,#8117,#8118,#8119,#8120,
#8121,#8122,#8123,#8124,#8125,#8126,#8127,#8128,#8129,#8130,#8131,#8132,
#8133,#8134,#8135,#8136,#8137,#8138,#8139,#8140,#8141,#8142,#8143,#8144,
#8145,#8146,#8147,#8148,#8149,#8150,#8151,#8152,#8153,#8154,#8155,#8156,
#8157,#8158,#8159,#8160,#8161,#8162,#8163,#8164,#8165,#8166,#8167,#8168,
#8169,#8170,#8171,#8172,#8173,#8174,#8175,#8176,#8177,#8178,#8179,#8180,
#8181,#8182,#8183,#8184,#8185,#8186,#8187),(#8188,#8189,#8190,#8191,#8192,
#8193,#8194,#8195,#8196,#8197,#8198,#8199,#8200,#8201,#8202,#8203,#8204,
#8205,#8206,#8207,#8208,#8209,#8210,#8211,#8212,#8213,#8214,#8215,#8216,
#8217,#8218,#8219,#8220,#8221,#8222,#8223,#8224,#8225,#8226,#8227,#8228,
#8229,#8230,#8231,#8232,#8233,#8234,#8235,#8236,#8237,#8238,#8239,#8240,
#8241,#8242,#8243,#8244,#8245,#8246,#8247,#8248,#8249,#8250,#8251,#8252,
#8253,#8254,#8255,#8256,#8257,#8258,#8259,#8260,#8261,#8262),(#8263,#8264,
#8265,#8266,#8267,#8268,#8269,#8270,#8271,#8272,#8273,#8274,#8275,#8276,
#8277,#8278,#8279,#8280,#8281,#8282,#8283,#8284,#8285,#8286,#8287,#8288,
#8289,#8290,#8291,#8292,#8293,#8294,#8295,#8296,#8297,#8298,#8299,#8300,
#8301,#8302,#8303,#8304,#8305,#8306,#8307,#8308,#8309,#8310,#8311,#8312,
#8313,#8314,#8315,#8316,#8317,#8318,#8319,#8320,#8321,#8322,#8323,#8324,
#8325,#8326,#8327,#8328,#8329,#8330,#8331,#8332,#8333,#8334,#8335,#8336,
#8337),(#8338,#8339,#8340,#8341,#8342,#8343,#8344,#8345,#8346,#8347,#8348,
#8349,#8350,#8351,#8352,#8353,#8354,#8355,#8356,#8357,#8358,#8359,#8360,
#8361,#8362,#8363,#8364,#8365,#8366,#8367,#8368,#8369,#8370,#8371,#8372,
#8373,#8374,#8375,#8376,#8377,#8378,#8379,#8380,#8381,#8382,#8383,#8384,
#8385,#8386,#8387,#8388,#8389,#8390,#8391,#8392,#8393,#8394,#8395,#8396,
#8397,#8398,#8399,#8400,#8401,#8402,#8403,#8404,#8405,#8406,#8407,#8408,
#8409,#8410,#8411,#8412),(#8413,#8414,#8415,#8416,#8417,#8418,#8419,#8420,
#8421,#8422,#8423,#8424,#8425,#8426,#8427,#8428,#8429,#8430,#8431,#8432,
#8433,#8434,#8435,#8436,#8437,#8438,#8439,#8440,#8441,#8442,#8443,#8444,
#8445,#8446,#8447,#8448,#8449,#8450,#8451,#8452,#8453,#8454,#8455,#8456,
#8457,#8458,#8459,#8460,#8461,#8462,#8463,#8464,#8465,#8466,#8467,#8468,
#8469,#8470,#8471,#8472,#8473,#8474,#8475,#8476,#8477,#8478,#8479,#8480,
#8481,#8482,#8483,#8484,#8485,#8486,#8487),(#8488,#8489,#8490,#8491,#8492,
#8493,#8494,#8495,#8496,#8497,#8498,#8499,#8500,#8501,#8502,#8503,#8504,
#8505,#8506,#8507,#8508,#8509,#8510,#8511,#8512,#8513,#8514,#8515,#8516,
#8517,#8518,#8519,#8520,#8521,#8522,#8523,#8524,#8525,#8526,#8527,#8528,
#8529,#8530,#8531,#8532,#8533,#8534,#8535,#8536,#8537,#8538,#8539,#8540,
#8541,#8542,#8543,#8544,#8545,#8546,#8547,#8548,#8549,#8550,#8551,#8552,
#8553,#8554,#8555,#8556,#8557,#8558,#8559,#8560,#8561,#8562),(#8563,#8564,
#8565,#8566,#8567,#8568,#8569,#8570,#8571,#8572,#8573,#8574,#8575,#8576,
#8577,#8578,#8579,#8580,#8581,#8582,#8583,#8584,#8585,#8586,#8587,#8588,
#8589,#8590,#8591,#8592,#8593,#8594,#8595,#8596,#8597,#8598,#8599,#8600,
#8601,#8602,#8603,#8604,#8605,#8606,#8607,#8608,#8609,#8610,#8611,#8612,
#8613,#8614,#8615,#8616,#8617,#8618,#8619,#8620,#8621,#8622,#8623,#8624,
#8625,#8626,#8627,#8628,#8629,#8630,#8631,#8632,#8633,#8634,#8635,#8636,
#8637),(#8638,#8639,#8640,#8641,#8642,#8643,#8644,#8645,#8646,#8647,#8648,
#8649,#8650,#8651,#8652,#8653,#8654,#8655,#8656,#8657,#8658,#8659,#8660,
#8661,#8662,#8663,#8664,#8665,#8666,#8667,#8668,#8669,#8670,#8671,#8672,
#8673,#8674,#8675,#8676,#8677,#8678,#8679,#8680,#8681,#8682,#8683,#8684,
#8685,#8686,#8687,#8688,#8689,#8690,#8691,#8692,#8693,#8694,#8695,#8696,
#8697,#8698,#8699,#8700,#8701,#8702,#8703,#8704,#8705,#8706,#8707,#8708,
#8709,#8710,#8711,#8712),(#8713,#8714,#8715,#8716,#8717,#8718,#8719,#8720,
#8721,#8722,#8723,#8724,#8725,#8726,#8727,#8728,#8729,#8730,#8731,#8732,
#8733,#8734,#8735,#8736,#8737,#8738,#8739,#8740,#8741,#8742,#8743,#8744,
#8745,#8746,#8747,#8748,#8749,#8750,#8751,#8752,#8753,#8754,#8755,#8756,
#8757,#8758,#8759,#8760,#8761,#8762,#8763,#8764,#8765,#8766,#8767,#8768,
#8769,#8770,#8771,#8772,#8773,#8774,#8775,#8776,#8777,#8778,#8779,#8780,
#8781,#8782,#8783,#8784,#8785,#8786,#8787),(#8788,#8789,#8790,#8791,#8792,
#8793,#8794,#8795,#8796,#8797,#8798,#8799,#8800,#8801,#8802,#8803,#8804,
#8805,#8806,#8807,#8808,#8809,#8810,#8811,#8812,#8813,#8814,#8815,#8816,
#8817,#8818,#8819,#8820,#8821,#8822,#8823,#8824,#8825,#8826,#8827,#8828,
#8829,#8830,#8831,#8832,#8833,#8834,#8835,#8836,#8837,#8838,#8839,#8840,
#8841,#8842,#8843,#8844,#8845,#8846,#8847,#8848,#8849,#8850,#8851,#8852,
#8853,#8854,#8855,#8856,#8857,#8858,#8859,#8860,#8861,#8862),(#8863,#8864,
#8865,#8866,#8867,#8868,#8869,#8870,#8871,#8872,#8873,#8874,#8875,#8876,
#8877,#8878,#8879,#8880,#8881,#8882,#8883,#8884,#8885,#8886,#8887,#8888,
#8889,#8890,#8891,#8892,#8893,#8894,#8895,#8896,#8897,#8898,#8899,#8900,
#8901,#8902,#8903,#8904,#8905,#8906,#8907,#8908,#8909,#8910,#8911,#8912,
#8913,#8914,#8915,#8916,#8917,#8918,#8919,#8920,#8921,#8922,#8923,#8924,
#8925,#8926,#8927,#8928,#8929,#8930,#8931,#8932,#8933,#8934,#8935,#8936,
#8937)),.UNSPECIFIED.,.F.,.F.,.F.,(4,2,2,2,2,2,2,2,2,2,2,2,4),(4,2,2,2,
2,2,1,2,2,1,1,2,2,1,1,2,2,2,2,1,2,2,1,2,2,1,2,2,2,1,1,1,2,2,2,2,1,2,2,1,
2,2,2,4),(0.,0.0625,0.125,0.1875,0.25,0.375,0.4375,0.5,0.625,0.75,0.875,
0.9375,1.),(0.0378958099295479,0.0381878945397776,0.0384799791500074,0.0386260214551222,
0.0386990426076797,0.0387720637602371,0.0388085743365158,0.0388450849127946,
0.0388633402009339,0.038918106065352,0.0389911272179094,0.0390641483704669,
0.0392101906755817,0.0393562329806966,0.0395022752858115,0.0396483175909264,
0.0397213387434838,0.0397943598960413,0.0399404022011561,0.040086444506271,
0.0402324868113859,0.0403785291165008,0.0404515502690582,0.0405245714216157,
0.0405975925741731,0.0406706137267305,0.0408166560318454,0.0409626983369603,
0.0411087406420752,0.0412547829471901,0.0414008252523049,0.0415468675574198,
0.0416198887099772,0.0416929098625347,0.0417294204388134,0.0417659310150921,
0.0418024415913708,0.0418389521676496,0.0418754627439283,0.041911973320207,
0.0419849944727644,0.0421310367778793,0.0422770790829942,0.042569163693224),
 .UNSPECIFIED.);
#178=B_SPLINE_SURFACE_WITH_KNOTS('',3,3,((#8945,#8946,#8947,#8948,#8949,
#8950,#8951,#8952,#8953,#8954,#8955,#8956,#8957,#8958,#8959,#8960,#8961,
#8962,#8963,#8964,#8965,#8966,#8967,#8968,#8969,#8970,#8971,#8972,#8973,
#8974,#8975,#8976,#8977,#8978,#8979,#8980,#8981,#8982,#8983,#8984,#8985,
#8986,#8987,#8988,#8989,#8990,#8991,#8992,#8993,#8994,#8995,#8996,#8997,
#8998,#8999,#9000,#9001,#9002,#9003,#9004),(#9005,#9006,#9007,#9008,#9009,
#9010,#9011,#9012,#9013,#9014,#9015,#9016,#9017,#9018,#9019,#9020,#9021,
#9022,#9023,#9024,#9025,#9026,#9027,#9028,#9029,#9030,#9031,#9032,#9033,
#9034,#9035,#9036,#9037,#9038,#9039,#9040,#9041,#9042,#9043,#9044,#9045,
#9046,#9047,#9048,#9049,#9050,#9051,#9052,#9053,#9054,#9055,#9056,#9057,
#9058,#9059,#9060,#9061,#9062,#9063,#9064),(#9065,#9066,#9067,#9068,#9069,
#9070,#9071,#9072,#9073,#9074,#9075,#9076,#9077,#9078,#9079,#9080,#9081,
#9082,#9083,#9084,#9085,#9086,#9087,#9088,#9089,#9090,#9091,#9092,#9093,
#9094,#9095,#9096,#9097,#9098,#9099,#9100,#9101,#9102,#9103,#9104,#9105,
#9106,#9107,#9108,#9109,#9110,#9111,#9112,#9113,#9114,#9115,#9116,#9117,
#9118,#9119,#9120,#9121,#9122,#9123,#9124),(#9125,#9126,#9127,#9128,#9129,
#9130,#9131,#9132,#9133,#9134,#9135,#9136,#9137,#9138,#9139,#9140,#9141,
#9142,#9143,#9144,#9145,#9146,#9147,#9148,#9149,#9150,#9151,#9152,#9153,
#9154,#9155,#9156,#9157,#9158,#9159,#9160,#9161,#9162,#9163,#9164,#9165,
#9166,#9167,#9168,#9169,#9170,#9171,#9172,#9173,#9174,#9175,#9176,#9177,
#9178,#9179,#9180,#9181,#9182,#9183,#9184),(#9185,#9186,#9187,#9188,#9189,
#9190,#9191,#9192,#9193,#9194,#9195,#9196,#9197,#9198,#9199,#9200,#9201,
#9202,#9203,#9204,#9205,#9206,#9207,#9208,#9209,#9210,#9211,#9212,#9213,
#9214,#9215,#9216,#9217,#9218,#9219,#9220,#9221,#9222,#9223,#9224,#9225,
#9226,#9227,#9228,#9229,#9230,#9231,#9232,#9233,#9234,#9235,#9236,#9237,
#9238,#9239,#9240,#9241,#9242,#9243,#9244),(#9245,#9246,#9247,#9248,#9249,
#9250,#9251,#9252,#9253,#9254,#9255,#9256,#9257,#9258,#9259,#9260,#9261,
#9262,#9263,#9264,#9265,#9266,#9267,#9268,#9269,#9270,#9271,#9272,#9273,
#9274,#9275,#9276,#9277,#9278,#9279,#9280,#9281,#9282,#9283,#9284,#9285,
#9286,#9287,#9288,#9289,#9290,#9291,#9292,#9293,#9294,#9295,#9296,#9297,
#9298,#9299,#9300,#9301,#9302,#9303,#9304),(#9305,#9306,#9307,#9308,#9309,
#9310,#9311,#9312,#9313,#9314,#9315,#9316,#9317,#9318,#9319,#9320,#9321,
#9322,#9323,#9324,#9325,#9326,#9327,#9328,#9329,#9330,#9331,#9332,#9333,
#9334,#9335,#9336,#9337,#9338,#9339,#9340,#9341,#9342,#9343,#9344,#9345,
#9346,#9347,#9348,#9349,#9350,#9351,#9352,#9353,#9354,#9355,#9356,#9357,
#9358,#9359,#9360,#9361,#9362,#9363,#9364),(#9365,#9366,#9367,#9368,#9369,
#9370,#9371,#9372,#9373,#9374,#9375,#9376,#9377,#9378,#9379,#9380,#9381,
#9382,#9383,#9384,#9385,#9386,#9387,#9388,#9389,#9390,#9391,#9392,#9393,
#9394,#9395,#9396,#9397,#9398,#9399,#9400,#9401,#9402,#9403,#9404,#9405,
#9406,#9407,#9408,#9409,#9410,#9411,#9412,#9413,#9414,#9415,#9416,#9417,
#9418,#9419,#9420,#9421,#9422,#9423,#9424),(#9425,#9426,#9427,#9428,#9429,
#9430,#9431,#9432,#9433,#9434,#9435,#9436,#9437,#9438,#9439,#9440,#9441,
#9442,#9443,#9444,#9445,#9446,#9447,#9448,#9449,#9450,#9451,#9452,#9453,
#9454,#9455,#9456,#9457,#9458,#9459,#9460,#9461,#9462,#9463,#9464,#9465,
#9466,#9467,#9468,#9469,#9470,#9471,#9472,#9473,#9474,#9475,#9476,#9477,
#9478,#9479,#9480,#9481,#9482,#9483,#9484),(#9485,#9486,#9487,#9488,#9489,
#9490,#9491,#9492,#9493,#9494,#9495,#9496,#9497,#9498,#9499,#9500,#9501,
#9502,#9503,#9504,#9505,#9506,#9507,#9508,#9509,#9510,#9511,#9512,#9513,
#9514,#9515,#9516,#9517,#9518,#9519,#9520,#9521,#9522,#9523,#9524,#9525,
#9526,#9527,#9528,#9529,#9530,#9531,#9532,#9533,#9534,#9535,#9536,#9537,
#9538,#9539,#9540,#9541,#9542,#9543,#9544),(#9545,#9546,#9547,#9548,#9549,
#9550,#9551,#9552,#9553,#9554,#9555,#9556,#9557,#9558,#9559,#9560,#9561,
#9562,#9563,#9564,#9565,#9566,#9567,#9568,#9569,#9570,#9571,#9572,#9573,
#9574,#9575,#9576,#9577,#9578,#9579,#9580,#9581,#9582,#9583,#9584,#9585,
#9586,#9587,#9588,#9589,#9590,#9591,#9592,#9593,#9594,#9595,#9596,#9597,
#9598,#9599,#9600,#9601,#9602,#9603,#9604),(#9605,#9606,#9607,#9608,#9609,
#9610,#9611,#9612,#9613,#9614,#9615,#9616,#9617,#9618,#9619,#9620,#9621,
#9622,#9623,#9624,#9625,#9626,#9627,#9628,#9629,#9630,#9631,#9632,#9633,
#9634,#9635,#9636,#9637,#9638,#9639,#9640,#9641,#9642,#9643,#9644,#9645,
#9646,#9647,#9648,#9649,#9650,#9651,#9652,#9653,#9654,#9655,#9656,#9657,
#9658,#9659,#9660,#9661,#9662,#9663,#9664),(#9665,#9666,#9667,#9668,#9669,
#9670,#9671,#9672,#9673,#9674,#9675,#9676,#9677,#9678,#9679,#9680,#9681,
#9682,#9683,#9684,#9685,#9686,#9687,#9688,#9689,#9690,#9691,#9692,#9693,
#9694,#9695,#9696,#9697,#9698,#9699,#9700,#9701,#9702,#9703,#9704,#9705,
#9706,#9707,#9708,#9709,#9710,#9711,#9712,#9713,#9714,#9715,#9716,#9717,
#9718,#9719,#9720,#9721,#9722,#9723,#9724),(#9725,#9726,#9727,#9728,#9729,
#9730,#9731,#9732,#9733,#9734,#9735,#9736,#9737,#9738,#9739,#9740,#9741,
#9742,#9743,#9744,#9745,#9746,#9747,#9748,#9749,#9750,#9751,#9752,#9753,
#9754,#9755,#9756,#9757,#9758,#9759,#9760,#9761,#9762,#9763,#9764,#9765,
#9766,#9767,#9768,#9769,#9770,#9771,#9772,#9773,#9774,#9775,#9776,#9777,
#9778,#9779,#9780,#9781,#9782,#9783,#9784),(#9785,#9786,#9787,#9788,#9789,
#9790,#9791,#9792,#9793,#9794,#9795,#9796,#9797,#9798,#9799,#9800,#9801,
#9802,#9803,#9804,#9805,#9806,#9807,#9808,#9809,#9810,#9811,#9812,#9813,
#9814,#9815,#9816,#9817,#9818,#9819,#9820,#9821,#9822,#9823,#9824,#9825,
#9826,#9827,#9828,#9829,#9830,#9831,#9832,#9833,#9834,#9835,#9836,#9837,
#9838,#9839,#9840,#9841,#9842,#9843,#9844),(#9845,#9846,#9847,#9848,#9849,
#9850,#9851,#9852,#9853,#9854,#9855,#9856,#9857,#9858,#9859,#9860,#9861,
#9862,#9863,#9864,#9865,#9866,#9867,#9868,#9869,#9870,#9871,#9872,#9873,
#9874,#9875,#9876,#9877,#9878,#9879,#9880,#9881,#9882,#9883,#9884,#9885,
#9886,#9887,#9888,#9889,#9890,#9891,#9892,#9893,#9894,#9895,#9896,#9897,
#9898,#9899,#9900,#9901,#9902,#9903,#9904),(#9905,#9906,#9907,#9908,#9909,
#9910,#9911,#9912,#9913,#9914,#9915,#9916,#9917,#9918,#9919,#9920,#9921,
#9922,#9923,#9924,#9925,#9926,#9927,#9928,#9929,#9930,#9931,#9932,#9933,
#9934,#9935,#9936,#9937,#9938,#9939,#9940,#9941,#9942,#9943,#9944,#9945,
#9946,#9947,#9948,#9949,#9950,#9951,#9952,#9953,#9954,#9955,#9956,#9957,
#9958,#9959,#9960,#9961,#9962,#9963,#9964),(#9965,#9966,#9967,#9968,#9969,
#9970,#9971,#9972,#9973,#9974,#9975,#9976,#9977,#9978,#9979,#9980,#9981,
#9982,#9983,#9984,#9985,#9986,#9987,#9988,#9989,#9990,#9991,#9992,#9993,
#9994,#9995,#9996,#9997,#9998,#9999,#10000,#10001,#10002,#10003,#10004,
#10005,#10006,#10007,#10008,#10009,#10010,#10011,#10012,#10013,#10014,#10015,
#10016,#10017,#10018,#10019,#10020,#10021,#10022,#10023,#10024),(#10025,
#10026,#10027,#10028,#10029,#10030,#10031,#10032,#10033,#10034,#10035,#10036,
#10037,#10038,#10039,#10040,#10041,#10042,#10043,#10044,#10045,#10046,#10047,
#10048,#10049,#10050,#10051,#10052,#10053,#10054,#10055,#10056,#10057,#10058,
#10059,#10060,#10061,#10062,#10063,#10064,#10065,#10066,#10067,#10068,#10069,
#10070,#10071,#10072,#10073,#10074,#10075,#10076,#10077,#10078,#10079,#10080,
#10081,#10082,#10083,#10084),(#10085,#10086,#10087,#10088,#10089,#10090,
#10091,#10092,#10093,#10094,#10095,#10096,#10097,#10098,#10099,#10100,#10101,
#10102,#10103,#10104,#10105,#10106,#10107,#10108,#10109,#10110,#10111,#10112,
#10113,#10114,#10115,#10116,#10117,#10118,#10119,#10120,#10121,#10122,#10123,
#10124,#10125,#10126,#10127,#10128,#10129,#10130,#10131,#10132,#10133,#10134,
#10135,#10136,#10137,#10138,#10139,#10140,#10141,#10142,#10143,#10144),
(#10145,#10146,#10147,#10148,#10149,#10150,#10151,#10152,#10153,#10154,
#10155,#10156,#10157,#10158,#10159,#10160,#10161,#10162,#10163,#10164,#10165,
#10166,#10167,#10168,#10169,#10170,#10171,#10172,#10173,#10174,#10175,#10176,
#10177,#10178,#10179,#10180,#10181,#10182,#10183,#10184,#10185,#10186,#10187,
#10188,#10189,#10190,#10191,#10192,#10193,#10194,#10195,#10196,#10197,#10198,
#10199,#10200,#10201,#10202,#10203,#10204),(#10205,#10206,#10207,#10208,
#10209,#10210,#10211,#10212,#10213,#10214,#10215,#10216,#10217,#10218,#10219,
#10220,#10221,#10222,#10223,#10224,#10225,#10226,#10227,#10228,#10229,#10230,
#10231,#10232,#10233,#10234,#10235,#10236,#10237,#10238,#10239,#10240,#10241,
#10242,#10243,#10244,#10245,#10246,#10247,#10248,#10249,#10250,#10251,#10252,
#10253,#10254,#10255,#10256,#10257,#10258,#10259,#10260,#10261,#10262,#10263,
#10264),(#10265,#10266,#10267,#10268,#10269,#10270,#10271,#10272,#10273,
#10274,#10275,#10276,#10277,#10278,#10279,#10280,#10281,#10282,#10283,#10284,
#10285,#10286,#10287,#10288,#10289,#10290,#10291,#10292,#10293,#10294,#10295,
#10296,#10297,#10298,#10299,#10300,#10301,#10302,#10303,#10304,#10305,#10306,
#10307,#10308,#10309,#10310,#10311,#10312,#10313,#10314,#10315,#10316,#10317,
#10318,#10319,#10320,#10321,#10322,#10323,#10324),(#10325,#10326,#10327,
#10328,#10329,#10330,#10331,#10332,#10333,#10334,#10335,#10336,#10337,#10338,
#10339,#10340,#10341,#10342,#10343,#10344,#10345,#10346,#10347,#10348,#10349,
#10350,#10351,#10352,#10353,#10354,#10355,#10356,#10357,#10358,#10359,#10360,
#10361,#10362,#10363,#10364,#10365,#10366,#10367,#10368,#10369,#10370,#10371,
#10372,#10373,#10374,#10375,#10376,#10377,#10378,#10379,#10380,#10381,#10382,
#10383,#10384),(#10385,#10386,#10387,#10388,#10389,#10390,#10391,#10392,
#10393,#10394,#10395,#10396,#10397,#10398,#10399,#10400,#10401,#10402,#10403,
#10404,#10405,#10406,#10407,#10408,#10409,#10410,#10411,#10412,#10413,#10414,
#10415,#10416,#10417,#10418,#10419,#10420,#10421,#10422,#10423,#10424,#10425,
#10426,#10427,#10428,#10429,#10430,#10431,#10432,#10433,#10434,#10435,#10436,
#10437,#10438,#10439,#10440,#10441,#10442,#10443,#10444),(#10445,#10446,
#10447,#10448,#10449,#10450,#10451,#10452,#10453,#10454,#10455,#10456,#10457,
#10458,#10459,#10460,#10461,#10462,#10463,#10464,#10465,#10466,#10467,#10468,
#10469,#10470,#10471,#10472,#10473,#10474,#10475,#10476,#10477,#10478,#10479,
#10480,#10481,#10482,#10483,#10484,#10485,#10486,#10487,#10488,#10489,#10490,
#10491,#10492,#10493,#10494,#10495,#10496,#10497,#10498,#10499,#10500,#10501,
#10502,#10503,#10504)),.UNSPECIFIED.,.F.,.F.,.F.,(4,2,2,2,2,2,2,2,2,2,2,
2,4),(4,2,2,2,2,2,2,1,2,2,2,2,2,2,2,2,2,2,2,2,2,2,2,2,2,2,2,1,2,2,4),(0.,
0.0625,0.125,0.1875,0.25,0.375,0.5,0.625,0.75,0.8125,0.875,0.9375,1.),(0.,
0.000467071661673397,0.000622762215564529,0.000934143323346793,0.00124552443112906,
0.00140121498502019,0.00155690553891132,0.00171259609280245,0.00186828664669359,
0.00202397720058472,0.00217966775447585,0.00225751303142142,0.00233535830836698,
0.00249104886225812,0.00264673941614925,0.00280242997004038,0.00295812052393151,
0.00311381107782264,0.00326950163171378,0.00342519218560491,0.00358088273949604,
0.00373657329338717,0.00389226384727831,0.00404795440116944,0.0043593355089517,
0.00451502606284283,0.0045928713397884,0.00467071661673397,0.00474856189367953,
0.0048264071706251,0.00496290763922307),.UNSPECIFIED.);
#179=B_SPLINE_SURFACE_WITH_KNOTS('',5,1,((#10512,#10513),(#10514,#10515),
(#10516,#10517),(#10518,#10519),(#10520,#10521),(#10522,#10523),(#10524,
#10525),(#10526,#10527)),.SURF_OF_LINEAR_EXTRUSION.,.F.,.F.,.F.,(6,2,6),
(2,2),(0.,0.5,1.),(0.,1.),.UNSPECIFIED.);
#180=B_SPLINE_CURVE_WITH_KNOTS('',3,(#2500,#2501,#2502,#2503),
 .UNSPECIFIED.,.F.,.F.,(4,4),(0.,1.),.UNSPECIFIED.);
#181=B_SPLINE_CURVE_WITH_KNOTS('',3,(#2505,#2506,#2507,#2508),
 .UNSPECIFIED.,.F.,.F.,(4,4),(0.372642956026184,1.),.UNSPECIFIED.);
#182=B_SPLINE_CURVE_WITH_KNOTS('',3,(#2510,#2511,#2512,#2513),
 .UNSPECIFIED.,.F.,.F.,(4,4),(0.,1.),.UNSPECIFIED.);
#183=B_SPLINE_CURVE_WITH_KNOTS('',3,(#2515,#2516,#2517,#2518,#2519),
 .UNSPECIFIED.,.F.,.F.,(4,1,4),(0.,0.5,1.),.UNSPECIFIED.);
#184=B_SPLINE_CURVE_WITH_KNOTS('',3,(#2521,#2522,#2523,#2524),
 .UNSPECIFIED.,.F.,.F.,(4,4),(0.,1.),.UNSPECIFIED.);
#185=B_SPLINE_CURVE_WITH_KNOTS('',3,(#2526,#2527,#2528,#2529,#2530),
 .UNSPECIFIED.,.F.,.F.,(4,1,4),(0.,0.5,1.),.UNSPECIFIED.);
#186=B_SPLINE_CURVE_WITH_KNOTS('',3,(#2532,#2533,#2534,#2535),
 .UNSPECIFIED.,.F.,.F.,(4,4),(0.,1.),.UNSPECIFIED.);
#187=B_SPLINE_CURVE_WITH_KNOTS('',3,(#2537,#2538,#2539,#2540),
 .UNSPECIFIED.,.F.,.F.,(4,4),(0.,0.627478289649293),.UNSPECIFIED.);
#188=B_SPLINE_CURVE_WITH_KNOTS('',3,(#2542,#2543,#2544,#2545),
 .UNSPECIFIED.,.F.,.F.,(4,4),(0.,1.),.UNSPECIFIED.);
#189=B_SPLINE_CURVE_WITH_KNOTS('',3,(#2547,#2548,#2549,#2550),
 .UNSPECIFIED.,.F.,.F.,(4,4),(0.475605914327525,1.),.UNSPECIFIED.);
#190=B_SPLINE_CURVE_WITH_KNOTS('',3,(#2612,#2613,#2614,#2615,#2616,#2617,
#2618,#2619,#2620,#2621,#2622,#2623,#2624,#2625,#2626,#2627,#2628,#2629,
#2630),.UNSPECIFIED.,.F.,.F.,(4,3,3,3,3,3,4),(0.,0.142857142857143,0.285714285714286,
0.571428571428571,0.785714285714286,0.892857142857143,1.),
 .PIECEWISE_BEZIER_KNOTS.);
#191=B_SPLINE_CURVE_WITH_KNOTS('',3,(#2634,#2635,#2636,#2637,#2638,#2639,
#2640,#2641,#2642,#2643,#2644,#2645,#2646,#2647,#2648,#2649,#2650,#2651,
#2652),.UNSPECIFIED.,.F.,.F.,(4,3,3,3,3,3,4),(0.,0.142857142857143,0.285714285714286,
0.571428571428571,0.785714285714286,0.892857142857143,1.),
 .PIECEWISE_BEZIER_KNOTS.);
#192=B_SPLINE_CURVE_WITH_KNOTS('',3,(#2720,#2721,#2722,#2723,#2724,#2725,
#2726,#2727,#2728,#2729,#2730,#2731,#2732,#2733,#2734,#2735,#2736,#2737,
#2738,#2739,#2740,#2741,#2742,#2743,#2744,#2745,#2746,#2747,#2748,#2749,
#2750,#2751,#2752,#2753,#2754,#2755,#2756,#2757,#2758,#2759,#2760,#2761,
#2762,#2763,#2764,#2765,#2766,#2767,#2768,#2769,#2770,#2771),
 .UNSPECIFIED.,.F.,.F.,(4,1,1,1,1,1,1,1,1,1,1,1,1,1,1,1,1,1,1,1,1,1,1,1,
1,1,1,1,1,1,1,1,1,1,1,1,1,1,1,1,1,1,1,1,1,1,1,1,1,4),(0.,0.03125,0.0625,
0.09375,0.109375,0.125,0.1328125,0.13671875,0.140625,0.142578125,0.14453125,
0.1484375,0.15625,0.171875,0.1875,0.21875,0.25,0.265625,0.28125,0.2890625,
0.296875,0.3125,0.34375,0.375,0.4375,0.5,0.5625,0.625,0.6875,0.71875,0.75,
0.765625,0.78125,0.7890625,0.796875,0.8125,0.84375,0.859375,0.875,0.8828125,
0.88671875,0.890625,0.892578125,0.89453125,0.8984375,0.90625,0.921875,0.9375,
0.96875,1.),.UNSPECIFIED.);
#193=B_SPLINE_CURVE_WITH_KNOTS('',3,(#2772,#2773,#2774,#2775,#2776,#2777,
#2778,#2779,#2780,#2781,#2782,#2783,#2784,#2785,#2786,#2787,#2788,#2789,
#2790,#2791,#2792,#2793,#2794,#2795,#2796,#2797,#2798,#2799,#2800,#2801,
#2802,#2803,#2804,#2805,#2806,#2807,#2808,#2809,#2810,#2811,#2812,#2813,
#2814,#2815,#2816,#2817,#2818,#2819,#2820,#2821,#2822,#2823),
 .UNSPECIFIED.,.F.,.F.,(4,1,1,1,1,1,1,1,1,1,1,1,1,1,1,1,1,1,1,1,1,1,1,1,
1,1,1,1,1,1,1,1,1,1,1,1,1,1,1,1,1,1,1,1,1,1,1,1,1,4),(0.,0.03125,0.0625,
0.09375,0.109375,0.125,0.1328125,0.13671875,0.140625,0.142578125,0.14453125,
0.1484375,0.15625,0.171875,0.1875,0.21875,0.25,0.265625,0.28125,0.2890625,
0.296875,0.3125,0.34375,0.375,0.4375,0.5,0.5625,0.625,0.6875,0.71875,0.75,
0.765625,0.78125,0.7890625,0.796875,0.8125,0.84375,0.859375,0.875,0.8828125,
0.88671875,0.890625,0.892578125,0.89453125,0.8984375,0.90625,0.921875,0.9375,
0.96875,1.),.UNSPECIFIED.);
#194=B_SPLINE_CURVE_WITH_KNOTS('',3,(#2859,#2860,#2861,#2862,#2863,#2864,
#2865),.UNSPECIFIED.,.F.,.F.,(4,1,1,1,4),(0.,0.00136523391936662,0.00273046783873325,
0.00409570175809987,0.00546093567746649),.UNSPECIFIED.);
#195=B_SPLINE_CURVE_WITH_KNOTS('',3,(#2869,#2870,#2871,#2872,#2873,#2874,
#2875),.UNSPECIFIED.,.F.,.F.,(4,1,1,1,4),(0.,0.00136513945519547,0.00273027891039094,
0.00409541836558641,0.00546055782078189),.UNSPECIFIED.);
#196=B_SPLINE_CURVE_WITH_KNOTS('',3,(#2879,#2880,#2881,#2882,#2883,#2884,
#2885),.UNSPECIFIED.,.F.,.F.,(4,1,1,1,4),(0.,0.00136523391936429,0.00273046783872858,
0.00409570175809286,0.00546093567745715),.UNSPECIFIED.);
#197=B_SPLINE_CURVE_WITH_KNOTS('',3,(#2891,#2892,#2893,#2894),
 .UNSPECIFIED.,.F.,.F.,(4,4),(0.,1.),.UNSPECIFIED.);
#198=B_SPLINE_CURVE_WITH_KNOTS('',3,(#2900,#2901,#2902,#2903),
 .UNSPECIFIED.,.F.,.F.,(4,4),(0.,0.274550069862784),.UNSPECIFIED.);
#199=B_SPLINE_CURVE_WITH_KNOTS('',3,(#2905,#2906,#2907,#2908),
 .UNSPECIFIED.,.F.,.F.,(4,4),(0.,1.),.UNSPECIFIED.);
#200=B_SPLINE_CURVE_WITH_KNOTS('',3,(#2930,#2931,#2932,#2933,#2934,#2935,
#2936,#2937,#2938,#2939),.UNSPECIFIED.,.F.,.F.,(4,1,1,1,1,1,1,4),(0.,0.25,
0.375,0.4375,0.5,0.625,0.75,1.),.UNSPECIFIED.);
#201=B_SPLINE_CURVE_WITH_KNOTS('',3,(#2940,#2941,#2942,#2943,#2944,#2945,
#2946,#2947,#2948,#2949,#2950,#2951),.UNSPECIFIED.,.F.,.F.,(4,1,1,1,1,1,
1,1,1,4),(0.,0.0625,0.125,0.25,0.375,0.5,0.625,0.75,0.875,1.),
 .UNSPECIFIED.);
#202=B_SPLINE_CURVE_WITH_KNOTS('',3,(#2956,#2957,#2958,#2959),
 .UNSPECIFIED.,.F.,.F.,(4,4),(0.,1.),.UNSPECIFIED.);
#203=B_SPLINE_CURVE_WITH_KNOTS('',3,(#3005,#3006,#3007,#3008,#3009,#3010,
#3011,#3012,#3013,#3014,#3015,#3016,#3017,#3018,#3019,#3020,#3021,#3022,
#3023,#3024,#3025,#3026,#3027),.UNSPECIFIED.,.F.,.F.,(4,1,1,1,1,1,1,1,1,
1,1,1,1,1,1,1,1,1,1,1,4),(0.,0.0625,0.125,0.15625,0.1875,0.25,0.3125,0.375,
0.4375,0.5,0.5625,0.625,0.6875,0.71875,0.75,0.78125,0.8125,0.828125,0.84375,
0.875,1.),.UNSPECIFIED.);
#204=B_SPLINE_CURVE_WITH_KNOTS('',3,(#3028,#3029,#3030,#3031,#3032,#3033,
#3034,#3035,#3036,#3037,#3038,#3039,#3040,#3041,#3042,#3043,#3044,#3045,
#3046),.UNSPECIFIED.,.F.,.F.,(4,3,3,3,3,3,4),(0.,0.142857142857143,0.285714285714286,
0.571428571428571,0.785714285714286,0.892857142857143,1.),
 .PIECEWISE_BEZIER_KNOTS.);
#205=B_SPLINE_CURVE_WITH_KNOTS('',3,(#3091,#3092,#3093,#3094,#3095,#3096,
#3097,#3098,#3099,#3100,#3101,#3102,#3103,#3104,#3105,#3106,#3107,#3108,
#3109,#3110,#3111,#3112,#3113),.UNSPECIFIED.,.F.,.F.,(4,1,1,1,1,1,1,1,1,
1,1,1,1,1,1,1,1,1,1,1,4),(0.,0.0625,0.09375,0.125,0.1875,0.203125,0.21875,
0.25,0.28125,0.3125,0.375,0.5,0.625,0.6875,0.75,0.8125,0.84375,0.875,0.90625,
0.9375,1.),.UNSPECIFIED.);
#206=B_SPLINE_CURVE_WITH_KNOTS('',3,(#3114,#3115,#3116,#3117,#3118,#3119,
#3120,#3121,#3122,#3123,#3124,#3125,#3126,#3127,#3128,#3129,#3130,#3131,
#3132),.UNSPECIFIED.,.F.,.F.,(4,3,3,3,3,3,4),(0.,0.142857142857143,0.285714285714286,
0.571428571428571,0.785714285714286,0.892857142857143,1.),
 .PIECEWISE_BEZIER_KNOTS.);
#207=B_SPLINE_CURVE_WITH_KNOTS('',3,(#3177,#3178,#3179,#3180,#3181,#3182,
#3183,#3184,#3185,#3186,#3187,#3188,#3189,#3190,#3191,#3192,#3193,#3194,
#3195,#3196,#3197,#3198,#3199,#3200,#3201,#3202,#3203,#3204,#3205,#3206,
#3207,#3208,#3209,#3210,#3211,#3212,#3213,#3214,#3215,#3216,#3217,#3218,
#3219,#3220,#3221,#3222,#3223,#3224,#3225,#3226,#3227,#3228),
 .UNSPECIFIED.,.F.,.F.,(4,1,1,1,1,1,1,1,1,1,1,1,1,1,1,1,1,1,1,1,1,1,1,1,
1,1,1,1,1,1,1,1,1,1,1,1,1,1,1,1,1,1,1,1,1,1,1,1,1,4),(0.,0.03125,0.0625,
0.09375,0.109375,0.125,0.1328125,0.13671875,0.140625,0.142578125,0.14453125,
0.1484375,0.15625,0.171875,0.1875,0.21875,0.25,0.265625,0.28125,0.2890625,
0.296875,0.3125,0.34375,0.375,0.4375,0.5,0.5625,0.625,0.6875,0.71875,0.75,
0.765625,0.78125,0.7890625,0.796875,0.8125,0.84375,0.859375,0.875,0.8828125,
0.88671875,0.890625,0.892578125,0.89453125,0.8984375,0.90625,0.921875,0.9375,
0.96875,1.),.UNSPECIFIED.);
#208=B_SPLINE_CURVE_WITH_KNOTS('',3,(#3269,#3270,#3271,#3272,#3273,#3274,
#3275,#3276,#3277,#3278,#3279,#3280,#3281,#3282,#3283,#3284,#3285,#3286,
#3287,#3288,#3289,#3290,#3291,#3292,#3293,#3294,#3295,#3296,#3297,#3298,
#3299,#3300,#3301,#3302,#3303,#3304,#3305,#3306,#3307,#3308,#3309,#3310,
#3311,#3312,#3313,#3314,#3315,#3316,#3317,#3318,#3319,#3320),
 .UNSPECIFIED.,.F.,.F.,(4,1,1,1,1,1,1,1,1,1,1,1,1,1,1,1,1,1,1,1,1,1,1,1,
1,1,1,1,1,1,1,1,1,1,1,1,1,1,1,1,1,1,1,1,1,1,1,1,1,4),(0.,0.03125,0.0625,
0.09375,0.109375,0.125,0.1328125,0.13671875,0.140625,0.142578125,0.14453125,
0.1484375,0.15625,0.171875,0.1875,0.21875,0.25,0.265625,0.28125,0.2890625,
0.296875,0.3125,0.34375,0.375,0.4375,0.5,0.5625,0.625,0.6875,0.71875,0.75,
0.765625,0.78125,0.7890625,0.796875,0.8125,0.84375,0.859375,0.875,0.8828125,
0.88671875,0.890625,0.892578125,0.89453125,0.8984375,0.90625,0.921875,0.9375,
0.96875,1.),.UNSPECIFIED.);
#209=B_SPLINE_CURVE_WITH_KNOTS('',3,(#3363,#3364,#3365,#3366,#3367,#3368,
#3369,#3370,#3371,#3372,#3373,#3374,#3375,#3376,#3377,#3378,#3379,#3380,
#3381,#3382,#3383,#3384,#3385,#3386,#3387,#3388,#3389,#3390,#3391,#3392,
#3393,#3394,#3395,#3396,#3397,#3398,#3399,#3400,#3401,#3402,#3403,#3404,
#3405,#3406,#3407,#3408,#3409,#3410,#3411,#3412,#3413,#3414),
 .UNSPECIFIED.,.F.,.F.,(4,1,1,1,1,1,1,1,1,1,1,1,1,1,1,1,1,1,1,1,1,1,1,1,
1,1,1,1,1,1,1,1,1,1,1,1,1,1,1,1,1,1,1,1,1,1,1,1,1,4),(0.,0.03125,0.0625,
0.09375,0.109375,0.125,0.1328125,0.13671875,0.140625,0.142578125,0.14453125,
0.1484375,0.15625,0.171875,0.1875,0.21875,0.25,0.265625,0.28125,0.2890625,
0.296875,0.3125,0.34375,0.375,0.4375,0.5,0.5625,0.625,0.6875,0.71875,0.75,
0.765625,0.78125,0.7890625,0.796875,0.8125,0.84375,0.859375,0.875,0.8828125,
0.88671875,0.890625,0.892578125,0.89453125,0.8984375,0.90625,0.921875,0.9375,
0.96875,1.),.UNSPECIFIED.);
#210=B_SPLINE_CURVE_WITH_KNOTS('',3,(#3417,#3418,#3419,#3420,#3421,#3422,
#3423,#3424,#3425,#3426,#3427,#3428,#3429,#3430,#3431,#3432,#3433,#3434,
#3435),.UNSPECIFIED.,.F.,.F.,(4,1,1,1,1,1,1,1,1,1,1,1,1,1,1,1,4),(0.,0.0625,
0.09375,0.125,0.1875,0.25,0.3125,0.375,0.5,0.625,0.6875,0.71875,0.75,0.78125,
0.8125,0.875,1.),.UNSPECIFIED.);
#211=B_SPLINE_CURVE_WITH_KNOTS('',3,(#3438,#3439,#3440,#3441),
 .UNSPECIFIED.,.F.,.F.,(4,4),(0.,1.),.UNSPECIFIED.);
#212=B_SPLINE_CURVE_WITH_KNOTS('',3,(#3443,#3444,#3445,#3446,#3447,#3448,
#3449,#3450,#3451,#3452,#3453,#3454,#3455,#3456,#3457,#3458,#3459,#3460,
#3461,#3462,#3463,#3464,#3465,#3466,#3467),.UNSPECIFIED.,.F.,.F.,(4,1,1,
1,1,1,1,1,1,1,1,1,1,1,1,1,1,1,1,1,1,1,4),(0.,0.0625,0.09375,0.125,0.15625,
0.1875,0.25,0.3125,0.375,0.5,0.625,0.6875,0.71875,0.75,0.78125,0.8125,0.84375,
0.859375,0.875,0.890625,0.90625,0.9375,1.),.UNSPECIFIED.);
#213=B_SPLINE_CURVE_WITH_KNOTS('',3,(#3469,#3470,#3471,#3472),
 .UNSPECIFIED.,.F.,.F.,(4,4),(0.,1.),.UNSPECIFIED.);
#214=B_SPLINE_CURVE_WITH_KNOTS('',3,(#3474,#3475,#3476,#3477,#3478,#3479,
#3480,#3481,#3482,#3483,#3484,#3485,#3486,#3487,#3488,#3489,#3490,#3491,
#3492),.UNSPECIFIED.,.F.,.F.,(4,1,1,1,1,1,1,1,1,1,1,1,1,1,1,1,4),(0.,0.125,
0.1875,0.21875,0.25,0.28125,0.3125,0.375,0.5,0.625,0.6875,0.75,0.8125,0.875,
0.90625,0.9375,1.),.UNSPECIFIED.);
#215=B_SPLINE_CURVE_WITH_KNOTS('',3,(#3494,#3495,#3496,#3497),
 .UNSPECIFIED.,.F.,.F.,(4,4),(0.,1.),.UNSPECIFIED.);
#216=B_SPLINE_CURVE_WITH_KNOTS('',3,(#3499,#3500,#3501,#3502,#3503,#3504,
#3505,#3506,#3507,#3508,#3509,#3510,#3511,#3512,#3513,#3514,#3515,#3516,
#3517),.UNSPECIFIED.,.F.,.F.,(4,1,1,1,1,1,1,1,1,1,1,1,1,1,1,1,4),(0.,0.0625,
0.09375,0.125,0.1875,0.25,0.3125,0.375,0.5,0.625,0.6875,0.71875,0.75,0.78125,
0.8125,0.875,1.),.UNSPECIFIED.);
#217=B_SPLINE_CURVE_WITH_KNOTS('',3,(#3519,#3520,#3521,#3522),
 .UNSPECIFIED.,.F.,.F.,(4,4),(0.,1.),.UNSPECIFIED.);
#218=B_SPLINE_CURVE_WITH_KNOTS('',3,(#3801,#3802,#3803,#3804,#3805,#3806,
#3807,#3808,#3809,#3810,#3811,#3812,#3813,#3814,#3815,#3816,#3817,#3818,
#3819,#3820,#3821,#3822,#3823),.UNSPECIFIED.,.F.,.F.,(4,1,1,1,1,1,1,1,1,
1,1,1,1,1,1,1,1,1,1,1,4),(0.,0.125,0.1875,0.21875,0.25,0.375,0.4375,0.46875,
0.5,0.5625,0.59375,0.609375,0.625,0.640625,0.65625,0.6875,0.71875,0.75,
0.8125,0.875,1.),.UNSPECIFIED.);
#219=B_SPLINE_CURVE_WITH_KNOTS('',3,(#3834,#3835,#3836,#3837,#3838),
 .UNSPECIFIED.,.F.,.F.,(4,1,4),(0.,0.5,1.),.UNSPECIFIED.);
#220=B_SPLINE_CURVE_WITH_KNOTS('',3,(#3842,#3843,#3844,#3845),
 .UNSPECIFIED.,.F.,.F.,(4,4),(0.,1.),.UNSPECIFIED.);
#221=B_SPLINE_CURVE_WITH_KNOTS('',3,(#3849,#3850,#3851,#3852,#3853),
 .UNSPECIFIED.,.F.,.F.,(4,1,4),(0.,0.5,1.),.UNSPECIFIED.);
#222=B_SPLINE_CURVE_WITH_KNOTS('',3,(#3857,#3858,#3859,#3860),
 .UNSPECIFIED.,.F.,.F.,(4,4),(0.,1.),.UNSPECIFIED.);
#223=B_SPLINE_CURVE_WITH_KNOTS('',3,(#3864,#3865,#3866,#3867,#3868),
 .UNSPECIFIED.,.F.,.F.,(4,1,4),(0.,0.5,1.),.UNSPECIFIED.);
#224=B_SPLINE_CURVE_WITH_KNOTS('',3,(#3872,#3873,#3874,#3875),
 .UNSPECIFIED.,.F.,.F.,(4,4),(0.,1.),.UNSPECIFIED.);
#225=B_SPLINE_CURVE_WITH_KNOTS('',3,(#3879,#3880,#3881,#3882,#3883),
 .UNSPECIFIED.,.F.,.F.,(4,1,4),(0.,0.5,1.),.UNSPECIFIED.);
#226=B_SPLINE_CURVE_WITH_KNOTS('',3,(#3887,#3888,#3889,#3890),
 .UNSPECIFIED.,.F.,.F.,(4,4),(0.,1.),.UNSPECIFIED.);
#227=B_SPLINE_CURVE_WITH_KNOTS('',3,(#3981,#3982,#3983,#3984,#3985,#3986),
 .UNSPECIFIED.,.F.,.F.,(4,1,1,4),(0.,0.5,0.75,1.),.UNSPECIFIED.);
#228=B_SPLINE_CURVE_WITH_KNOTS('',3,(#3988,#3989,#3990,#3991,#3992,#3993,
#3994,#3995,#3996,#3997,#3998,#3999,#4000),.UNSPECIFIED.,.F.,.F.,(4,1,1,
1,1,1,1,1,1,1,4),(0.,0.03125,0.0625,0.09375,0.125,0.1875,0.25,0.375,0.5,
0.75,1.),.UNSPECIFIED.);
#229=B_SPLINE_CURVE_WITH_KNOTS('',3,(#4001,#4002,#4003,#4004,#4005,#4006,
#4007),.UNSPECIFIED.,.F.,.F.,(4,1,1,1,4),(0.,0.25,0.5,0.75,1.),
 .UNSPECIFIED.);
#230=B_SPLINE_CURVE_WITH_KNOTS('',3,(#4024,#4025,#4026,#4027,#4028,#4029,
#4030),.UNSPECIFIED.,.F.,.F.,(4,1,1,1,4),(0.,0.25,0.5,0.75,1.),
 .UNSPECIFIED.);
#231=B_SPLINE_CURVE_WITH_KNOTS('',3,(#4043,#4044,#4045,#4046,#4047,#4048),
 .UNSPECIFIED.,.F.,.F.,(4,1,1,4),(0.,0.25,0.5,1.),.UNSPECIFIED.);
#232=B_SPLINE_CURVE_WITH_KNOTS('',3,(#4050,#4051,#4052,#4053),
 .UNSPECIFIED.,.F.,.F.,(4,4),(0.,1.),.UNSPECIFIED.);
#233=B_SPLINE_CURVE_WITH_KNOTS('',3,(#4144,#4145,#4146,#4147,#4148,#4149,
#4150),.UNSPECIFIED.,.F.,.F.,(4,1,1,1,4),(0.,0.25,0.5,0.75,1.),
 .UNSPECIFIED.);
#234=B_SPLINE_CURVE_WITH_KNOTS('',3,(#4241,#4242,#4243,#4244,#4245,#4246,
#4247,#4248,#4249,#4250,#4251,#4252),.UNSPECIFIED.,.F.,.F.,(4,1,1,1,1,1,
1,1,1,4),(0.,0.25,0.5,0.625,0.75,0.8125,0.875,0.9375,0.96875,1.),
 .UNSPECIFIED.);
#235=B_SPLINE_CURVE_WITH_KNOTS('',3,(#4253,#4254,#4255,#4256,#4257,#4258,
#4259),.UNSPECIFIED.,.F.,.F.,(4,1,1,1,4),(0.,0.25,0.5,0.75,1.),
 .UNSPECIFIED.);
#236=B_SPLINE_CURVE_WITH_KNOTS('',3,(#4276,#4277,#4278,#4279,#4280,#4281,
#4282),.UNSPECIFIED.,.F.,.F.,(4,1,1,1,4),(0.,0.25,0.5,0.75,1.),
 .UNSPECIFIED.);
#237=B_SPLINE_CURVE_WITH_KNOTS('',3,(#4299,#4300,#4301,#4302,#4303,#4304,
#4305),.UNSPECIFIED.,.F.,.F.,(4,1,1,1,4),(0.,0.25,0.5,0.75,1.),
 .UNSPECIFIED.);
#238=B_SPLINE_CURVE_WITH_KNOTS('',3,(#4412,#4413,#4414,#4415,#4416,#4417,
#4418),.UNSPECIFIED.,.F.,.F.,(4,1,1,1,4),(0.,0.25,0.5,0.75,1.),
 .UNSPECIFIED.);
#239=B_SPLINE_CURVE_WITH_KNOTS('',3,(#4419,#4420,#4421,#4422,#4423,#4424,
#4425),.UNSPECIFIED.,.F.,.F.,(4,1,1,1,4),(0.,0.25,0.5,0.75,1.),
 .UNSPECIFIED.);
#240=B_SPLINE_CURVE_WITH_KNOTS('',3,(#6038,#6039,#6040,#6041,#6042,#6043,
#6044),.UNSPECIFIED.,.F.,.F.,(4,1,1,1,4),(0.,0.25,0.5,0.75,1.),
 .UNSPECIFIED.);
#241=B_SPLINE_CURVE_WITH_KNOTS('',3,(#6925,#6926,#6927,#6928,#6929,#6930,
#6931),.UNSPECIFIED.,.F.,.F.,(4,1,1,1,4),(0.,0.25,0.5,0.75,1.),
 .UNSPECIFIED.);
#242=B_SPLINE_CURVE_WITH_KNOTS('',3,(#6948,#6949,#6950,#6951,#6952,#6953,
#6954),.UNSPECIFIED.,.F.,.F.,(4,1,1,1,4),(0.,0.25,0.5,0.75,1.),
 .UNSPECIFIED.);
#243=B_SPLINE_CURVE_WITH_KNOTS('',3,(#6981,#6982,#6983,#6984,#6985,#6986,
#6987),.UNSPECIFIED.,.F.,.F.,(4,1,1,1,4),(0.,0.25,0.5,0.75,1.),
 .UNSPECIFIED.);
#244=B_SPLINE_CURVE_WITH_KNOTS('',3,(#8938,#8939,#8940,#8941,#8942,#8943,
#8944),.UNSPECIFIED.,.F.,.F.,(4,1,1,1,4),(0.,0.25,0.5,0.75,1.),
 .UNSPECIFIED.);
#245=B_SPLINE_CURVE_WITH_KNOTS('',3,(#10505,#10506,#10507,#10508,#10509,
#10510,#10511),.UNSPECIFIED.,.F.,.F.,(4,1,1,1,4),(0.,0.25,0.5,0.75,1.),
 .UNSPECIFIED.);
#246=ORIENTED_EDGE('',*,*,#668,.F.);
#247=ORIENTED_EDGE('',*,*,#669,.T.);
#248=ORIENTED_EDGE('',*,*,#670,.T.);
#249=ORIENTED_EDGE('',*,*,#671,.T.);
#250=ORIENTED_EDGE('',*,*,#672,.T.);
#251=ORIENTED_EDGE('',*,*,#673,.T.);
#252=ORIENTED_EDGE('',*,*,#674,.T.);
#253=ORIENTED_EDGE('',*,*,#675,.T.);
#254=ORIENTED_EDGE('',*,*,#676,.T.);
#255=ORIENTED_EDGE('',*,*,#677,.T.);
#256=ORIENTED_EDGE('',*,*,#678,.T.);
#257=ORIENTED_EDGE('',*,*,#679,.T.);
#258=ORIENTED_EDGE('',*,*,#680,.T.);
#259=ORIENTED_EDGE('',*,*,#681,.T.);
#260=ORIENTED_EDGE('',*,*,#682,.F.);
#261=ORIENTED_EDGE('',*,*,#683,.F.);
#262=ORIENTED_EDGE('',*,*,#684,.T.);
#263=ORIENTED_EDGE('',*,*,#685,.T.);
#264=ORIENTED_EDGE('',*,*,#686,.F.);
#265=ORIENTED_EDGE('',*,*,#679,.F.);
#266=ORIENTED_EDGE('',*,*,#687,.T.);
#267=ORIENTED_EDGE('',*,*,#688,.T.);
#268=ORIENTED_EDGE('',*,*,#689,.F.);
#269=ORIENTED_EDGE('',*,*,#690,.T.);
#270=ORIENTED_EDGE('',*,*,#691,.T.);
#271=ORIENTED_EDGE('',*,*,#692,.T.);
#272=ORIENTED_EDGE('',*,*,#693,.T.);
#273=ORIENTED_EDGE('',*,*,#694,.T.);
#274=ORIENTED_EDGE('',*,*,#695,.T.);
#275=ORIENTED_EDGE('',*,*,#696,.T.);
#276=ORIENTED_EDGE('',*,*,#697,.T.);
#277=ORIENTED_EDGE('',*,*,#698,.F.);
#278=ORIENTED_EDGE('',*,*,#699,.F.);
#279=ORIENTED_EDGE('',*,*,#700,.F.);
#280=ORIENTED_EDGE('',*,*,#701,.T.);
#281=ORIENTED_EDGE('',*,*,#702,.T.);
#282=ORIENTED_EDGE('',*,*,#703,.T.);
#283=ORIENTED_EDGE('',*,*,#684,.F.);
#284=ORIENTED_EDGE('',*,*,#704,.F.);
#285=ORIENTED_EDGE('',*,*,#698,.T.);
#286=ORIENTED_EDGE('',*,*,#705,.T.);
#287=ORIENTED_EDGE('',*,*,#706,.F.);
#288=ORIENTED_EDGE('',*,*,#707,.F.);
#289=ORIENTED_EDGE('',*,*,#708,.F.);
#290=ORIENTED_EDGE('',*,*,#709,.F.);
#291=ORIENTED_EDGE('',*,*,#710,.F.);
#292=ORIENTED_EDGE('',*,*,#711,.F.);
#293=ORIENTED_EDGE('',*,*,#712,.F.);
#294=ORIENTED_EDGE('',*,*,#713,.F.);
#295=ORIENTED_EDGE('',*,*,#714,.F.);
#296=ORIENTED_EDGE('',*,*,#715,.F.);
#297=ORIENTED_EDGE('',*,*,#716,.F.);
#298=ORIENTED_EDGE('',*,*,#717,.F.);
#299=ORIENTED_EDGE('',*,*,#718,.F.);
#300=ORIENTED_EDGE('',*,*,#719,.F.);
#301=ORIENTED_EDGE('',*,*,#720,.F.);
#302=ORIENTED_EDGE('',*,*,#721,.F.);
#303=ORIENTED_EDGE('',*,*,#722,.F.);
#304=ORIENTED_EDGE('',*,*,#681,.F.);
#305=ORIENTED_EDGE('',*,*,#723,.F.);
#306=ORIENTED_EDGE('',*,*,#724,.F.);
#307=ORIENTED_EDGE('',*,*,#725,.F.);
#308=ORIENTED_EDGE('',*,*,#726,.F.);
#309=ORIENTED_EDGE('',*,*,#727,.F.);
#310=ORIENTED_EDGE('',*,*,#701,.F.);
#311=ORIENTED_EDGE('',*,*,#728,.F.);
#312=ORIENTED_EDGE('',*,*,#729,.F.);
#313=ORIENTED_EDGE('',*,*,#730,.T.);
#314=ORIENTED_EDGE('',*,*,#731,.T.);
#315=ORIENTED_EDGE('',*,*,#732,.T.);
#316=ORIENTED_EDGE('',*,*,#733,.T.);
#317=ORIENTED_EDGE('',*,*,#734,.T.);
#318=ORIENTED_EDGE('',*,*,#735,.T.);
#319=ORIENTED_EDGE('',*,*,#736,.T.);
#320=ORIENTED_EDGE('',*,*,#688,.F.);
#321=ORIENTED_EDGE('',*,*,#737,.F.);
#322=ORIENTED_EDGE('',*,*,#738,.T.);
#323=ORIENTED_EDGE('',*,*,#668,.T.);
#324=ORIENTED_EDGE('',*,*,#739,.T.);
#325=ORIENTED_EDGE('',*,*,#740,.F.);
#326=ORIENTED_EDGE('',*,*,#741,.T.);
#327=ORIENTED_EDGE('',*,*,#737,.T.);
#328=ORIENTED_EDGE('',*,*,#742,.T.);
#329=ORIENTED_EDGE('',*,*,#731,.F.);
#330=ORIENTED_EDGE('',*,*,#743,.T.);
#331=ORIENTED_EDGE('',*,*,#740,.T.);
#332=ORIENTED_EDGE('',*,*,#744,.F.);
#333=ORIENTED_EDGE('',*,*,#735,.F.);
#334=ORIENTED_EDGE('',*,*,#745,.T.);
#335=ORIENTED_EDGE('',*,*,#729,.T.);
#336=ORIENTED_EDGE('',*,*,#746,.F.);
#337=ORIENTED_EDGE('',*,*,#747,.F.);
#338=ORIENTED_EDGE('',*,*,#726,.T.);
#339=ORIENTED_EDGE('',*,*,#748,.T.);
#340=ORIENTED_EDGE('',*,*,#749,.T.);
#341=ORIENTED_EDGE('',*,*,#702,.F.);
#342=ORIENTED_EDGE('',*,*,#727,.T.);
#343=ORIENTED_EDGE('',*,*,#747,.T.);
#344=ORIENTED_EDGE('',*,*,#750,.T.);
#345=ORIENTED_EDGE('',*,*,#751,.F.);
#346=ORIENTED_EDGE('',*,*,#723,.T.);
#347=ORIENTED_EDGE('',*,*,#686,.T.);
#348=ORIENTED_EDGE('',*,*,#752,.T.);
#349=ORIENTED_EDGE('',*,*,#753,.F.);
#350=ORIENTED_EDGE('',*,*,#724,.T.);
#351=ORIENTED_EDGE('',*,*,#751,.T.);
#352=ORIENTED_EDGE('',*,*,#754,.T.);
#353=ORIENTED_EDGE('',*,*,#748,.F.);
#354=ORIENTED_EDGE('',*,*,#725,.T.);
#355=ORIENTED_EDGE('',*,*,#753,.T.);
#356=ORIENTED_EDGE('',*,*,#755,.T.);
#357=ORIENTED_EDGE('',*,*,#749,.F.);
#358=ORIENTED_EDGE('',*,*,#755,.F.);
#359=ORIENTED_EDGE('',*,*,#754,.F.);
#360=ORIENTED_EDGE('',*,*,#752,.F.);
#361=ORIENTED_EDGE('',*,*,#685,.F.);
#362=ORIENTED_EDGE('',*,*,#705,.F.);
#363=ORIENTED_EDGE('',*,*,#703,.F.);
#364=ORIENTED_EDGE('',*,*,#750,.F.);
#365=ORIENTED_EDGE('',*,*,#739,.F.);
#366=ORIENTED_EDGE('',*,*,#680,.F.);
#367=ORIENTED_EDGE('',*,*,#689,.T.);
#368=ORIENTED_EDGE('',*,*,#736,.F.);
#369=ORIENTED_EDGE('',*,*,#746,.T.);
#370=ORIENTED_EDGE('',*,*,#732,.F.);
#371=ORIENTED_EDGE('',*,*,#744,.T.);
#372=ORIENTED_EDGE('',*,*,#742,.F.);
#373=ORIENTED_EDGE('',*,*,#756,.T.);
#374=ORIENTED_EDGE('',*,*,#757,.T.);
#375=ORIENTED_EDGE('',*,*,#758,.T.);
#376=ORIENTED_EDGE('',*,*,#759,.T.);
#377=ORIENTED_EDGE('',*,*,#760,.T.);
#378=ORIENTED_EDGE('',*,*,#761,.T.);
#379=ORIENTED_EDGE('',*,*,#762,.T.);
#380=ORIENTED_EDGE('',*,*,#763,.T.);
#381=ORIENTED_EDGE('',*,*,#764,.T.);
#382=ORIENTED_EDGE('',*,*,#706,.T.);
#383=ORIENTED_EDGE('',*,*,#765,.F.);
#384=ORIENTED_EDGE('',*,*,#764,.F.);
#385=ORIENTED_EDGE('',*,*,#766,.T.);
#386=ORIENTED_EDGE('',*,*,#707,.T.);
#387=ORIENTED_EDGE('',*,*,#767,.F.);
#388=ORIENTED_EDGE('',*,*,#766,.F.);
#389=ORIENTED_EDGE('',*,*,#768,.T.);
#390=ORIENTED_EDGE('',*,*,#708,.T.);
#391=ORIENTED_EDGE('',*,*,#769,.F.);
#392=ORIENTED_EDGE('',*,*,#768,.F.);
#393=ORIENTED_EDGE('',*,*,#770,.T.);
#394=ORIENTED_EDGE('',*,*,#709,.T.);
#395=ORIENTED_EDGE('',*,*,#771,.F.);
#396=ORIENTED_EDGE('',*,*,#770,.F.);
#397=ORIENTED_EDGE('',*,*,#772,.T.);
#398=ORIENTED_EDGE('',*,*,#710,.T.);
#399=ORIENTED_EDGE('',*,*,#773,.F.);
#400=ORIENTED_EDGE('',*,*,#772,.F.);
#401=ORIENTED_EDGE('',*,*,#774,.T.);
#402=ORIENTED_EDGE('',*,*,#711,.T.);
#403=ORIENTED_EDGE('',*,*,#775,.F.);
#404=ORIENTED_EDGE('',*,*,#774,.F.);
#405=ORIENTED_EDGE('',*,*,#776,.T.);
#406=ORIENTED_EDGE('',*,*,#712,.T.);
#407=ORIENTED_EDGE('',*,*,#777,.F.);
#408=ORIENTED_EDGE('',*,*,#776,.F.);
#409=ORIENTED_EDGE('',*,*,#778,.T.);
#410=ORIENTED_EDGE('',*,*,#713,.T.);
#411=ORIENTED_EDGE('',*,*,#779,.F.);
#412=ORIENTED_EDGE('',*,*,#778,.F.);
#413=ORIENTED_EDGE('',*,*,#780,.T.);
#414=ORIENTED_EDGE('',*,*,#714,.T.);
#415=ORIENTED_EDGE('',*,*,#781,.F.);
#416=ORIENTED_EDGE('',*,*,#780,.F.);
#417=ORIENTED_EDGE('',*,*,#782,.T.);
#418=ORIENTED_EDGE('',*,*,#715,.T.);
#419=ORIENTED_EDGE('',*,*,#783,.F.);
#420=ORIENTED_EDGE('',*,*,#782,.F.);
#421=ORIENTED_EDGE('',*,*,#784,.T.);
#422=ORIENTED_EDGE('',*,*,#716,.T.);
#423=ORIENTED_EDGE('',*,*,#785,.F.);
#424=ORIENTED_EDGE('',*,*,#784,.F.);
#425=ORIENTED_EDGE('',*,*,#786,.T.);
#426=ORIENTED_EDGE('',*,*,#717,.T.);
#427=ORIENTED_EDGE('',*,*,#787,.F.);
#428=ORIENTED_EDGE('',*,*,#786,.F.);
#429=ORIENTED_EDGE('',*,*,#788,.T.);
#430=ORIENTED_EDGE('',*,*,#718,.T.);
#431=ORIENTED_EDGE('',*,*,#789,.F.);
#432=ORIENTED_EDGE('',*,*,#788,.F.);
#433=ORIENTED_EDGE('',*,*,#790,.T.);
#434=ORIENTED_EDGE('',*,*,#719,.T.);
#435=ORIENTED_EDGE('',*,*,#791,.F.);
#436=ORIENTED_EDGE('',*,*,#790,.F.);
#437=ORIENTED_EDGE('',*,*,#792,.T.);
#438=ORIENTED_EDGE('',*,*,#720,.T.);
#439=ORIENTED_EDGE('',*,*,#793,.F.);
#440=ORIENTED_EDGE('',*,*,#792,.F.);
#441=ORIENTED_EDGE('',*,*,#794,.F.);
#442=ORIENTED_EDGE('',*,*,#793,.T.);
#443=ORIENTED_EDGE('',*,*,#795,.F.);
#444=ORIENTED_EDGE('',*,*,#794,.T.);
#445=ORIENTED_EDGE('',*,*,#796,.T.);
#446=ORIENTED_EDGE('',*,*,#796,.F.);
#447=ORIENTED_EDGE('',*,*,#795,.T.);
#448=ORIENTED_EDGE('',*,*,#797,.F.);
#449=ORIENTED_EDGE('',*,*,#791,.T.);
#450=ORIENTED_EDGE('',*,*,#798,.F.);
#451=ORIENTED_EDGE('',*,*,#797,.T.);
#452=ORIENTED_EDGE('',*,*,#799,.T.);
#453=ORIENTED_EDGE('',*,*,#799,.F.);
#454=ORIENTED_EDGE('',*,*,#798,.T.);
#455=ORIENTED_EDGE('',*,*,#800,.F.);
#456=ORIENTED_EDGE('',*,*,#789,.T.);
#457=ORIENTED_EDGE('',*,*,#801,.F.);
#458=ORIENTED_EDGE('',*,*,#800,.T.);
#459=ORIENTED_EDGE('',*,*,#802,.T.);
#460=ORIENTED_EDGE('',*,*,#802,.F.);
#461=ORIENTED_EDGE('',*,*,#801,.T.);
#462=ORIENTED_EDGE('',*,*,#803,.F.);
#463=ORIENTED_EDGE('',*,*,#787,.T.);
#464=ORIENTED_EDGE('',*,*,#804,.F.);
#465=ORIENTED_EDGE('',*,*,#803,.T.);
#466=ORIENTED_EDGE('',*,*,#805,.T.);
#467=ORIENTED_EDGE('',*,*,#805,.F.);
#468=ORIENTED_EDGE('',*,*,#804,.T.);
#469=ORIENTED_EDGE('',*,*,#806,.F.);
#470=ORIENTED_EDGE('',*,*,#785,.T.);
#471=ORIENTED_EDGE('',*,*,#807,.F.);
#472=ORIENTED_EDGE('',*,*,#806,.T.);
#473=ORIENTED_EDGE('',*,*,#808,.T.);
#474=ORIENTED_EDGE('',*,*,#808,.F.);
#475=ORIENTED_EDGE('',*,*,#807,.T.);
#476=ORIENTED_EDGE('',*,*,#809,.F.);
#477=ORIENTED_EDGE('',*,*,#783,.T.);
#478=ORIENTED_EDGE('',*,*,#810,.F.);
#479=ORIENTED_EDGE('',*,*,#809,.T.);
#480=ORIENTED_EDGE('',*,*,#811,.T.);
#481=ORIENTED_EDGE('',*,*,#811,.F.);
#482=ORIENTED_EDGE('',*,*,#810,.T.);
#483=ORIENTED_EDGE('',*,*,#812,.F.);
#484=ORIENTED_EDGE('',*,*,#781,.T.);
#485=ORIENTED_EDGE('',*,*,#813,.F.);
#486=ORIENTED_EDGE('',*,*,#812,.T.);
#487=ORIENTED_EDGE('',*,*,#814,.T.);
#488=ORIENTED_EDGE('',*,*,#814,.F.);
#489=ORIENTED_EDGE('',*,*,#813,.T.);
#490=ORIENTED_EDGE('',*,*,#815,.F.);
#491=ORIENTED_EDGE('',*,*,#779,.T.);
#492=ORIENTED_EDGE('',*,*,#816,.F.);
#493=ORIENTED_EDGE('',*,*,#815,.T.);
#494=ORIENTED_EDGE('',*,*,#817,.T.);
#495=ORIENTED_EDGE('',*,*,#817,.F.);
#496=ORIENTED_EDGE('',*,*,#816,.T.);
#497=ORIENTED_EDGE('',*,*,#818,.F.);
#498=ORIENTED_EDGE('',*,*,#777,.T.);
#499=ORIENTED_EDGE('',*,*,#819,.F.);
#500=ORIENTED_EDGE('',*,*,#818,.T.);
#501=ORIENTED_EDGE('',*,*,#820,.T.);
#502=ORIENTED_EDGE('',*,*,#820,.F.);
#503=ORIENTED_EDGE('',*,*,#819,.T.);
#504=ORIENTED_EDGE('',*,*,#821,.F.);
#505=ORIENTED_EDGE('',*,*,#775,.T.);
#506=ORIENTED_EDGE('',*,*,#822,.F.);
#507=ORIENTED_EDGE('',*,*,#821,.T.);
#508=ORIENTED_EDGE('',*,*,#823,.T.);
#509=ORIENTED_EDGE('',*,*,#823,.F.);
#510=ORIENTED_EDGE('',*,*,#822,.T.);
#511=ORIENTED_EDGE('',*,*,#824,.F.);
#512=ORIENTED_EDGE('',*,*,#773,.T.);
#513=ORIENTED_EDGE('',*,*,#825,.F.);
#514=ORIENTED_EDGE('',*,*,#824,.T.);
#515=ORIENTED_EDGE('',*,*,#826,.T.);
#516=ORIENTED_EDGE('',*,*,#826,.F.);
#517=ORIENTED_EDGE('',*,*,#825,.T.);
#518=ORIENTED_EDGE('',*,*,#827,.F.);
#519=ORIENTED_EDGE('',*,*,#771,.T.);
#520=ORIENTED_EDGE('',*,*,#828,.F.);
#521=ORIENTED_EDGE('',*,*,#827,.T.);
#522=ORIENTED_EDGE('',*,*,#829,.T.);
#523=ORIENTED_EDGE('',*,*,#829,.F.);
#524=ORIENTED_EDGE('',*,*,#828,.T.);
#525=ORIENTED_EDGE('',*,*,#830,.F.);
#526=ORIENTED_EDGE('',*,*,#769,.T.);
#527=ORIENTED_EDGE('',*,*,#831,.F.);
#528=ORIENTED_EDGE('',*,*,#830,.T.);
#529=ORIENTED_EDGE('',*,*,#832,.T.);
#530=ORIENTED_EDGE('',*,*,#832,.F.);
#531=ORIENTED_EDGE('',*,*,#831,.T.);
#532=ORIENTED_EDGE('',*,*,#833,.F.);
#533=ORIENTED_EDGE('',*,*,#767,.T.);
#534=ORIENTED_EDGE('',*,*,#834,.F.);
#535=ORIENTED_EDGE('',*,*,#833,.T.);
#536=ORIENTED_EDGE('',*,*,#835,.T.);
#537=ORIENTED_EDGE('',*,*,#835,.F.);
#538=ORIENTED_EDGE('',*,*,#834,.T.);
#539=ORIENTED_EDGE('',*,*,#836,.F.);
#540=ORIENTED_EDGE('',*,*,#765,.T.);
#541=ORIENTED_EDGE('',*,*,#837,.F.);
#542=ORIENTED_EDGE('',*,*,#836,.T.);
#543=ORIENTED_EDGE('',*,*,#838,.T.);
#544=ORIENTED_EDGE('',*,*,#838,.F.);
#545=ORIENTED_EDGE('',*,*,#837,.T.);
#546=ORIENTED_EDGE('',*,*,#700,.T.);
#547=ORIENTED_EDGE('',*,*,#839,.T.);
#548=ORIENTED_EDGE('',*,*,#728,.T.);
#549=ORIENTED_EDGE('',*,*,#678,.F.);
#550=ORIENTED_EDGE('',*,*,#840,.T.);
#551=ORIENTED_EDGE('',*,*,#733,.F.);
#552=ORIENTED_EDGE('',*,*,#687,.F.);
#553=ORIENTED_EDGE('',*,*,#721,.T.);
#554=ORIENTED_EDGE('',*,*,#841,.T.);
#555=ORIENTED_EDGE('',*,*,#842,.T.);
#556=ORIENTED_EDGE('',*,*,#722,.T.);
#557=ORIENTED_EDGE('',*,*,#842,.F.);
#558=ORIENTED_EDGE('',*,*,#843,.T.);
#559=ORIENTED_EDGE('',*,*,#682,.T.);
#560=ORIENTED_EDGE('',*,*,#839,.F.);
#561=ORIENTED_EDGE('',*,*,#699,.T.);
#562=ORIENTED_EDGE('',*,*,#704,.T.);
#563=ORIENTED_EDGE('',*,*,#683,.T.);
#564=ORIENTED_EDGE('',*,*,#843,.F.);
#565=ORIENTED_EDGE('',*,*,#841,.F.);
#566=ORIENTED_EDGE('',*,*,#844,.T.);
#567=ORIENTED_EDGE('',*,*,#845,.T.);
#568=ORIENTED_EDGE('',*,*,#846,.F.);
#569=ORIENTED_EDGE('',*,*,#691,.F.);
#570=ORIENTED_EDGE('',*,*,#846,.T.);
#571=ORIENTED_EDGE('',*,*,#847,.T.);
#572=ORIENTED_EDGE('',*,*,#848,.F.);
#573=ORIENTED_EDGE('',*,*,#692,.F.);
#574=ORIENTED_EDGE('',*,*,#848,.T.);
#575=ORIENTED_EDGE('',*,*,#849,.T.);
#576=ORIENTED_EDGE('',*,*,#850,.F.);
#577=ORIENTED_EDGE('',*,*,#693,.F.);
#578=ORIENTED_EDGE('',*,*,#850,.T.);
#579=ORIENTED_EDGE('',*,*,#851,.T.);
#580=ORIENTED_EDGE('',*,*,#852,.F.);
#581=ORIENTED_EDGE('',*,*,#694,.F.);
#582=ORIENTED_EDGE('',*,*,#852,.T.);
#583=ORIENTED_EDGE('',*,*,#853,.T.);
#584=ORIENTED_EDGE('',*,*,#854,.F.);
#585=ORIENTED_EDGE('',*,*,#695,.F.);
#586=ORIENTED_EDGE('',*,*,#854,.T.);
#587=ORIENTED_EDGE('',*,*,#855,.T.);
#588=ORIENTED_EDGE('',*,*,#856,.F.);
#589=ORIENTED_EDGE('',*,*,#696,.F.);
#590=ORIENTED_EDGE('',*,*,#856,.T.);
#591=ORIENTED_EDGE('',*,*,#857,.T.);
#592=ORIENTED_EDGE('',*,*,#858,.F.);
#593=ORIENTED_EDGE('',*,*,#697,.F.);
#594=ORIENTED_EDGE('',*,*,#858,.T.);
#595=ORIENTED_EDGE('',*,*,#859,.T.);
#596=ORIENTED_EDGE('',*,*,#844,.F.);
#597=ORIENTED_EDGE('',*,*,#690,.F.);
#598=ORIENTED_EDGE('',*,*,#860,.F.);
#599=ORIENTED_EDGE('',*,*,#861,.T.);
#600=ORIENTED_EDGE('',*,*,#676,.F.);
#601=ORIENTED_EDGE('',*,*,#862,.F.);
#602=ORIENTED_EDGE('',*,*,#853,.F.);
#603=ORIENTED_EDGE('',*,*,#862,.T.);
#604=ORIENTED_EDGE('',*,*,#675,.F.);
#605=ORIENTED_EDGE('',*,*,#863,.F.);
#606=ORIENTED_EDGE('',*,*,#855,.F.);
#607=ORIENTED_EDGE('',*,*,#864,.F.);
#608=ORIENTED_EDGE('',*,*,#865,.T.);
#609=ORIENTED_EDGE('',*,*,#860,.T.);
#610=ORIENTED_EDGE('',*,*,#851,.F.);
#611=ORIENTED_EDGE('',*,*,#863,.T.);
#612=ORIENTED_EDGE('',*,*,#674,.F.);
#613=ORIENTED_EDGE('',*,*,#866,.F.);
#614=ORIENTED_EDGE('',*,*,#857,.F.);
#615=ORIENTED_EDGE('',*,*,#670,.F.);
#616=ORIENTED_EDGE('',*,*,#867,.T.);
#617=ORIENTED_EDGE('',*,*,#864,.T.);
#618=ORIENTED_EDGE('',*,*,#849,.F.);
#619=ORIENTED_EDGE('',*,*,#868,.F.);
#620=ORIENTED_EDGE('',*,*,#866,.T.);
#621=ORIENTED_EDGE('',*,*,#673,.F.);
#622=ORIENTED_EDGE('',*,*,#869,.F.);
#623=ORIENTED_EDGE('',*,*,#859,.F.);
#624=ORIENTED_EDGE('',*,*,#868,.T.);
#625=ORIENTED_EDGE('',*,*,#847,.F.);
#626=ORIENTED_EDGE('',*,*,#870,.F.);
#627=ORIENTED_EDGE('',*,*,#671,.F.);
#628=ORIENTED_EDGE('',*,*,#869,.T.);
#629=ORIENTED_EDGE('',*,*,#672,.F.);
#630=ORIENTED_EDGE('',*,*,#870,.T.);
#631=ORIENTED_EDGE('',*,*,#845,.F.);
#632=ORIENTED_EDGE('',*,*,#871,.F.);
#633=ORIENTED_EDGE('',*,*,#741,.F.);
#634=ORIENTED_EDGE('',*,*,#872,.F.);
#635=ORIENTED_EDGE('',*,*,#761,.F.);
#636=ORIENTED_EDGE('',*,*,#872,.T.);
#637=ORIENTED_EDGE('',*,*,#743,.F.);
#638=ORIENTED_EDGE('',*,*,#873,.F.);
#639=ORIENTED_EDGE('',*,*,#762,.F.);
#640=ORIENTED_EDGE('',*,*,#871,.T.);
#641=ORIENTED_EDGE('',*,*,#760,.F.);
#642=ORIENTED_EDGE('',*,*,#874,.F.);
#643=ORIENTED_EDGE('',*,*,#738,.F.);
#644=ORIENTED_EDGE('',*,*,#873,.T.);
#645=ORIENTED_EDGE('',*,*,#730,.F.);
#646=ORIENTED_EDGE('',*,*,#875,.F.);
#647=ORIENTED_EDGE('',*,*,#763,.F.);
#648=ORIENTED_EDGE('',*,*,#874,.T.);
#649=ORIENTED_EDGE('',*,*,#759,.F.);
#650=ORIENTED_EDGE('',*,*,#876,.F.);
#651=ORIENTED_EDGE('',*,*,#677,.F.);
#652=ORIENTED_EDGE('',*,*,#861,.F.);
#653=ORIENTED_EDGE('',*,*,#865,.F.);
#654=ORIENTED_EDGE('',*,*,#867,.F.);
#655=ORIENTED_EDGE('',*,*,#669,.F.);
#656=ORIENTED_EDGE('',*,*,#875,.T.);
#657=ORIENTED_EDGE('',*,*,#745,.F.);
#658=ORIENTED_EDGE('',*,*,#877,.F.);
#659=ORIENTED_EDGE('',*,*,#756,.F.);
#660=ORIENTED_EDGE('',*,*,#876,.T.);
#661=ORIENTED_EDGE('',*,*,#758,.F.);
#662=ORIENTED_EDGE('',*,*,#878,.F.);
#663=ORIENTED_EDGE('',*,*,#840,.F.);
#664=ORIENTED_EDGE('',*,*,#877,.T.);
#665=ORIENTED_EDGE('',*,*,#734,.F.);
#666=ORIENTED_EDGE('',*,*,#878,.T.);
#667=ORIENTED_EDGE('',*,*,#757,.F.);
#668=EDGE_CURVE('',#879,#880,#1044,.T.);
#669=EDGE_CURVE('',#879,#881,#180,.T.);
#670=EDGE_CURVE('',#881,#882,#181,.T.);
#671=EDGE_CURVE('',#882,#883,#182,.T.);
#672=EDGE_CURVE('',#883,#884,#183,.T.);
#673=EDGE_CURVE('',#884,#885,#184,.T.);
#674=EDGE_CURVE('',#885,#886,#185,.T.);
#675=EDGE_CURVE('',#886,#887,#186,.T.);
#676=EDGE_CURVE('',#887,#888,#187,.T.);
#677=EDGE_CURVE('',#888,#889,#188,.T.);
#678=EDGE_CURVE('',#889,#890,#189,.T.);
#679=EDGE_CURVE('',#890,#891,#1045,.T.);
#680=EDGE_CURVE('',#891,#880,#1046,.T.);
#681=EDGE_CURVE('',#892,#893,#1047,.T.);
#682=EDGE_CURVE('',#894,#893,#1048,.T.);
#683=EDGE_CURVE('',#895,#894,#1049,.T.);
#684=EDGE_CURVE('',#895,#896,#1050,.T.);
#685=EDGE_CURVE('',#896,#897,#1051,.T.);
#686=EDGE_CURVE('',#892,#897,#1052,.T.);
#687=EDGE_CURVE('',#890,#898,#190,.T.);
#688=EDGE_CURVE('',#898,#899,#1053,.T.);
#689=EDGE_CURVE('',#891,#899,#191,.T.);
#690=EDGE_CURVE('',#900,#901,#1054,.T.);
#691=EDGE_CURVE('',#901,#902,#91,.T.);
#692=EDGE_CURVE('',#902,#903,#1055,.T.);
#693=EDGE_CURVE('',#903,#904,#92,.T.);
#694=EDGE_CURVE('',#904,#905,#1056,.T.);
#695=EDGE_CURVE('',#905,#906,#93,.T.);
#696=EDGE_CURVE('',#906,#907,#1057,.T.);
#697=EDGE_CURVE('',#907,#900,#94,.T.);
#698=EDGE_CURVE('',#908,#909,#1058,.T.);
#699=EDGE_CURVE('',#910,#908,#1059,.T.);
#700=EDGE_CURVE('',#911,#910,#1060,.T.);
#701=EDGE_CURVE('',#911,#912,#1061,.T.);
#702=EDGE_CURVE('',#912,#913,#1062,.T.);
#703=EDGE_CURVE('',#913,#909,#1063,.T.);
#704=EDGE_CURVE('',#908,#895,#192,.T.);
#705=EDGE_CURVE('',#909,#896,#193,.T.);
#706=EDGE_CURVE('',#914,#914,#61,.F.);
#707=EDGE_CURVE('',#915,#915,#62,.F.);
#708=EDGE_CURVE('',#916,#916,#63,.F.);
#709=EDGE_CURVE('',#917,#917,#64,.F.);
#710=EDGE_CURVE('',#918,#918,#65,.F.);
#711=EDGE_CURVE('',#919,#919,#66,.F.);
#712=EDGE_CURVE('',#920,#920,#67,.F.);
#713=EDGE_CURVE('',#921,#921,#68,.F.);
#714=EDGE_CURVE('',#922,#922,#69,.F.);
#715=EDGE_CURVE('',#923,#923,#70,.F.);
#716=EDGE_CURVE('',#924,#924,#71,.F.);
#717=EDGE_CURVE('',#925,#925,#72,.F.);
#718=EDGE_CURVE('',#926,#926,#73,.F.);
#719=EDGE_CURVE('',#927,#927,#74,.F.);
#720=EDGE_CURVE('',#928,#928,#75,.F.);
#721=EDGE_CURVE('',#929,#930,#1064,.T.);
#722=EDGE_CURVE('',#893,#929,#1065,.T.);
#723=EDGE_CURVE('',#931,#892,#194,.T.);
#724=EDGE_CURVE('',#932,#931,#1066,.T.);
#725=EDGE_CURVE('',#933,#932,#195,.T.);
#726=EDGE_CURVE('',#934,#933,#1067,.T.);
#727=EDGE_CURVE('',#912,#934,#196,.T.);
#728=EDGE_CURVE('',#930,#911,#1068,.T.);
#729=EDGE_CURVE('',#935,#936,#1069,.T.);
#730=EDGE_CURVE('',#935,#937,#197,.T.);
#731=EDGE_CURVE('',#937,#938,#1070,.T.);
#732=EDGE_CURVE('',#938,#936,#1071,.T.);
#733=EDGE_CURVE('',#898,#939,#198,.T.);
#734=EDGE_CURVE('',#939,#940,#199,.T.);
#735=EDGE_CURVE('',#940,#941,#1072,.T.);
#736=EDGE_CURVE('',#941,#899,#1073,.T.);
#737=EDGE_CURVE('',#942,#943,#1074,.T.);
#738=EDGE_CURVE('',#942,#879,#200,.T.);
#739=EDGE_CURVE('',#880,#943,#201,.T.);
#740=EDGE_CURVE('',#944,#945,#1075,.T.);
#741=EDGE_CURVE('',#944,#942,#202,.T.);
#742=EDGE_CURVE('',#943,#945,#1076,.T.);
#743=EDGE_CURVE('',#937,#944,#203,.T.);
#744=EDGE_CURVE('',#938,#945,#204,.T.);
#745=EDGE_CURVE('',#940,#935,#205,.T.);
#746=EDGE_CURVE('',#941,#936,#206,.T.);
#747=EDGE_CURVE('',#934,#946,#1077,.T.);
#748=EDGE_CURVE('',#933,#947,#1078,.T.);
#749=EDGE_CURVE('',#947,#946,#1079,.T.);
#750=EDGE_CURVE('',#946,#913,#207,.T.);
#751=EDGE_CURVE('',#931,#948,#1080,.T.);
#752=EDGE_CURVE('',#897,#948,#208,.T.);
#753=EDGE_CURVE('',#932,#949,#1081,.T.);
#754=EDGE_CURVE('',#948,#949,#1082,.T.);
#755=EDGE_CURVE('',#949,#947,#209,.T.);
#756=EDGE_CURVE('',#950,#951,#210,.T.);
#757=EDGE_CURVE('',#951,#952,#211,.T.);
#758=EDGE_CURVE('',#952,#953,#212,.T.);
#759=EDGE_CURVE('',#953,#954,#213,.T.);
#760=EDGE_CURVE('',#954,#955,#214,.T.);
#761=EDGE_CURVE('',#955,#956,#215,.T.);
#762=EDGE_CURVE('',#956,#957,#216,.T.);
#763=EDGE_CURVE('',#957,#950,#217,.T.);
#764=EDGE_CURVE('',#958,#958,#95,.T.);
#765=EDGE_CURVE('',#959,#959,#96,.T.);
#766=EDGE_CURVE('',#960,#960,#97,.T.);
#767=EDGE_CURVE('',#961,#961,#98,.T.);
#768=EDGE_CURVE('',#962,#962,#99,.T.);
#769=EDGE_CURVE('',#963,#963,#100,.T.);
#770=EDGE_CURVE('',#964,#964,#101,.T.);
#771=EDGE_CURVE('',#965,#965,#102,.T.);
#772=EDGE_CURVE('',#966,#966,#103,.T.);
#773=EDGE_CURVE('',#967,#967,#104,.T.);
#774=EDGE_CURVE('',#968,#968,#105,.T.);
#775=EDGE_CURVE('',#969,#969,#106,.T.);
#776=EDGE_CURVE('',#970,#970,#107,.T.);
#777=EDGE_CURVE('',#971,#971,#108,.T.);
#778=EDGE_CURVE('',#972,#972,#109,.T.);
#779=EDGE_CURVE('',#973,#973,#110,.T.);
#780=EDGE_CURVE('',#974,#974,#111,.T.);
#781=EDGE_CURVE('',#975,#975,#112,.T.);
#782=EDGE_CURVE('',#976,#976,#113,.T.);
#783=EDGE_CURVE('',#977,#977,#114,.T.);
#784=EDGE_CURVE('',#978,#978,#115,.T.);
#785=EDGE_CURVE('',#979,#979,#116,.T.);
#786=EDGE_CURVE('',#980,#980,#117,.T.);
#787=EDGE_CURVE('',#981,#981,#118,.T.);
#788=EDGE_CURVE('',#982,#982,#119,.T.);
#789=EDGE_CURVE('',#983,#983,#120,.T.);
#790=EDGE_CURVE('',#984,#984,#121,.T.);
#791=EDGE_CURVE('',#985,#985,#122,.T.);
#792=EDGE_CURVE('',#986,#986,#123,.T.);
#793=EDGE_CURVE('',#987,#987,#124,.T.);
#794=EDGE_CURVE('',#988,#988,#125,.T.);
#795=EDGE_CURVE('',#989,#989,#126,.T.);
#796=EDGE_CURVE('',#990,#990,#76,.F.);
#797=EDGE_CURVE('',#991,#991,#127,.T.);
#798=EDGE_CURVE('',#992,#992,#128,.T.);
#799=EDGE_CURVE('',#993,#993,#77,.F.);
#800=EDGE_CURVE('',#994,#994,#129,.T.);
#801=EDGE_CURVE('',#995,#995,#130,.T.);
#802=EDGE_CURVE('',#996,#996,#78,.F.);
#803=EDGE_CURVE('',#997,#997,#131,.T.);
#804=EDGE_CURVE('',#998,#998,#132,.T.);
#805=EDGE_CURVE('',#999,#999,#79,.F.);
#806=EDGE_CURVE('',#1000,#1000,#133,.T.);
#807=EDGE_CURVE('',#1001,#1001,#134,.T.);
#808=EDGE_CURVE('',#1002,#1002,#80,.F.);
#809=EDGE_CURVE('',#1003,#1003,#135,.T.);
#810=EDGE_CURVE('',#1004,#1004,#136,.T.);
#811=EDGE_CURVE('',#1005,#1005,#81,.F.);
#812=EDGE_CURVE('',#1006,#1006,#137,.T.);
#813=EDGE_CURVE('',#1007,#1007,#138,.T.);
#814=EDGE_CURVE('',#1008,#1008,#82,.F.);
#815=EDGE_CURVE('',#1009,#1009,#139,.T.);
#816=EDGE_CURVE('',#1010,#1010,#140,.T.);
#817=EDGE_CURVE('',#1011,#1011,#83,.F.);
#818=EDGE_CURVE('',#1012,#1012,#141,.T.);
#819=EDGE_CURVE('',#1013,#1013,#142,.T.);
#820=EDGE_CURVE('',#1014,#1014,#84,.F.);
#821=EDGE_CURVE('',#1015,#1015,#143,.T.);
#822=EDGE_CURVE('',#1016,#1016,#144,.T.);
#823=EDGE_CURVE('',#1017,#1017,#85,.F.);
#824=EDGE_CURVE('',#1018,#1018,#145,.T.);
#825=EDGE_CURVE('',#1019,#1019,#146,.T.);
#826=EDGE_CURVE('',#1020,#1020,#86,.F.);
#827=EDGE_CURVE('',#1021,#1021,#147,.T.);
#828=EDGE_CURVE('',#1022,#1022,#148,.T.);
#829=EDGE_CURVE('',#1023,#1023,#87,.F.);
#830=EDGE_CURVE('',#1024,#1024,#149,.T.);
#831=EDGE_CURVE('',#1025,#1025,#150,.T.);
#832=EDGE_CURVE('',#1026,#1026,#88,.F.);
#833=EDGE_CURVE('',#1027,#1027,#151,.T.);
#834=EDGE_CURVE('',#1028,#1028,#152,.T.);
#835=EDGE_CURVE('',#1029,#1029,#89,.F.);
#836=EDGE_CURVE('',#1030,#1030,#153,.T.);
#837=EDGE_CURVE('',#1031,#1031,#154,.T.);
#838=EDGE_CURVE('',#1032,#1032,#90,.F.);
#839=EDGE_CURVE('',#910,#930,#1083,.T.);
#840=EDGE_CURVE('',#889,#939,#218,.T.);
#841=EDGE_CURVE('',#930,#1033,#1084,.T.);
#842=EDGE_CURVE('',#1033,#929,#1085,.T.);
#843=EDGE_CURVE('',#1033,#894,#1086,.T.);
#844=EDGE_CURVE('',#901,#1034,#1087,.T.);
#845=EDGE_CURVE('',#1034,#1035,#219,.T.);
#846=EDGE_CURVE('',#902,#1035,#1088,.T.);
#847=EDGE_CURVE('',#1035,#1036,#220,.T.);
#848=EDGE_CURVE('',#903,#1036,#1089,.T.);
#849=EDGE_CURVE('',#1036,#1037,#221,.T.);
#850=EDGE_CURVE('',#904,#1037,#1090,.T.);
#851=EDGE_CURVE('',#1037,#1038,#222,.T.);
#852=EDGE_CURVE('',#905,#1038,#1091,.T.);
#853=EDGE_CURVE('',#1038,#1039,#223,.T.);
#854=EDGE_CURVE('',#906,#1039,#1092,.T.);
#855=EDGE_CURVE('',#1039,#1040,#224,.T.);
#856=EDGE_CURVE('',#907,#1040,#1093,.T.);
#857=EDGE_CURVE('',#1040,#1041,#225,.T.);
#858=EDGE_CURVE('',#900,#1041,#1094,.T.);
#859=EDGE_CURVE('',#1041,#1034,#226,.T.);
#860=EDGE_CURVE('',#1042,#1038,#227,.T.);
#861=EDGE_CURVE('',#1042,#888,#228,.F.);
#862=EDGE_CURVE('',#1039,#887,#229,.T.);
#863=EDGE_CURVE('',#1040,#886,#230,.F.);
#864=EDGE_CURVE('',#1043,#1037,#231,.F.);
#865=EDGE_CURVE('',#1043,#1042,#232,.T.);
#866=EDGE_CURVE('',#1041,#885,#233,.T.);
#867=EDGE_CURVE('',#881,#1043,#234,.F.);
#868=EDGE_CURVE('',#882,#1036,#235,.T.);
#869=EDGE_CURVE('',#1034,#884,#236,.F.);
#870=EDGE_CURVE('',#883,#1035,#237,.F.);
#871=EDGE_CURVE('',#942,#955,#238,.F.);
#872=EDGE_CURVE('',#956,#944,#239,.F.);
#873=EDGE_CURVE('',#957,#937,#240,.T.);
#874=EDGE_CURVE('',#879,#954,#241,.T.);
#875=EDGE_CURVE('',#950,#935,#242,.F.);
#876=EDGE_CURVE('',#889,#953,#243,.F.);
#877=EDGE_CURVE('',#951,#940,#244,.T.);
#878=EDGE_CURVE('',#939,#952,#245,.T.);
#879=VERTEX_POINT('',#2498);
#880=VERTEX_POINT('',#2499);
#881=VERTEX_POINT('',#2504);
#882=VERTEX_POINT('',#2509);
#883=VERTEX_POINT('',#2514);
#884=VERTEX_POINT('',#2520);
#885=VERTEX_POINT('',#2525);
#886=VERTEX_POINT('',#2531);
#887=VERTEX_POINT('',#2536);
#888=VERTEX_POINT('',#2541);
#889=VERTEX_POINT('',#2546);
#890=VERTEX_POINT('',#2551);
#891=VERTEX_POINT('',#2553);
#892=VERTEX_POINT('',#2557);
#893=VERTEX_POINT('',#2558);
#894=VERTEX_POINT('',#2560);
#895=VERTEX_POINT('',#2562);
#896=VERTEX_POINT('',#2564);
#897=VERTEX_POINT('',#2566);
#898=VERTEX_POINT('',#2631);
#899=VERTEX_POINT('',#2633);
#900=VERTEX_POINT('',#2655);
#901=VERTEX_POINT('',#2656);
#902=VERTEX_POINT('',#2658);
#903=VERTEX_POINT('',#2660);
#904=VERTEX_POINT('',#2662);
#905=VERTEX_POINT('',#2664);
#906=VERTEX_POINT('',#2666);
#907=VERTEX_POINT('',#2668);
#908=VERTEX_POINT('',#2671);
#909=VERTEX_POINT('',#2672);
#910=VERTEX_POINT('',#2674);
#911=VERTEX_POINT('',#2676);
#912=VERTEX_POINT('',#2678);
#913=VERTEX_POINT('',#2680);
#914=VERTEX_POINT('',#2826);
#915=VERTEX_POINT('',#2828);
#916=VERTEX_POINT('',#2830);
#917=VERTEX_POINT('',#2832);
#918=VERTEX_POINT('',#2834);
#919=VERTEX_POINT('',#2836);
#920=VERTEX_POINT('',#2838);
#921=VERTEX_POINT('',#2840);
#922=VERTEX_POINT('',#2842);
#923=VERTEX_POINT('',#2844);
#924=VERTEX_POINT('',#2846);
#925=VERTEX_POINT('',#2848);
#926=VERTEX_POINT('',#2850);
#927=VERTEX_POINT('',#2852);
#928=VERTEX_POINT('',#2854);
#929=VERTEX_POINT('',#2856);
#930=VERTEX_POINT('',#2857);
#931=VERTEX_POINT('',#2866);
#932=VERTEX_POINT('',#2868);
#933=VERTEX_POINT('',#2876);
#934=VERTEX_POINT('',#2878);
#935=VERTEX_POINT('',#2889);
#936=VERTEX_POINT('',#2890);
#937=VERTEX_POINT('',#2895);
#938=VERTEX_POINT('',#2897);
#939=VERTEX_POINT('',#2904);
#940=VERTEX_POINT('',#2909);
#941=VERTEX_POINT('',#2911);
#942=VERTEX_POINT('',#2928);
#943=VERTEX_POINT('',#2929);
#944=VERTEX_POINT('',#2954);
#945=VERTEX_POINT('',#2955);
#946=VERTEX_POINT('',#3135);
#947=VERTEX_POINT('',#3137);
#948=VERTEX_POINT('',#3268);
#949=VERTEX_POINT('',#3323);
#950=VERTEX_POINT('',#3436);
#951=VERTEX_POINT('',#3437);
#952=VERTEX_POINT('',#3442);
#953=VERTEX_POINT('',#3468);
#954=VERTEX_POINT('',#3473);
#955=VERTEX_POINT('',#3493);
#956=VERTEX_POINT('',#3498);
#957=VERTEX_POINT('',#3518);
#958=VERTEX_POINT('',#3525);
#959=VERTEX_POINT('',#3528);
#960=VERTEX_POINT('',#3531);
#961=VERTEX_POINT('',#3534);
#962=VERTEX_POINT('',#3537);
#963=VERTEX_POINT('',#3540);
#964=VERTEX_POINT('',#3543);
#965=VERTEX_POINT('',#3546);
#966=VERTEX_POINT('',#3549);
#967=VERTEX_POINT('',#3552);
#968=VERTEX_POINT('',#3555);
#969=VERTEX_POINT('',#3558);
#970=VERTEX_POINT('',#3561);
#971=VERTEX_POINT('',#3564);
#972=VERTEX_POINT('',#3567);
#973=VERTEX_POINT('',#3570);
#974=VERTEX_POINT('',#3573);
#975=VERTEX_POINT('',#3576);
#976=VERTEX_POINT('',#3579);
#977=VERTEX_POINT('',#3582);
#978=VERTEX_POINT('',#3585);
#979=VERTEX_POINT('',#3588);
#980=VERTEX_POINT('',#3591);
#981=VERTEX_POINT('',#3594);
#982=VERTEX_POINT('',#3597);
#983=VERTEX_POINT('',#3600);
#984=VERTEX_POINT('',#3603);
#985=VERTEX_POINT('',#3606);
#986=VERTEX_POINT('',#3609);
#987=VERTEX_POINT('',#3612);
#988=VERTEX_POINT('',#3615);
#989=VERTEX_POINT('',#3618);
#990=VERTEX_POINT('',#3621);
#991=VERTEX_POINT('',#3625);
#992=VERTEX_POINT('',#3628);
#993=VERTEX_POINT('',#3631);
#994=VERTEX_POINT('',#3635);
#995=VERTEX_POINT('',#3638);
#996=VERTEX_POINT('',#3641);
#997=VERTEX_POINT('',#3645);
#998=VERTEX_POINT('',#3648);
#999=VERTEX_POINT('',#3651);
#1000=VERTEX_POINT('',#3655);
#1001=VERTEX_POINT('',#3658);
#1002=VERTEX_POINT('',#3661);
#1003=VERTEX_POINT('',#3665);
#1004=VERTEX_POINT('',#3668);
#1005=VERTEX_POINT('',#3671);
#1006=VERTEX_POINT('',#3675);
#1007=VERTEX_POINT('',#3678);
#1008=VERTEX_POINT('',#3681);
#1009=VERTEX_POINT('',#3685);
#1010=VERTEX_POINT('',#3688);
#1011=VERTEX_POINT('',#3691);
#1012=VERTEX_POINT('',#3695);
#1013=VERTEX_POINT('',#3698);
#1014=VERTEX_POINT('',#3701);
#1015=VERTEX_POINT('',#3705);
#1016=VERTEX_POINT('',#3708);
#1017=VERTEX_POINT('',#3711);
#1018=VERTEX_POINT('',#3715);
#1019=VERTEX_POINT('',#3718);
#1020=VERTEX_POINT('',#3721);
#1021=VERTEX_POINT('',#3725);
#1022=VERTEX_POINT('',#3728);
#1023=VERTEX_POINT('',#3731);
#1024=VERTEX_POINT('',#3735);
#1025=VERTEX_POINT('',#3738);
#1026=VERTEX_POINT('',#3741);
#1027=VERTEX_POINT('',#3745);
#1028=VERTEX_POINT('',#3748);
#1029=VERTEX_POINT('',#3751);
#1030=VERTEX_POINT('',#3755);
#1031=VERTEX_POINT('',#3758);
#1032=VERTEX_POINT('',#3761);
#1033=VERTEX_POINT('',#3826);
#1034=VERTEX_POINT('',#3833);
#1035=VERTEX_POINT('',#3839);
#1036=VERTEX_POINT('',#3846);
#1037=VERTEX_POINT('',#3854);
#1038=VERTEX_POINT('',#3861);
#1039=VERTEX_POINT('',#3869);
#1040=VERTEX_POINT('',#3876);
#1041=VERTEX_POINT('',#3884);
#1042=VERTEX_POINT('',#3987);
#1043=VERTEX_POINT('',#4049);
#1044=LINE('',#2497,#1095);
#1045=LINE('',#2552,#1096);
#1046=LINE('',#2554,#1097);
#1047=LINE('',#2556,#1098);
#1048=LINE('',#2559,#1099);
#1049=LINE('',#2561,#1100);
#1050=LINE('',#2563,#1101);
#1051=LINE('',#2565,#1102);
#1052=LINE('',#2567,#1103);
#1053=LINE('',#2632,#1104);
#1054=LINE('',#2654,#1105);
#1055=LINE('',#2659,#1106);
#1056=LINE('',#2663,#1107);
#1057=LINE('',#2667,#1108);
#1058=LINE('',#2670,#1109);
#1059=LINE('',#2673,#1110);
#1060=LINE('',#2675,#1111);
#1061=LINE('',#2677,#1112);
#1062=LINE('',#2679,#1113);
#1063=LINE('',#2681,#1114);
#1064=LINE('',#2855,#1115);
#1065=LINE('',#2858,#1116);
#1066=LINE('',#2867,#1117);
#1067=LINE('',#2877,#1118);
#1068=LINE('',#2886,#1119);
#1069=LINE('',#2888,#1120);
#1070=LINE('',#2896,#1121);
#1071=LINE('',#2898,#1122);
#1072=LINE('',#2910,#1123);
#1073=LINE('',#2912,#1124);
#1074=LINE('',#2927,#1125);
#1075=LINE('',#2953,#1126);
#1076=LINE('',#2960,#1127);
#1077=LINE('',#3134,#1128);
#1078=LINE('',#3136,#1129);
#1079=LINE('',#3138,#1130);
#1080=LINE('',#3267,#1131);
#1081=LINE('',#3322,#1132);
#1082=LINE('',#3324,#1133);
#1083=LINE('',#3764,#1134);
#1084=LINE('',#3825,#1135);
#1085=LINE('',#3827,#1136);
#1086=LINE('',#3829,#1137);
#1087=LINE('',#3832,#1138);
#1088=LINE('',#3840,#1139);
#1089=LINE('',#3847,#1140);
#1090=LINE('',#3855,#1141);
#1091=LINE('',#3862,#1142);
#1092=LINE('',#3870,#1143);
#1093=LINE('',#3877,#1144);
#1094=LINE('',#3885,#1145);
#1095=VECTOR('',#2032,1.);
#1096=VECTOR('',#2033,1.);
#1097=VECTOR('',#2034,1.);
#1098=VECTOR('',#2037,1.);
#1099=VECTOR('',#2038,1.);
#1100=VECTOR('',#2039,1.);
#1101=VECTOR('',#2040,1.);
#1102=VECTOR('',#2041,1.);
#1103=VECTOR('',#2042,1.);
#1104=VECTOR('',#2043,1.);
#1105=VECTOR('',#2046,1.);
#1106=VECTOR('',#2049,1.);
#1107=VECTOR('',#2052,1.);
#1108=VECTOR('',#2055,1.);
#1109=VECTOR('',#2058,1.);
#1110=VECTOR('',#2059,1.);
#1111=VECTOR('',#2060,1.);
#1112=VECTOR('',#2061,1.);
#1113=VECTOR('',#2062,1.);
#1114=VECTOR('',#2063,1.);
#1115=VECTOR('',#2096,1.);
#1116=VECTOR('',#2097,1.);
#1117=VECTOR('',#2098,1.);
#1118=VECTOR('',#2099,1.);
#1119=VECTOR('',#2100,1.);
#1120=VECTOR('',#2103,1.);
#1121=VECTOR('',#2104,1.);
#1122=VECTOR('',#2105,1.);
#1123=VECTOR('',#2108,1.);
#1124=VECTOR('',#2109,1.);
#1125=VECTOR('',#2110,1.);
#1126=VECTOR('',#2113,1.);
#1127=VECTOR('',#2114,1.);
#1128=VECTOR('',#2117,1.);
#1129=VECTOR('',#2118,1.);
#1130=VECTOR('',#2119,1.);
#1131=VECTOR('',#2120,1.);
#1132=VECTOR('',#2123,1.);
#1133=VECTOR('',#2124,1.);
#1134=VECTOR('',#2461,1.);
#1135=VECTOR('',#2464,1.);
#1136=VECTOR('',#2465,1.);
#1137=VECTOR('',#2468,1.);
#1138=VECTOR('',#2473,1.);
#1139=VECTOR('',#2474,1.);
#1140=VECTOR('',#2477,1.);
#1141=VECTOR('',#2480,1.);
#1142=VECTOR('',#2483,1.);
#1143=VECTOR('',#2486,1.);
#1144=VECTOR('',#2489,1.);
#1145=VECTOR('',#2492,1.);
#1146=EDGE_LOOP('',(#246,#247,#248,#249,#250,#251,#252,#253,#254,#255,#256,
#257,#258));
#1147=EDGE_LOOP('',(#259,#260,#261,#262,#263,#264));
#1148=EDGE_LOOP('',(#265,#266,#267,#268));
#1149=EDGE_LOOP('',(#269,#270,#271,#272,#273,#274,#275,#276));
#1150=EDGE_LOOP('',(#277,#278,#279,#280,#281,#282));
#1151=EDGE_LOOP('',(#283,#284,#285,#286));
#1152=EDGE_LOOP('',(#287));
#1153=EDGE_LOOP('',(#288));
#1154=EDGE_LOOP('',(#289));
#1155=EDGE_LOOP('',(#290));
#1156=EDGE_LOOP('',(#291));
#1157=EDGE_LOOP('',(#292));
#1158=EDGE_LOOP('',(#293));
#1159=EDGE_LOOP('',(#294));
#1160=EDGE_LOOP('',(#295));
#1161=EDGE_LOOP('',(#296));
#1162=EDGE_LOOP('',(#297));
#1163=EDGE_LOOP('',(#298));
#1164=EDGE_LOOP('',(#299));
#1165=EDGE_LOOP('',(#300));
#1166=EDGE_LOOP('',(#301));
#1167=EDGE_LOOP('',(#302,#303,#304,#305,#306,#307,#308,#309,#310,#311));
#1168=EDGE_LOOP('',(#312,#313,#314,#315));
#1169=EDGE_LOOP('',(#316,#317,#318,#319,#320));
#1170=EDGE_LOOP('',(#321,#322,#323,#324));
#1171=EDGE_LOOP('',(#325,#326,#327,#328));
#1172=EDGE_LOOP('',(#329,#330,#331,#332));
#1173=EDGE_LOOP('',(#333,#334,#335,#336));
#1174=EDGE_LOOP('',(#337,#338,#339,#340));
#1175=EDGE_LOOP('',(#341,#342,#343,#344));
#1176=EDGE_LOOP('',(#345,#346,#347,#348));
#1177=EDGE_LOOP('',(#349,#350,#351,#352));
#1178=EDGE_LOOP('',(#353,#354,#355,#356));
#1179=EDGE_LOOP('',(#357,#358,#359,#360,#361,#362,#363,#364));
#1180=EDGE_LOOP('',(#365,#366,#367,#368,#369,#370,#371,#372));
#1181=EDGE_LOOP('',(#373,#374,#375,#376,#377,#378,#379,#380));
#1182=EDGE_LOOP('',(#381));
#1183=EDGE_LOOP('',(#382));
#1184=EDGE_LOOP('',(#383));
#1185=EDGE_LOOP('',(#384));
#1186=EDGE_LOOP('',(#385));
#1187=EDGE_LOOP('',(#386));
#1188=EDGE_LOOP('',(#387));
#1189=EDGE_LOOP('',(#388));
#1190=EDGE_LOOP('',(#389));
#1191=EDGE_LOOP('',(#390));
#1192=EDGE_LOOP('',(#391));
#1193=EDGE_LOOP('',(#392));
#1194=EDGE_LOOP('',(#393));
#1195=EDGE_LOOP('',(#394));
#1196=EDGE_LOOP('',(#395));
#1197=EDGE_LOOP('',(#396));
#1198=EDGE_LOOP('',(#397));
#1199=EDGE_LOOP('',(#398));
#1200=EDGE_LOOP('',(#399));
#1201=EDGE_LOOP('',(#400));
#1202=EDGE_LOOP('',(#401));
#1203=EDGE_LOOP('',(#402));
#1204=EDGE_LOOP('',(#403));
#1205=EDGE_LOOP('',(#404));
#1206=EDGE_LOOP('',(#405));
#1207=EDGE_LOOP('',(#406));
#1208=EDGE_LOOP('',(#407));
#1209=EDGE_LOOP('',(#408));
#1210=EDGE_LOOP('',(#409));
#1211=EDGE_LOOP('',(#410));
#1212=EDGE_LOOP('',(#411));
#1213=EDGE_LOOP('',(#412));
#1214=EDGE_LOOP('',(#413));
#1215=EDGE_LOOP('',(#414));
#1216=EDGE_LOOP('',(#415));
#1217=EDGE_LOOP('',(#416));
#1218=EDGE_LOOP('',(#417));
#1219=EDGE_LOOP('',(#418));
#1220=EDGE_LOOP('',(#419));
#1221=EDGE_LOOP('',(#420));
#1222=EDGE_LOOP('',(#421));
#1223=EDGE_LOOP('',(#422));
#1224=EDGE_LOOP('',(#423));
#1225=EDGE_LOOP('',(#424));
#1226=EDGE_LOOP('',(#425));
#1227=EDGE_LOOP('',(#426));
#1228=EDGE_LOOP('',(#427));
#1229=EDGE_LOOP('',(#428));
#1230=EDGE_LOOP('',(#429));
#1231=EDGE_LOOP('',(#430));
#1232=EDGE_LOOP('',(#431));
#1233=EDGE_LOOP('',(#432));
#1234=EDGE_LOOP('',(#433));
#1235=EDGE_LOOP('',(#434));
#1236=EDGE_LOOP('',(#435));
#1237=EDGE_LOOP('',(#436));
#1238=EDGE_LOOP('',(#437));
#1239=EDGE_LOOP('',(#438));
#1240=EDGE_LOOP('',(#439));
#1241=EDGE_LOOP('',(#440));
#1242=EDGE_LOOP('',(#441));
#1243=EDGE_LOOP('',(#442));
#1244=EDGE_LOOP('',(#443));
#1245=EDGE_LOOP('',(#444));
#1246=EDGE_LOOP('',(#445));
#1247=EDGE_LOOP('',(#446));
#1248=EDGE_LOOP('',(#447));
#1249=EDGE_LOOP('',(#448));
#1250=EDGE_LOOP('',(#449));
#1251=EDGE_LOOP('',(#450));
#1252=EDGE_LOOP('',(#451));
#1253=EDGE_LOOP('',(#452));
#1254=EDGE_LOOP('',(#453));
#1255=EDGE_LOOP('',(#454));
#1256=EDGE_LOOP('',(#455));
#1257=EDGE_LOOP('',(#456));
#1258=EDGE_LOOP('',(#457));
#1259=EDGE_LOOP('',(#458));
#1260=EDGE_LOOP('',(#459));
#1261=EDGE_LOOP('',(#460));
#1262=EDGE_LOOP('',(#461));
#1263=EDGE_LOOP('',(#462));
#1264=EDGE_LOOP('',(#463));
#1265=EDGE_LOOP('',(#464));
#1266=EDGE_LOOP('',(#465));
#1267=EDGE_LOOP('',(#466));
#1268=EDGE_LOOP('',(#467));
#1269=EDGE_LOOP('',(#468));
#1270=EDGE_LOOP('',(#469));
#1271=EDGE_LOOP('',(#470));
#1272=EDGE_LOOP('',(#471));
#1273=EDGE_LOOP('',(#472));
#1274=EDGE_LOOP('',(#473));
#1275=EDGE_LOOP('',(#474));
#1276=EDGE_LOOP('',(#475));
#1277=EDGE_LOOP('',(#476));
#1278=EDGE_LOOP('',(#477));
#1279=EDGE_LOOP('',(#478));
#1280=EDGE_LOOP('',(#479));
#1281=EDGE_LOOP('',(#480));
#1282=EDGE_LOOP('',(#481));
#1283=EDGE_LOOP('',(#482));
#1284=EDGE_LOOP('',(#483));
#1285=EDGE_LOOP('',(#484));
#1286=EDGE_LOOP('',(#485));
#1287=EDGE_LOOP('',(#486));
#1288=EDGE_LOOP('',(#487));
#1289=EDGE_LOOP('',(#488));
#1290=EDGE_LOOP('',(#489));
#1291=EDGE_LOOP('',(#490));
#1292=EDGE_LOOP('',(#491));
#1293=EDGE_LOOP('',(#492));
#1294=EDGE_LOOP('',(#493));
#1295=EDGE_LOOP('',(#494));
#1296=EDGE_LOOP('',(#495));
#1297=EDGE_LOOP('',(#496));
#1298=EDGE_LOOP('',(#497));
#1299=EDGE_LOOP('',(#498));
#1300=EDGE_LOOP('',(#499));
#1301=EDGE_LOOP('',(#500));
#1302=EDGE_LOOP('',(#501));
#1303=EDGE_LOOP('',(#502));
#1304=EDGE_LOOP('',(#503));
#1305=EDGE_LOOP('',(#504));
#1306=EDGE_LOOP('',(#505));
#1307=EDGE_LOOP('',(#506));
#1308=EDGE_LOOP('',(#507));
#1309=EDGE_LOOP('',(#508));
#1310=EDGE_LOOP('',(#509));
#1311=EDGE_LOOP('',(#510));
#1312=EDGE_LOOP('',(#511));
#1313=EDGE_LOOP('',(#512));
#1314=EDGE_LOOP('',(#513));
#1315=EDGE_LOOP('',(#514));
#1316=EDGE_LOOP('',(#515));
#1317=EDGE_LOOP('',(#516));
#1318=EDGE_LOOP('',(#517));
#1319=EDGE_LOOP('',(#518));
#1320=EDGE_LOOP('',(#519));
#1321=EDGE_LOOP('',(#520));
#1322=EDGE_LOOP('',(#521));
#1323=EDGE_LOOP('',(#522));
#1324=EDGE_LOOP('',(#523));
#1325=EDGE_LOOP('',(#524));
#1326=EDGE_LOOP('',(#525));
#1327=EDGE_LOOP('',(#526));
#1328=EDGE_LOOP('',(#527));
#1329=EDGE_LOOP('',(#528));
#1330=EDGE_LOOP('',(#529));
#1331=EDGE_LOOP('',(#530));
#1332=EDGE_LOOP('',(#531));
#1333=EDGE_LOOP('',(#532));
#1334=EDGE_LOOP('',(#533));
#1335=EDGE_LOOP('',(#534));
#1336=EDGE_LOOP('',(#535));
#1337=EDGE_LOOP('',(#536));
#1338=EDGE_LOOP('',(#537));
#1339=EDGE_LOOP('',(#538));
#1340=EDGE_LOOP('',(#539));
#1341=EDGE_LOOP('',(#540));
#1342=EDGE_LOOP('',(#541));
#1343=EDGE_LOOP('',(#542));
#1344=EDGE_LOOP('',(#543));
#1345=EDGE_LOOP('',(#544));
#1346=EDGE_LOOP('',(#545));
#1347=EDGE_LOOP('',(#546,#547,#548));
#1348=EDGE_LOOP('',(#549,#550,#551,#552));
#1349=EDGE_LOOP('',(#553,#554,#555));
#1350=EDGE_LOOP('',(#556,#557,#558,#559));
#1351=EDGE_LOOP('',(#560,#561,#562,#563,#564,#565));
#1352=EDGE_LOOP('',(#566,#567,#568,#569));
#1353=EDGE_LOOP('',(#570,#571,#572,#573));
#1354=EDGE_LOOP('',(#574,#575,#576,#577));
#1355=EDGE_LOOP('',(#578,#579,#580,#581));
#1356=EDGE_LOOP('',(#582,#583,#584,#585));
#1357=EDGE_LOOP('',(#586,#587,#588,#589));
#1358=EDGE_LOOP('',(#590,#591,#592,#593));
#1359=EDGE_LOOP('',(#594,#595,#596,#597));
#1360=EDGE_LOOP('',(#598,#599,#600,#601,#602));
#1361=EDGE_LOOP('',(#603,#604,#605,#606));
#1362=EDGE_LOOP('',(#607,#608,#609,#610));
#1363=EDGE_LOOP('',(#611,#612,#613,#614));
#1364=EDGE_LOOP('',(#615,#616,#617,#618,#619));
#1365=EDGE_LOOP('',(#620,#621,#622,#623));
#1366=EDGE_LOOP('',(#624,#625,#626,#627));
#1367=EDGE_LOOP('',(#628,#629,#630,#631));
#1368=EDGE_LOOP('',(#632,#633,#634,#635));
#1369=EDGE_LOOP('',(#636,#637,#638,#639));
#1370=EDGE_LOOP('',(#640,#641,#642,#643));
#1371=EDGE_LOOP('',(#644,#645,#646,#647));
#1372=EDGE_LOOP('',(#648,#649,#650,#651,#652,#653,#654,#655));
#1373=EDGE_LOOP('',(#656,#657,#658,#659));
#1374=EDGE_LOOP('',(#660,#661,#662,#663));
#1375=EDGE_LOOP('',(#664,#665,#666,#667));
#1376=FACE_BOUND('',#1146,.T.);
#1377=FACE_BOUND('',#1147,.T.);
#1378=FACE_BOUND('',#1148,.T.);
#1379=FACE_BOUND('',#1149,.T.);
#1380=FACE_BOUND('',#1150,.T.);
#1381=FACE_BOUND('',#1151,.T.);
#1382=FACE_BOUND('',#1152,.T.);
#1383=FACE_BOUND('',#1153,.T.);
#1384=FACE_BOUND('',#1154,.T.);
#1385=FACE_BOUND('',#1155,.T.);
#1386=FACE_BOUND('',#1156,.T.);
#1387=FACE_BOUND('',#1157,.T.);
#1388=FACE_BOUND('',#1158,.T.);
#1389=FACE_BOUND('',#1159,.T.);
#1390=FACE_BOUND('',#1160,.T.);
#1391=FACE_BOUND('',#1161,.T.);
#1392=FACE_BOUND('',#1162,.T.);
#1393=FACE_BOUND('',#1163,.T.);
#1394=FACE_BOUND('',#1164,.T.);
#1395=FACE_BOUND('',#1165,.T.);
#1396=FACE_BOUND('',#1166,.T.);
#1397=FACE_BOUND('',#1167,.T.);
#1398=FACE_BOUND('',#1168,.T.);
#1399=FACE_BOUND('',#1169,.T.);
#1400=FACE_BOUND('',#1170,.T.);
#1401=FACE_BOUND('',#1171,.T.);
#1402=FACE_BOUND('',#1172,.T.);
#1403=FACE_BOUND('',#1173,.T.);
#1404=FACE_BOUND('',#1174,.T.);
#1405=FACE_BOUND('',#1175,.T.);
#1406=FACE_BOUND('',#1176,.T.);
#1407=FACE_BOUND('',#1177,.T.);
#1408=FACE_BOUND('',#1178,.T.);
#1409=FACE_BOUND('',#1179,.T.);
#1410=FACE_BOUND('',#1180,.T.);
#1411=FACE_BOUND('',#1181,.T.);
#1412=FACE_BOUND('',#1182,.T.);
#1413=FACE_BOUND('',#1183,.T.);
#1414=FACE_BOUND('',#1184,.T.);
#1415=FACE_BOUND('',#1185,.T.);
#1416=FACE_BOUND('',#1186,.T.);
#1417=FACE_BOUND('',#1187,.T.);
#1418=FACE_BOUND('',#1188,.T.);
#1419=FACE_BOUND('',#1189,.T.);
#1420=FACE_BOUND('',#1190,.T.);
#1421=FACE_BOUND('',#1191,.T.);
#1422=FACE_BOUND('',#1192,.T.);
#1423=FACE_BOUND('',#1193,.T.);
#1424=FACE_BOUND('',#1194,.T.);
#1425=FACE_BOUND('',#1195,.T.);
#1426=FACE_BOUND('',#1196,.T.);
#1427=FACE_BOUND('',#1197,.T.);
#1428=FACE_BOUND('',#1198,.T.);
#1429=FACE_BOUND('',#1199,.T.);
#1430=FACE_BOUND('',#1200,.T.);
#1431=FACE_BOUND('',#1201,.T.);
#1432=FACE_BOUND('',#1202,.T.);
#1433=FACE_BOUND('',#1203,.T.);
#1434=FACE_BOUND('',#1204,.T.);
#1435=FACE_BOUND('',#1205,.T.);
#1436=FACE_BOUND('',#1206,.T.);
#1437=FACE_BOUND('',#1207,.T.);
#1438=FACE_BOUND('',#1208,.T.);
#1439=FACE_BOUND('',#1209,.T.);
#1440=FACE_BOUND('',#1210,.T.);
#1441=FACE_BOUND('',#1211,.T.);
#1442=FACE_BOUND('',#1212,.T.);
#1443=FACE_BOUND('',#1213,.T.);
#1444=FACE_BOUND('',#1214,.T.);
#1445=FACE_BOUND('',#1215,.T.);
#1446=FACE_BOUND('',#1216,.T.);
#1447=FACE_BOUND('',#1217,.T.);
#1448=FACE_BOUND('',#1218,.T.);
#1449=FACE_BOUND('',#1219,.T.);
#1450=FACE_BOUND('',#1220,.T.);
#1451=FACE_BOUND('',#1221,.T.);
#1452=FACE_BOUND('',#1222,.T.);
#1453=FACE_BOUND('',#1223,.T.);
#1454=FACE_BOUND('',#1224,.T.);
#1455=FACE_BOUND('',#1225,.T.);
#1456=FACE_BOUND('',#1226,.T.);
#1457=FACE_BOUND('',#1227,.T.);
#1458=FACE_BOUND('',#1228,.T.);
#1459=FACE_BOUND('',#1229,.T.);
#1460=FACE_BOUND('',#1230,.T.);
#1461=FACE_BOUND('',#1231,.T.);
#1462=FACE_BOUND('',#1232,.T.);
#1463=FACE_BOUND('',#1233,.T.);
#1464=FACE_BOUND('',#1234,.T.);
#1465=FACE_BOUND('',#1235,.T.);
#1466=FACE_BOUND('',#1236,.T.);
#1467=FACE_BOUND('',#1237,.T.);
#1468=FACE_BOUND('',#1238,.T.);
#1469=FACE_BOUND('',#1239,.T.);
#1470=FACE_BOUND('',#1240,.T.);
#1471=FACE_BOUND('',#1241,.T.);
#1472=FACE_BOUND('',#1242,.T.);
#1473=FACE_BOUND('',#1243,.T.);
#1474=FACE_BOUND('',#1244,.T.);
#1475=FACE_BOUND('',#1245,.T.);
#1476=FACE_BOUND('',#1246,.T.);
#1477=FACE_BOUND('',#1247,.T.);
#1478=FACE_BOUND('',#1248,.T.);
#1479=FACE_BOUND('',#1249,.T.);
#1480=FACE_BOUND('',#1250,.T.);
#1481=FACE_BOUND('',#1251,.T.);
#1482=FACE_BOUND('',#1252,.T.);
#1483=FACE_BOUND('',#1253,.T.);
#1484=FACE_BOUND('',#1254,.T.);
#1485=FACE_BOUND('',#1255,.T.);
#1486=FACE_BOUND('',#1256,.T.);
#1487=FACE_BOUND('',#1257,.T.);
#1488=FACE_BOUND('',#1258,.T.);
#1489=FACE_BOUND('',#1259,.T.);
#1490=FACE_BOUND('',#1260,.T.);
#1491=FACE_BOUND('',#1261,.T.);
#1492=FACE_BOUND('',#1262,.T.);
#1493=FACE_BOUND('',#1263,.T.);
#1494=FACE_BOUND('',#1264,.T.);
#1495=FACE_BOUND('',#1265,.T.);
#1496=FACE_BOUND('',#1266,.T.);
#1497=FACE_BOUND('',#1267,.T.);
#1498=FACE_BOUND('',#1268,.T.);
#1499=FACE_BOUND('',#1269,.T.);
#1500=FACE_BOUND('',#1270,.T.);
#1501=FACE_BOUND('',#1271,.T.);
#1502=FACE_BOUND('',#1272,.T.);
#1503=FACE_BOUND('',#1273,.T.);
#1504=FACE_BOUND('',#1274,.T.);
#1505=FACE_BOUND('',#1275,.T.);
#1506=FACE_BOUND('',#1276,.T.);
#1507=FACE_BOUND('',#1277,.T.);
#1508=FACE_BOUND('',#1278,.T.);
#1509=FACE_BOUND('',#1279,.T.);
#1510=FACE_BOUND('',#1280,.T.);
#1511=FACE_BOUND('',#1281,.T.);
#1512=FACE_BOUND('',#1282,.T.);
#1513=FACE_BOUND('',#1283,.T.);
#1514=FACE_BOUND('',#1284,.T.);
#1515=FACE_BOUND('',#1285,.T.);
#1516=FACE_BOUND('',#1286,.T.);
#1517=FACE_BOUND('',#1287,.T.);
#1518=FACE_BOUND('',#1288,.T.);
#1519=FACE_BOUND('',#1289,.T.);
#1520=FACE_BOUND('',#1290,.T.);
#1521=FACE_BOUND('',#1291,.T.);
#1522=FACE_BOUND('',#1292,.T.);
#1523=FACE_BOUND('',#1293,.T.);
#1524=FACE_BOUND('',#1294,.T.);
#1525=FACE_BOUND('',#1295,.T.);
#1526=FACE_BOUND('',#1296,.T.);
#1527=FACE_BOUND('',#1297,.T.);
#1528=FACE_BOUND('',#1298,.T.);
#1529=FACE_BOUND('',#1299,.T.);
#1530=FACE_BOUND('',#1300,.T.);
#1531=FACE_BOUND('',#1301,.T.);
#1532=FACE_BOUND('',#1302,.T.);
#1533=FACE_BOUND('',#1303,.T.);
#1534=FACE_BOUND('',#1304,.T.);
#1535=FACE_BOUND('',#1305,.T.);
#1536=FACE_BOUND('',#1306,.T.);
#1537=FACE_BOUND('',#1307,.T.);
#1538=FACE_BOUND('',#1308,.T.);
#1539=FACE_BOUND('',#1309,.T.);
#1540=FACE_BOUND('',#1310,.T.);
#1541=FACE_BOUND('',#1311,.T.);
#1542=FACE_BOUND('',#1312,.T.);
#1543=FACE_BOUND('',#1313,.T.);
#1544=FACE_BOUND('',#1314,.T.);
#1545=FACE_BOUND('',#1315,.T.);
#1546=FACE_BOUND('',#1316,.T.);
#1547=FACE_BOUND('',#1317,.T.);
#1548=FACE_BOUND('',#1318,.T.);
#1549=FACE_BOUND('',#1319,.T.);
#1550=FACE_BOUND('',#1320,.T.);
#1551=FACE_BOUND('',#1321,.T.);
#1552=FACE_BOUND('',#1322,.T.);
#1553=FACE_BOUND('',#1323,.T.);
#1554=FACE_BOUND('',#1324,.T.);
#1555=FACE_BOUND('',#1325,.T.);
#1556=FACE_BOUND('',#1326,.T.);
#1557=FACE_BOUND('',#1327,.T.);
#1558=FACE_BOUND('',#1328,.T.);
#1559=FACE_BOUND('',#1329,.T.);
#1560=FACE_BOUND('',#1330,.T.);
#1561=FACE_BOUND('',#1331,.T.);
#1562=FACE_BOUND('',#1332,.T.);
#1563=FACE_BOUND('',#1333,.T.);
#1564=FACE_BOUND('',#1334,.T.);
#1565=FACE_BOUND('',#1335,.T.);
#1566=FACE_BOUND('',#1336,.T.);
#1567=FACE_BOUND('',#1337,.T.);
#1568=FACE_BOUND('',#1338,.T.);
#1569=FACE_BOUND('',#1339,.T.);
#1570=FACE_BOUND('',#1340,.T.);
#1571=FACE_BOUND('',#1341,.T.);
#1572=FACE_BOUND('',#1342,.T.);
#1573=FACE_BOUND('',#1343,.T.);
#1574=FACE_BOUND('',#1344,.T.);
#1575=FACE_BOUND('',#1345,.T.);
#1576=FACE_BOUND('',#1346,.T.);
#1577=FACE_BOUND('',#1347,.T.);
#1578=FACE_BOUND('',#1348,.T.);
#1579=FACE_BOUND('',#1349,.T.);
#1580=FACE_BOUND('',#1350,.T.);
#1581=FACE_BOUND('',#1351,.T.);
#1582=FACE_BOUND('',#1352,.T.);
#1583=FACE_BOUND('',#1353,.T.);
#1584=FACE_BOUND('',#1354,.T.);
#1585=FACE_BOUND('',#1355,.T.);
#1586=FACE_BOUND('',#1356,.T.);
#1587=FACE_BOUND('',#1357,.T.);
#1588=FACE_BOUND('',#1358,.T.);
#1589=FACE_BOUND('',#1359,.T.);
#1590=FACE_BOUND('',#1360,.T.);
#1591=FACE_BOUND('',#1361,.T.);
#1592=FACE_BOUND('',#1362,.T.);
#1593=FACE_BOUND('',#1363,.T.);
#1594=FACE_BOUND('',#1364,.T.);
#1595=FACE_BOUND('',#1365,.T.);
#1596=FACE_BOUND('',#1366,.T.);
#1597=FACE_BOUND('',#1367,.T.);
#1598=FACE_BOUND('',#1368,.T.);
#1599=FACE_BOUND('',#1369,.T.);
#1600=FACE_BOUND('',#1370,.T.);
#1601=FACE_BOUND('',#1371,.T.);
#1602=FACE_BOUND('',#1372,.T.);
#1603=FACE_BOUND('',#1373,.T.);
#1604=FACE_BOUND('',#1374,.T.);
#1605=FACE_BOUND('',#1375,.T.);
#1606=PLANE('',#1821);
#1607=PLANE('',#1822);
#1608=PLANE('',#1823);
#1609=PLANE('',#1828);
#1610=PLANE('',#1844);
#1611=PLANE('',#1845);
#1612=PLANE('',#1846);
#1613=PLANE('',#1847);
#1614=PLANE('',#1848);
#1615=PLANE('',#1849);
#1616=PLANE('',#1850);
#1617=PLANE('',#1853);
#1618=PLANE('',#1857);
#1619=PLANE('',#1861);
#1620=PLANE('',#1865);
#1621=PLANE('',#1869);
#1622=PLANE('',#1873);
#1623=PLANE('',#1877);
#1624=PLANE('',#1881);
#1625=PLANE('',#1885);
#1626=PLANE('',#1889);
#1627=PLANE('',#1893);
#1628=PLANE('',#1897);
#1629=PLANE('',#1901);
#1630=PLANE('',#1905);
#1631=PLANE('',#1909);
#1632=PLANE('',#1913);
#1633=PLANE('',#1915);
#1634=PLANE('',#1920);
#1635=PLANE('',#1922);
#1636=PLANE('',#1927);
#1637=PLANE('',#1929);
#1638=PLANE('',#1934);
#1639=PLANE('',#1936);
#1640=PLANE('',#1941);
#1641=PLANE('',#1943);
#1642=PLANE('',#1948);
#1643=PLANE('',#1950);
#1644=PLANE('',#1955);
#1645=PLANE('',#1957);
#1646=PLANE('',#1962);
#1647=PLANE('',#1964);
#1648=PLANE('',#1969);
#1649=PLANE('',#1971);
#1650=PLANE('',#1976);
#1651=PLANE('',#1978);
#1652=PLANE('',#1983);
#1653=PLANE('',#1985);
#1654=PLANE('',#1990);
#1655=PLANE('',#1992);
#1656=PLANE('',#1997);
#1657=PLANE('',#1999);
#1658=PLANE('',#2004);
#1659=PLANE('',#2006);
#1660=PLANE('',#2011);
#1661=PLANE('',#2013);
#1662=PLANE('',#2016);
#1663=PLANE('',#2017);
#1664=PLANE('',#2018);
#1665=PLANE('',#2019);
#1666=PLANE('',#2021);
#1667=PLANE('',#2023);
#1668=PLANE('',#2025);
#1669=PLANE('',#2027);
#1670=ADVANCED_FACE('',(#1376),#1606,.F.);
#1671=ADVANCED_FACE('',(#1377),#1607,.F.);
#1672=ADVANCED_FACE('',(#1378),#155,.T.);
#1673=ADVANCED_FACE('',(#1379,#1380),#1608,.F.);
#1674=ADVANCED_FACE('',(#1381),#156,.F.);
#1675=ADVANCED_FACE('',(#1382,#1383,#1384,#1385,#1386,#1387,#1388,#1389,
#1390,#1391,#1392,#1393,#1394,#1395,#1396,#1397),#1609,.F.);
#1676=ADVANCED_FACE('',(#1398),#1610,.F.);
#1677=ADVANCED_FACE('',(#1399),#1611,.F.);
#1678=ADVANCED_FACE('',(#1400),#157,.F.);
#1679=ADVANCED_FACE('',(#1401),#1612,.F.);
#1680=ADVANCED_FACE('',(#1402),#158,.T.);
#1681=ADVANCED_FACE('',(#1403),#159,.T.);
#1682=ADVANCED_FACE('',(#1404),#1613,.F.);
#1683=ADVANCED_FACE('',(#1405),#160,.F.);
#1684=ADVANCED_FACE('',(#1406),#161,.F.);
#1685=ADVANCED_FACE('',(#1407),#1614,.F.);
#1686=ADVANCED_FACE('',(#1408),#162,.F.);
#1687=ADVANCED_FACE('',(#1409,#1410),#1615,.F.);
#1688=ADVANCED_FACE('',(#1411),#1616,.T.);
#1689=ADVANCED_FACE('',(#1412,#1413),#12,.T.);
#1690=ADVANCED_FACE('',(#1414,#1415),#1617,.F.);
#1691=ADVANCED_FACE('',(#1416,#1417),#13,.T.);
#1692=ADVANCED_FACE('',(#1418,#1419),#1618,.F.);
#1693=ADVANCED_FACE('',(#1420,#1421),#14,.T.);
#1694=ADVANCED_FACE('',(#1422,#1423),#1619,.F.);
#1695=ADVANCED_FACE('',(#1424,#1425),#15,.T.);
#1696=ADVANCED_FACE('',(#1426,#1427),#1620,.F.);
#1697=ADVANCED_FACE('',(#1428,#1429),#16,.T.);
#1698=ADVANCED_FACE('',(#1430,#1431),#1621,.F.);
#1699=ADVANCED_FACE('',(#1432,#1433),#17,.T.);
#1700=ADVANCED_FACE('',(#1434,#1435),#1622,.F.);
#1701=ADVANCED_FACE('',(#1436,#1437),#18,.T.);
#1702=ADVANCED_FACE('',(#1438,#1439),#1623,.F.);
#1703=ADVANCED_FACE('',(#1440,#1441),#19,.T.);
#1704=ADVANCED_FACE('',(#1442,#1443),#1624,.F.);
#1705=ADVANCED_FACE('',(#1444,#1445),#20,.T.);
#1706=ADVANCED_FACE('',(#1446,#1447),#1625,.F.);
#1707=ADVANCED_FACE('',(#1448,#1449),#21,.T.);
#1708=ADVANCED_FACE('',(#1450,#1451),#1626,.F.);
#1709=ADVANCED_FACE('',(#1452,#1453),#22,.T.);
#1710=ADVANCED_FACE('',(#1454,#1455),#1627,.F.);
#1711=ADVANCED_FACE('',(#1456,#1457),#23,.T.);
#1712=ADVANCED_FACE('',(#1458,#1459),#1628,.F.);
#1713=ADVANCED_FACE('',(#1460,#1461),#24,.T.);
#1714=ADVANCED_FACE('',(#1462,#1463),#1629,.F.);
#1715=ADVANCED_FACE('',(#1464,#1465),#25,.T.);
#1716=ADVANCED_FACE('',(#1466,#1467),#1630,.F.);
#1717=ADVANCED_FACE('',(#1468,#1469),#26,.T.);
#1718=ADVANCED_FACE('',(#1470,#1471),#1631,.F.);
#1719=ADVANCED_FACE('',(#1472,#1473),#27,.F.);
#1720=ADVANCED_FACE('',(#1474,#1475),#1632,.T.);
#1721=ADVANCED_FACE('',(#1476),#1633,.F.);
#1722=ADVANCED_FACE('',(#1477,#1478),#28,.F.);
#1723=ADVANCED_FACE('',(#1479,#1480),#29,.F.);
#1724=ADVANCED_FACE('',(#1481,#1482),#1634,.T.);
#1725=ADVANCED_FACE('',(#1483),#1635,.F.);
#1726=ADVANCED_FACE('',(#1484,#1485),#30,.F.);
#1727=ADVANCED_FACE('',(#1486,#1487),#31,.F.);
#1728=ADVANCED_FACE('',(#1488,#1489),#1636,.T.);
#1729=ADVANCED_FACE('',(#1490),#1637,.F.);
#1730=ADVANCED_FACE('',(#1491,#1492),#32,.F.);
#1731=ADVANCED_FACE('',(#1493,#1494),#33,.F.);
#1732=ADVANCED_FACE('',(#1495,#1496),#1638,.T.);
#1733=ADVANCED_FACE('',(#1497),#1639,.F.);
#1734=ADVANCED_FACE('',(#1498,#1499),#34,.F.);
#1735=ADVANCED_FACE('',(#1500,#1501),#35,.F.);
#1736=ADVANCED_FACE('',(#1502,#1503),#1640,.T.);
#1737=ADVANCED_FACE('',(#1504),#1641,.F.);
#1738=ADVANCED_FACE('',(#1505,#1506),#36,.F.);
#1739=ADVANCED_FACE('',(#1507,#1508),#37,.F.);
#1740=ADVANCED_FACE('',(#1509,#1510),#1642,.T.);
#1741=ADVANCED_FACE('',(#1511),#1643,.F.);
#1742=ADVANCED_FACE('',(#1512,#1513),#38,.F.);
#1743=ADVANCED_FACE('',(#1514,#1515),#39,.F.);
#1744=ADVANCED_FACE('',(#1516,#1517),#1644,.T.);
#1745=ADVANCED_FACE('',(#1518),#1645,.F.);
#1746=ADVANCED_FACE('',(#1519,#1520),#40,.F.);
#1747=ADVANCED_FACE('',(#1521,#1522),#41,.F.);
#1748=ADVANCED_FACE('',(#1523,#1524),#1646,.T.);
#1749=ADVANCED_FACE('',(#1525),#1647,.F.);
#1750=ADVANCED_FACE('',(#1526,#1527),#42,.F.);
#1751=ADVANCED_FACE('',(#1528,#1529),#43,.F.);
#1752=ADVANCED_FACE('',(#1530,#1531),#1648,.T.);
#1753=ADVANCED_FACE('',(#1532),#1649,.F.);
#1754=ADVANCED_FACE('',(#1533,#1534),#44,.F.);
#1755=ADVANCED_FACE('',(#1535,#1536),#45,.F.);
#1756=ADVANCED_FACE('',(#1537,#1538),#1650,.T.);
#1757=ADVANCED_FACE('',(#1539),#1651,.F.);
#1758=ADVANCED_FACE('',(#1540,#1541),#46,.F.);
#1759=ADVANCED_FACE('',(#1542,#1543),#47,.F.);
#1760=ADVANCED_FACE('',(#1544,#1545),#1652,.T.);
#1761=ADVANCED_FACE('',(#1546),#1653,.F.);
#1762=ADVANCED_FACE('',(#1547,#1548),#48,.F.);
#1763=ADVANCED_FACE('',(#1549,#1550),#49,.F.);
#1764=ADVANCED_FACE('',(#1551,#1552),#1654,.T.);
#1765=ADVANCED_FACE('',(#1553),#1655,.F.);
#1766=ADVANCED_FACE('',(#1554,#1555),#50,.F.);
#1767=ADVANCED_FACE('',(#1556,#1557),#51,.F.);
#1768=ADVANCED_FACE('',(#1558,#1559),#1656,.T.);
#1769=ADVANCED_FACE('',(#1560),#1657,.F.);
#1770=ADVANCED_FACE('',(#1561,#1562),#52,.F.);
#1771=ADVANCED_FACE('',(#1563,#1564),#53,.F.);
#1772=ADVANCED_FACE('',(#1565,#1566),#1658,.T.);
#1773=ADVANCED_FACE('',(#1567),#1659,.F.);
#1774=ADVANCED_FACE('',(#1568,#1569),#54,.F.);
#1775=ADVANCED_FACE('',(#1570,#1571),#55,.F.);
#1776=ADVANCED_FACE('',(#1572,#1573),#1660,.T.);
#1777=ADVANCED_FACE('',(#1574),#1661,.F.);
#1778=ADVANCED_FACE('',(#1575,#1576),#56,.F.);
#1779=ADVANCED_FACE('',(#1577),#1662,.F.);
#1780=ADVANCED_FACE('',(#1578),#163,.T.);
#1781=ADVANCED_FACE('',(#1579),#1663,.T.);
#1782=ADVANCED_FACE('',(#1580),#1664,.T.);
#1783=ADVANCED_FACE('',(#1581),#1665,.F.);
#1784=ADVANCED_FACE('',(#1582),#57,.F.);
#1785=ADVANCED_FACE('',(#1583),#1666,.F.);
#1786=ADVANCED_FACE('',(#1584),#58,.F.);
#1787=ADVANCED_FACE('',(#1585),#1667,.F.);
#1788=ADVANCED_FACE('',(#1586),#59,.F.);
#1789=ADVANCED_FACE('',(#1587),#1668,.F.);
#1790=ADVANCED_FACE('',(#1588),#60,.F.);
#1791=ADVANCED_FACE('',(#1589),#1669,.F.);
#1792=ADVANCED_FACE('',(#1590),#164,.T.);
#1793=ADVANCED_FACE('',(#1591),#165,.T.);
#1794=ADVANCED_FACE('',(#1592),#166,.T.);
#1795=ADVANCED_FACE('',(#1593),#167,.T.);
#1796=ADVANCED_FACE('',(#1594),#168,.T.);
#1797=ADVANCED_FACE('',(#1595),#169,.T.);
#1798=ADVANCED_FACE('',(#1596),#170,.T.);
#1799=ADVANCED_FACE('',(#1597),#171,.T.);
#1800=ADVANCED_FACE('',(#1598),#172,.T.);
#1801=ADVANCED_FACE('',(#1599),#173,.T.);
#1802=ADVANCED_FACE('',(#1600),#174,.T.);
#1803=ADVANCED_FACE('',(#1601),#175,.T.);
#1804=ADVANCED_FACE('',(#1602),#176,.T.);
#1805=ADVANCED_FACE('',(#1603),#177,.T.);
#1806=ADVANCED_FACE('',(#1604),#178,.T.);
#1807=ADVANCED_FACE('',(#1605),#179,.T.);
#1808=CLOSED_SHELL('',(#1670,#1671,#1672,#1673,#1674,#1675,#1676,#1677,
#1678,#1679,#1680,#1681,#1682,#1683,#1684,#1685,#1686,#1687,#1688,#1689,
#1690,#1691,#1692,#1693,#1694,#1695,#1696,#1697,#1698,#1699,#1700,#1701,
#1702,#1703,#1704,#1705,#1706,#1707,#1708,#1709,#1710,#1711,#1712,#1713,
#1714,#1715,#1716,#1717,#1718,#1719,#1720,#1721,#1722,#1723,#1724,#1725,
#1726,#1727,#1728,#1729,#1730,#1731,#1732,#1733,#1734,#1735,#1736,#1737,
#1738,#1739,#1740,#1741,#1742,#1743,#1744,#1745,#1746,#1747,#1748,#1749,
#1750,#1751,#1752,#1753,#1754,#1755,#1756,#1757,#1758,#1759,#1760,#1761,
#1762,#1763,#1764,#1765,#1766,#1767,#1768,#1769,#1770,#1771,#1772,#1773,
#1774,#1775,#1776,#1777,#1778,#1779,#1780,#1781,#1782,#1783,#1784,#1785,
#1786,#1787,#1788,#1789,#1790,#1791,#1792,#1793,#1794,#1795,#1796,#1797,
#1798,#1799,#1800,#1801,#1802,#1803,#1804,#1805,#1806,#1807));
#1809=STYLED_ITEM('',(#1810),#1817);
#1810=PRESENTATION_STYLE_ASSIGNMENT((#1811));
#1811=SURFACE_STYLE_USAGE(.BOTH.,#1812);
#1812=SURFACE_SIDE_STYLE('',(#1813));
#1813=SURFACE_STYLE_FILL_AREA(#1814);
#1814=FILL_AREA_STYLE('',(#1815));
#1815=FILL_AREA_STYLE_COLOUR('',#1816);
#1816=DRAUGHTING_PRE_DEFINED_COLOUR('white');
#1817=MANIFOLD_SOLID_BREP('Part 4',#1808);
#1818=SHAPE_DEFINITION_REPRESENTATION(#10534,#1819);
#1819=SHAPE_REPRESENTATION('Part 4',(#1820),#10529);
#1820=AXIS2_PLACEMENT_3D('',#2495,#2028,#2029);
#1821=AXIS2_PLACEMENT_3D('',#2496,#2030,#2031);
#1822=AXIS2_PLACEMENT_3D('',#2555,#2035,#2036);
#1823=AXIS2_PLACEMENT_3D('',#2653,#2044,#2045);
#1824=AXIS2_PLACEMENT_3D('',#2657,#2047,#2048);
#1825=AXIS2_PLACEMENT_3D('',#2661,#2050,#2051);
#1826=AXIS2_PLACEMENT_3D('',#2665,#2053,#2054);
#1827=AXIS2_PLACEMENT_3D('',#2669,#2056,#2057);
#1828=AXIS2_PLACEMENT_3D('',#2824,#2064,#2065);
#1829=AXIS2_PLACEMENT_3D('',#2825,#2066,#2067);
#1830=AXIS2_PLACEMENT_3D('',#2827,#2068,#2069);
#1831=AXIS2_PLACEMENT_3D('',#2829,#2070,#2071);
#1832=AXIS2_PLACEMENT_3D('',#2831,#2072,#2073);
#1833=AXIS2_PLACEMENT_3D('',#2833,#2074,#2075);
#1834=AXIS2_PLACEMENT_3D('',#2835,#2076,#2077);
#1835=AXIS2_PLACEMENT_3D('',#2837,#2078,#2079);
#1836=AXIS2_PLACEMENT_3D('',#2839,#2080,#2081);
#1837=AXIS2_PLACEMENT_3D('',#2841,#2082,#2083);
#1838=AXIS2_PLACEMENT_3D('',#2843,#2084,#2085);
#1839=AXIS2_PLACEMENT_3D('',#2845,#2086,#2087);
#1840=AXIS2_PLACEMENT_3D('',#2847,#2088,#2089);
#1841=AXIS2_PLACEMENT_3D('',#2849,#2090,#2091);
#1842=AXIS2_PLACEMENT_3D('',#2851,#2092,#2093);
#1843=AXIS2_PLACEMENT_3D('',#2853,#2094,#2095);
#1844=AXIS2_PLACEMENT_3D('',#2887,#2101,#2102);
#1845=AXIS2_PLACEMENT_3D('',#2899,#2106,#2107);
#1846=AXIS2_PLACEMENT_3D('',#2952,#2111,#2112);
#1847=AXIS2_PLACEMENT_3D('',#3133,#2115,#2116);
#1848=AXIS2_PLACEMENT_3D('',#3321,#2121,#2122);
#1849=AXIS2_PLACEMENT_3D('',#3415,#2125,#2126);
#1850=AXIS2_PLACEMENT_3D('',#3416,#2127,#2128);
#1851=AXIS2_PLACEMENT_3D('',#3523,#2129,#2130);
#1852=AXIS2_PLACEMENT_3D('',#3524,#2131,#2132);
#1853=AXIS2_PLACEMENT_3D('',#3526,#2133,#2134);
#1854=AXIS2_PLACEMENT_3D('',#3527,#2135,#2136);
#1855=AXIS2_PLACEMENT_3D('',#3529,#2137,#2138);
#1856=AXIS2_PLACEMENT_3D('',#3530,#2139,#2140);
#1857=AXIS2_PLACEMENT_3D('',#3532,#2141,#2142);
#1858=AXIS2_PLACEMENT_3D('',#3533,#2143,#2144);
#1859=AXIS2_PLACEMENT_3D('',#3535,#2145,#2146);
#1860=AXIS2_PLACEMENT_3D('',#3536,#2147,#2148);
#1861=AXIS2_PLACEMENT_3D('',#3538,#2149,#2150);
#1862=AXIS2_PLACEMENT_3D('',#3539,#2151,#2152);
#1863=AXIS2_PLACEMENT_3D('',#3541,#2153,#2154);
#1864=AXIS2_PLACEMENT_3D('',#3542,#2155,#2156);
#1865=AXIS2_PLACEMENT_3D('',#3544,#2157,#2158);
#1866=AXIS2_PLACEMENT_3D('',#3545,#2159,#2160);
#1867=AXIS2_PLACEMENT_3D('',#3547,#2161,#2162);
#1868=AXIS2_PLACEMENT_3D('',#3548,#2163,#2164);
#1869=AXIS2_PLACEMENT_3D('',#3550,#2165,#2166);
#1870=AXIS2_PLACEMENT_3D('',#3551,#2167,#2168);
#1871=AXIS2_PLACEMENT_3D('',#3553,#2169,#2170);
#1872=AXIS2_PLACEMENT_3D('',#3554,#2171,#2172);
#1873=AXIS2_PLACEMENT_3D('',#3556,#2173,#2174);
#1874=AXIS2_PLACEMENT_3D('',#3557,#2175,#2176);
#1875=AXIS2_PLACEMENT_3D('',#3559,#2177,#2178);
#1876=AXIS2_PLACEMENT_3D('',#3560,#2179,#2180);
#1877=AXIS2_PLACEMENT_3D('',#3562,#2181,#2182);
#1878=AXIS2_PLACEMENT_3D('',#3563,#2183,#2184);
#1879=AXIS2_PLACEMENT_3D('',#3565,#2185,#2186);
#1880=AXIS2_PLACEMENT_3D('',#3566,#2187,#2188);
#1881=AXIS2_PLACEMENT_3D('',#3568,#2189,#2190);
#1882=AXIS2_PLACEMENT_3D('',#3569,#2191,#2192);
#1883=AXIS2_PLACEMENT_3D('',#3571,#2193,#2194);
#1884=AXIS2_PLACEMENT_3D('',#3572,#2195,#2196);
#1885=AXIS2_PLACEMENT_3D('',#3574,#2197,#2198);
#1886=AXIS2_PLACEMENT_3D('',#3575,#2199,#2200);
#1887=AXIS2_PLACEMENT_3D('',#3577,#2201,#2202);
#1888=AXIS2_PLACEMENT_3D('',#3578,#2203,#2204);
#1889=AXIS2_PLACEMENT_3D('',#3580,#2205,#2206);
#1890=AXIS2_PLACEMENT_3D('',#3581,#2207,#2208);
#1891=AXIS2_PLACEMENT_3D('',#3583,#2209,#2210);
#1892=AXIS2_PLACEMENT_3D('',#3584,#2211,#2212);
#1893=AXIS2_PLACEMENT_3D('',#3586,#2213,#2214);
#1894=AXIS2_PLACEMENT_3D('',#3587,#2215,#2216);
#1895=AXIS2_PLACEMENT_3D('',#3589,#2217,#2218);
#1896=AXIS2_PLACEMENT_3D('',#3590,#2219,#2220);
#1897=AXIS2_PLACEMENT_3D('',#3592,#2221,#2222);
#1898=AXIS2_PLACEMENT_3D('',#3593,#2223,#2224);
#1899=AXIS2_PLACEMENT_3D('',#3595,#2225,#2226);
#1900=AXIS2_PLACEMENT_3D('',#3596,#2227,#2228);
#1901=AXIS2_PLACEMENT_3D('',#3598,#2229,#2230);
#1902=AXIS2_PLACEMENT_3D('',#3599,#2231,#2232);
#1903=AXIS2_PLACEMENT_3D('',#3601,#2233,#2234);
#1904=AXIS2_PLACEMENT_3D('',#3602,#2235,#2236);
#1905=AXIS2_PLACEMENT_3D('',#3604,#2237,#2238);
#1906=AXIS2_PLACEMENT_3D('',#3605,#2239,#2240);
#1907=AXIS2_PLACEMENT_3D('',#3607,#2241,#2242);
#1908=AXIS2_PLACEMENT_3D('',#3608,#2243,#2244);
#1909=AXIS2_PLACEMENT_3D('',#3610,#2245,#2246);
#1910=AXIS2_PLACEMENT_3D('',#3611,#2247,#2248);
#1911=AXIS2_PLACEMENT_3D('',#3613,#2249,#2250);
#1912=AXIS2_PLACEMENT_3D('',#3614,#2251,#2252);
#1913=AXIS2_PLACEMENT_3D('',#3616,#2253,#2254);
#1914=AXIS2_PLACEMENT_3D('',#3617,#2255,#2256);
#1915=AXIS2_PLACEMENT_3D('',#3619,#2257,#2258);
#1916=AXIS2_PLACEMENT_3D('',#3620,#2259,#2260);
#1917=AXIS2_PLACEMENT_3D('',#3622,#2261,#2262);
#1918=AXIS2_PLACEMENT_3D('',#3623,#2263,#2264);
#1919=AXIS2_PLACEMENT_3D('',#3624,#2265,#2266);
#1920=AXIS2_PLACEMENT_3D('',#3626,#2267,#2268);
#1921=AXIS2_PLACEMENT_3D('',#3627,#2269,#2270);
#1922=AXIS2_PLACEMENT_3D('',#3629,#2271,#2272);
#1923=AXIS2_PLACEMENT_3D('',#3630,#2273,#2274);
#1924=AXIS2_PLACEMENT_3D('',#3632,#2275,#2276);
#1925=AXIS2_PLACEMENT_3D('',#3633,#2277,#2278);
#1926=AXIS2_PLACEMENT_3D('',#3634,#2279,#2280);
#1927=AXIS2_PLACEMENT_3D('',#3636,#2281,#2282);
#1928=AXIS2_PLACEMENT_3D('',#3637,#2283,#2284);
#1929=AXIS2_PLACEMENT_3D('',#3639,#2285,#2286);
#1930=AXIS2_PLACEMENT_3D('',#3640,#2287,#2288);
#1931=AXIS2_PLACEMENT_3D('',#3642,#2289,#2290);
#1932=AXIS2_PLACEMENT_3D('',#3643,#2291,#2292);
#1933=AXIS2_PLACEMENT_3D('',#3644,#2293,#2294);
#1934=AXIS2_PLACEMENT_3D('',#3646,#2295,#2296);
#1935=AXIS2_PLACEMENT_3D('',#3647,#2297,#2298);
#1936=AXIS2_PLACEMENT_3D('',#3649,#2299,#2300);
#1937=AXIS2_PLACEMENT_3D('',#3650,#2301,#2302);
#1938=AXIS2_PLACEMENT_3D('',#3652,#2303,#2304);
#1939=AXIS2_PLACEMENT_3D('',#3653,#2305,#2306);
#1940=AXIS2_PLACEMENT_3D('',#3654,#2307,#2308);
#1941=AXIS2_PLACEMENT_3D('',#3656,#2309,#2310);
#1942=AXIS2_PLACEMENT_3D('',#3657,#2311,#2312);
#1943=AXIS2_PLACEMENT_3D('',#3659,#2313,#2314);
#1944=AXIS2_PLACEMENT_3D('',#3660,#2315,#2316);
#1945=AXIS2_PLACEMENT_3D('',#3662,#2317,#2318);
#1946=AXIS2_PLACEMENT_3D('',#3663,#2319,#2320);
#1947=AXIS2_PLACEMENT_3D('',#3664,#2321,#2322);
#1948=AXIS2_PLACEMENT_3D('',#3666,#2323,#2324);
#1949=AXIS2_PLACEMENT_3D('',#3667,#2325,#2326);
#1950=AXIS2_PLACEMENT_3D('',#3669,#2327,#2328);
#1951=AXIS2_PLACEMENT_3D('',#3670,#2329,#2330);
#1952=AXIS2_PLACEMENT_3D('',#3672,#2331,#2332);
#1953=AXIS2_PLACEMENT_3D('',#3673,#2333,#2334);
#1954=AXIS2_PLACEMENT_3D('',#3674,#2335,#2336);
#1955=AXIS2_PLACEMENT_3D('',#3676,#2337,#2338);
#1956=AXIS2_PLACEMENT_3D('',#3677,#2339,#2340);
#1957=AXIS2_PLACEMENT_3D('',#3679,#2341,#2342);
#1958=AXIS2_PLACEMENT_3D('',#3680,#2343,#2344);
#1959=AXIS2_PLACEMENT_3D('',#3682,#2345,#2346);
#1960=AXIS2_PLACEMENT_3D('',#3683,#2347,#2348);
#1961=AXIS2_PLACEMENT_3D('',#3684,#2349,#2350);
#1962=AXIS2_PLACEMENT_3D('',#3686,#2351,#2352);
#1963=AXIS2_PLACEMENT_3D('',#3687,#2353,#2354);
#1964=AXIS2_PLACEMENT_3D('',#3689,#2355,#2356);
#1965=AXIS2_PLACEMENT_3D('',#3690,#2357,#2358);
#1966=AXIS2_PLACEMENT_3D('',#3692,#2359,#2360);
#1967=AXIS2_PLACEMENT_3D('',#3693,#2361,#2362);
#1968=AXIS2_PLACEMENT_3D('',#3694,#2363,#2364);
#1969=AXIS2_PLACEMENT_3D('',#3696,#2365,#2366);
#1970=AXIS2_PLACEMENT_3D('',#3697,#2367,#2368);
#1971=AXIS2_PLACEMENT_3D('',#3699,#2369,#2370);
#1972=AXIS2_PLACEMENT_3D('',#3700,#2371,#2372);
#1973=AXIS2_PLACEMENT_3D('',#3702,#2373,#2374);
#1974=AXIS2_PLACEMENT_3D('',#3703,#2375,#2376);
#1975=AXIS2_PLACEMENT_3D('',#3704,#2377,#2378);
#1976=AXIS2_PLACEMENT_3D('',#3706,#2379,#2380);
#1977=AXIS2_PLACEMENT_3D('',#3707,#2381,#2382);
#1978=AXIS2_PLACEMENT_3D('',#3709,#2383,#2384);
#1979=AXIS2_PLACEMENT_3D('',#3710,#2385,#2386);
#1980=AXIS2_PLACEMENT_3D('',#3712,#2387,#2388);
#1981=AXIS2_PLACEMENT_3D('',#3713,#2389,#2390);
#1982=AXIS2_PLACEMENT_3D('',#3714,#2391,#2392);
#1983=AXIS2_PLACEMENT_3D('',#3716,#2393,#2394);
#1984=AXIS2_PLACEMENT_3D('',#3717,#2395,#2396);
#1985=AXIS2_PLACEMENT_3D('',#3719,#2397,#2398);
#1986=AXIS2_PLACEMENT_3D('',#3720,#2399,#2400);
#1987=AXIS2_PLACEMENT_3D('',#3722,#2401,#2402);
#1988=AXIS2_PLACEMENT_3D('',#3723,#2403,#2404);
#1989=AXIS2_PLACEMENT_3D('',#3724,#2405,#2406);
#1990=AXIS2_PLACEMENT_3D('',#3726,#2407,#2408);
#1991=AXIS2_PLACEMENT_3D('',#3727,#2409,#2410);
#1992=AXIS2_PLACEMENT_3D('',#3729,#2411,#2412);
#1993=AXIS2_PLACEMENT_3D('',#3730,#2413,#2414);
#1994=AXIS2_PLACEMENT_3D('',#3732,#2415,#2416);
#1995=AXIS2_PLACEMENT_3D('',#3733,#2417,#2418);
#1996=AXIS2_PLACEMENT_3D('',#3734,#2419,#2420);
#1997=AXIS2_PLACEMENT_3D('',#3736,#2421,#2422);
#1998=AXIS2_PLACEMENT_3D('',#3737,#2423,#2424);
#1999=AXIS2_PLACEMENT_3D('',#3739,#2425,#2426);
#2000=AXIS2_PLACEMENT_3D('',#3740,#2427,#2428);
#2001=AXIS2_PLACEMENT_3D('',#3742,#2429,#2430);
#2002=AXIS2_PLACEMENT_3D('',#3743,#2431,#2432);
#2003=AXIS2_PLACEMENT_3D('',#3744,#2433,#2434);
#2004=AXIS2_PLACEMENT_3D('',#3746,#2435,#2436);
#2005=AXIS2_PLACEMENT_3D('',#3747,#2437,#2438);
#2006=AXIS2_PLACEMENT_3D('',#3749,#2439,#2440);
#2007=AXIS2_PLACEMENT_3D('',#3750,#2441,#2442);
#2008=AXIS2_PLACEMENT_3D('',#3752,#2443,#2444);
#2009=AXIS2_PLACEMENT_3D('',#3753,#2445,#2446);
#2010=AXIS2_PLACEMENT_3D('',#3754,#2447,#2448);
#2011=AXIS2_PLACEMENT_3D('',#3756,#2449,#2450);
#2012=AXIS2_PLACEMENT_3D('',#3757,#2451,#2452);
#2013=AXIS2_PLACEMENT_3D('',#3759,#2453,#2454);
#2014=AXIS2_PLACEMENT_3D('',#3760,#2455,#2456);
#2015=AXIS2_PLACEMENT_3D('',#3762,#2457,#2458);
#2016=AXIS2_PLACEMENT_3D('',#3763,#2459,#2460);
#2017=AXIS2_PLACEMENT_3D('',#3824,#2462,#2463);
#2018=AXIS2_PLACEMENT_3D('',#3828,#2466,#2467);
#2019=AXIS2_PLACEMENT_3D('',#3830,#2469,#2470);
#2020=AXIS2_PLACEMENT_3D('',#3831,#2471,#2472);
#2021=AXIS2_PLACEMENT_3D('',#3841,#2475,#2476);
#2022=AXIS2_PLACEMENT_3D('',#3848,#2478,#2479);
#2023=AXIS2_PLACEMENT_3D('',#3856,#2481,#2482);
#2024=AXIS2_PLACEMENT_3D('',#3863,#2484,#2485);
#2025=AXIS2_PLACEMENT_3D('',#3871,#2487,#2488);
#2026=AXIS2_PLACEMENT_3D('',#3878,#2490,#2491);
#2027=AXIS2_PLACEMENT_3D('',#3886,#2493,#2494);
#2028=DIRECTION('',(0.,0.,1.));
#2029=DIRECTION('',(1.,0.,0.));
#2030=DIRECTION('',(0.,-1.,0.));
#2031=DIRECTION('',(0.,0.,-1.));
#2032=DIRECTION('',(0.,0.,1.));
#2033=DIRECTION('',(0.,0.,1.));
#2034=DIRECTION('',(1.,0.,0.));
#2035=DIRECTION('',(-1.,0.,0.));
#2036=DIRECTION('',(0.,0.,1.));
#2037=DIRECTION('',(0.,0.997960990857776,-0.063826802568868));
#2038=DIRECTION('',(0.,0.,1.));
#2039=DIRECTION('',(0.,-1.,0.));
#2040=DIRECTION('',(0.,0.,1.));
#2041=DIRECTION('',(0.,-1.,0.));
#2042=DIRECTION('',(0.,0.,1.));
#2043=DIRECTION('',(0.,0.,1.));
#2044=DIRECTION('',(0.,1.,0.));
#2045=DIRECTION('',(0.,0.,1.));
#2046=DIRECTION('',(1.,0.,0.));
#2047=DIRECTION('',(0.,1.,0.));
#2048=DIRECTION('',(0.,0.,1.));
#2049=DIRECTION('',(0.,0.,-1.));
#2050=DIRECTION('',(0.,1.,0.));
#2051=DIRECTION('',(0.,0.,1.));
#2052=DIRECTION('',(-1.,0.,0.));
#2053=DIRECTION('',(0.,1.,0.));
#2054=DIRECTION('',(0.,0.,1.));
#2055=DIRECTION('',(0.,0.,1.));
#2056=DIRECTION('',(0.,1.,0.));
#2057=DIRECTION('',(0.,0.,1.));
#2058=DIRECTION('',(0.,0.,1.));
#2059=DIRECTION('',(-1.,0.,0.));
#2060=DIRECTION('',(0.,0.,1.));
#2061=DIRECTION('',(1.,0.,0.));
#2062=DIRECTION('',(0.,0.,1.));
#2063=DIRECTION('',(-1.,0.,0.));
#2064=DIRECTION('',(0.,-0.063826802568868,-0.997960990857776));
#2065=DIRECTION('',(1.,0.,0.));
#2066=DIRECTION('',(0.,-0.063826802568868,-0.997960990857776));
#2067=DIRECTION('',(0.,-0.997960990857776,0.063826802568868));
#2068=DIRECTION('',(0.,-0.063826802568868,-0.997960990857776));
#2069=DIRECTION('',(0.,-0.997960990857776,0.063826802568868));
#2070=DIRECTION('',(0.,-0.063826802568868,-0.997960990857776));
#2071=DIRECTION('',(0.,-0.997960990857776,0.063826802568868));
#2072=DIRECTION('',(0.,-0.063826802568868,-0.997960990857776));
#2073=DIRECTION('',(0.,-0.997960990857776,0.063826802568868));
#2074=DIRECTION('',(0.,-0.063826802568868,-0.997960990857776));
#2075=DIRECTION('',(0.,-0.997960990857776,0.063826802568868));
#2076=DIRECTION('',(0.,-0.063826802568868,-0.997960990857776));
#2077=DIRECTION('',(0.,-0.997960990857776,0.063826802568868));
#2078=DIRECTION('',(0.,-0.063826802568868,-0.997960990857776));
#2079=DIRECTION('',(0.,-0.997960990857776,0.063826802568868));
#2080=DIRECTION('',(0.,-0.063826802568868,-0.997960990857776));
#2081=DIRECTION('',(0.,-0.997960990857776,0.063826802568868));
#2082=DIRECTION('',(0.,-0.063826802568868,-0.997960990857776));
#2083=DIRECTION('',(0.,-0.997960990857776,0.063826802568868));
#2084=DIRECTION('',(0.,-0.063826802568868,-0.997960990857776));
#2085=DIRECTION('',(0.,-0.997960990857776,0.063826802568868));
#2086=DIRECTION('',(0.,-0.063826802568868,-0.997960990857776));
#2087=DIRECTION('',(0.,-0.997960990857776,0.063826802568868));
#2088=DIRECTION('',(0.,-0.063826802568868,-0.997960990857776));
#2089=DIRECTION('',(0.,-0.997960990857776,0.063826802568868));
#2090=DIRECTION('',(0.,-0.063826802568868,-0.997960990857776));
#2091=DIRECTION('',(0.,-0.997960990857776,0.063826802568868));
#2092=DIRECTION('',(0.,-0.063826802568868,-0.997960990857776));
#2093=DIRECTION('',(0.,-0.997960990857776,0.063826802568868));
#2094=DIRECTION('',(0.,-0.063826802568868,-0.997960990857776));
#2095=DIRECTION('',(0.,-0.997960990857776,0.063826802568868));
#2096=DIRECTION('',(0.,0.997960990857776,-0.063826802568868));
#2097=DIRECTION('',(1.,0.,0.));
#2098=DIRECTION('',(-1.,0.,0.));
#2099=DIRECTION('',(0.,-0.997960990857776,0.063826802568868));
#2100=DIRECTION('',(0.,0.997960990857776,-0.063826802568868));
#2101=DIRECTION('',(0.,1.,0.));
#2102=DIRECTION('',(0.,0.,1.));
#2103=DIRECTION('',(0.,0.,1.));
#2104=DIRECTION('',(0.,0.,1.));
#2105=DIRECTION('',(-1.,0.,0.));
#2106=DIRECTION('',(1.,0.,0.));
#2107=DIRECTION('',(0.,0.,-1.));
#2108=DIRECTION('',(0.,0.,1.));
#2109=DIRECTION('',(0.,1.,0.));
#2110=DIRECTION('',(0.,0.,1.));
#2111=DIRECTION('',(-1.,0.,0.));
#2112=DIRECTION('',(0.,0.,1.));
#2113=DIRECTION('',(0.,0.,1.));
#2114=DIRECTION('',(0.,-1.,0.));
#2115=DIRECTION('',(1.,0.,0.));
#2116=DIRECTION('',(0.,0.,-1.));
#2117=DIRECTION('',(0.,0.,1.));
#2118=DIRECTION('',(0.,0.,1.));
#2119=DIRECTION('',(0.,1.,0.));
#2120=DIRECTION('',(0.,0.,1.));
#2121=DIRECTION('',(0.,-1.,0.));
#2122=DIRECTION('',(0.,0.,-1.));
#2123=DIRECTION('',(0.,0.,1.));
#2124=DIRECTION('',(1.,0.,0.));
#2125=DIRECTION('',(0.,0.,-1.));
#2126=DIRECTION('',(1.,0.,0.));
#2127=DIRECTION('',(0.,-0.063826802568868,-0.997960990857776));
#2128=DIRECTION('',(1.,0.,0.));
#2129=DIRECTION('',(0.,0.,1.));
#2130=DIRECTION('',(1.,0.,0.));
#2131=DIRECTION('',(0.,0.,-1.));
#2132=DIRECTION('',(1.,0.,0.));
#2133=DIRECTION('',(0.,0.,-1.));
#2134=DIRECTION('',(1.,0.,0.));
#2135=DIRECTION('',(0.,0.,1.));
#2136=DIRECTION('',(1.,0.,0.));
#2137=DIRECTION('',(0.,0.,1.));
#2138=DIRECTION('',(1.,0.,0.));
#2139=DIRECTION('',(0.,0.,-1.));
#2140=DIRECTION('',(1.,6.12323399573677E-17,0.));
#2141=DIRECTION('',(0.,0.,-1.));
#2142=DIRECTION('',(1.,0.,0.));
#2143=DIRECTION('',(0.,0.,1.));
#2144=DIRECTION('',(1.,-6.12323399573677E-17,0.));
#2145=DIRECTION('',(0.,0.,1.));
#2146=DIRECTION('',(1.,0.,0.));
#2147=DIRECTION('',(0.,0.,-1.));
#2148=DIRECTION('',(1.,0.,0.));
#2149=DIRECTION('',(0.,0.,-1.));
#2150=DIRECTION('',(1.,0.,0.));
#2151=DIRECTION('',(0.,0.,1.));
#2152=DIRECTION('',(1.,0.,0.));
#2153=DIRECTION('',(0.,0.,1.));
#2154=DIRECTION('',(1.,0.,0.));
#2155=DIRECTION('',(0.,0.,-1.));
#2156=DIRECTION('',(1.,0.,0.));
#2157=DIRECTION('',(0.,0.,-1.));
#2158=DIRECTION('',(1.,0.,0.));
#2159=DIRECTION('',(0.,0.,1.));
#2160=DIRECTION('',(1.,0.,0.));
#2161=DIRECTION('',(0.,0.,1.));
#2162=DIRECTION('',(1.,0.,0.));
#2163=DIRECTION('',(0.,0.,-1.));
#2164=DIRECTION('',(1.,0.,0.));
#2165=DIRECTION('',(0.,0.,-1.));
#2166=DIRECTION('',(1.,0.,0.));
#2167=DIRECTION('',(0.,0.,1.));
#2168=DIRECTION('',(1.,0.,0.));
#2169=DIRECTION('',(0.,0.,1.));
#2170=DIRECTION('',(1.,0.,0.));
#2171=DIRECTION('',(0.,0.,-1.));
#2172=DIRECTION('',(1.,0.,0.));
#2173=DIRECTION('',(0.,0.,-1.));
#2174=DIRECTION('',(1.,0.,0.));
#2175=DIRECTION('',(0.,0.,1.));
#2176=DIRECTION('',(1.,0.,0.));
#2177=DIRECTION('',(0.,0.,1.));
#2178=DIRECTION('',(1.,0.,0.));
#2179=DIRECTION('',(0.,0.,-1.));
#2180=DIRECTION('',(1.,0.,0.));
#2181=DIRECTION('',(0.,0.,-1.));
#2182=DIRECTION('',(1.,0.,0.));
#2183=DIRECTION('',(0.,0.,1.));
#2184=DIRECTION('',(1.,0.,0.));
#2185=DIRECTION('',(0.,0.,1.));
#2186=DIRECTION('',(1.,0.,0.));
#2187=DIRECTION('',(0.,0.,-1.));
#2188=DIRECTION('',(1.,0.,0.));
#2189=DIRECTION('',(0.,0.,-1.));
#2190=DIRECTION('',(1.,0.,0.));
#2191=DIRECTION('',(0.,0.,1.));
#2192=DIRECTION('',(1.,0.,0.));
#2193=DIRECTION('',(0.,0.,1.));
#2194=DIRECTION('',(1.,0.,0.));
#2195=DIRECTION('',(0.,0.,-1.));
#2196=DIRECTION('',(1.,0.,0.));
#2197=DIRECTION('',(0.,0.,-1.));
#2198=DIRECTION('',(1.,0.,0.));
#2199=DIRECTION('',(0.,0.,1.));
#2200=DIRECTION('',(1.,0.,0.));
#2201=DIRECTION('',(0.,0.,1.));
#2202=DIRECTION('',(1.,0.,0.));
#2203=DIRECTION('',(0.,0.,-1.));
#2204=DIRECTION('',(1.,0.,0.));
#2205=DIRECTION('',(0.,0.,-1.));
#2206=DIRECTION('',(1.,0.,0.));
#2207=DIRECTION('',(0.,0.,1.));
#2208=DIRECTION('',(1.,0.,0.));
#2209=DIRECTION('',(0.,0.,1.));
#2210=DIRECTION('',(1.,0.,0.));
#2211=DIRECTION('',(0.,0.,-1.));
#2212=DIRECTION('',(1.,0.,0.));
#2213=DIRECTION('',(0.,0.,-1.));
#2214=DIRECTION('',(1.,0.,0.));
#2215=DIRECTION('',(0.,0.,1.));
#2216=DIRECTION('',(1.,0.,0.));
#2217=DIRECTION('',(0.,0.,1.));
#2218=DIRECTION('',(1.,0.,0.));
#2219=DIRECTION('',(0.,0.,-1.));
#2220=DIRECTION('',(1.,0.,0.));
#2221=DIRECTION('',(0.,0.,-1.));
#2222=DIRECTION('',(1.,0.,0.));
#2223=DIRECTION('',(0.,0.,1.));
#2224=DIRECTION('',(1.,0.,0.));
#2225=DIRECTION('',(0.,0.,1.));
#2226=DIRECTION('',(1.,0.,0.));
#2227=DIRECTION('',(0.,0.,-1.));
#2228=DIRECTION('',(1.,0.,0.));
#2229=DIRECTION('',(0.,0.,-1.));
#2230=DIRECTION('',(1.,0.,0.));
#2231=DIRECTION('',(0.,0.,1.));
#2232=DIRECTION('',(1.,0.,0.));
#2233=DIRECTION('',(0.,0.,1.));
#2234=DIRECTION('',(1.,0.,0.));
#2235=DIRECTION('',(0.,0.,-1.));
#2236=DIRECTION('',(1.,0.,0.));
#2237=DIRECTION('',(0.,0.,-1.));
#2238=DIRECTION('',(1.,0.,0.));
#2239=DIRECTION('',(0.,0.,1.));
#2240=DIRECTION('',(1.,0.,0.));
#2241=DIRECTION('',(0.,0.,1.));
#2242=DIRECTION('',(1.,0.,0.));
#2243=DIRECTION('',(0.,0.,-1.));
#2244=DIRECTION('',(1.,0.,0.));
#2245=DIRECTION('',(0.,0.,-1.));
#2246=DIRECTION('',(1.,0.,0.));
#2247=DIRECTION('',(0.,0.,1.));
#2248=DIRECTION('',(1.,0.,0.));
#2249=DIRECTION('',(0.,0.,1.));
#2250=DIRECTION('',(1.,0.,0.));
#2251=DIRECTION('',(0.,0.,1.));
#2252=DIRECTION('',(1.,0.,0.));
#2253=DIRECTION('',(0.,0.,1.));
#2254=DIRECTION('',(1.,0.,0.));
#2255=DIRECTION('',(0.,0.,1.));
#2256=DIRECTION('',(1.,0.,0.));
#2257=DIRECTION('',(0.,-0.063826802568868,-0.997960990857776));
#2258=DIRECTION('',(1.,0.,0.));
#2259=DIRECTION('',(0.,-0.063826802568868,-0.997960990857776));
#2260=DIRECTION('',(0.,-0.997960990857776,0.063826802568868));
#2261=DIRECTION('',(0.,0.,1.));
#2262=DIRECTION('',(1.,0.,0.));
#2263=DIRECTION('',(0.,0.,1.));
#2264=DIRECTION('',(1.,0.,0.));
#2265=DIRECTION('',(0.,0.,1.));
#2266=DIRECTION('',(1.,0.,0.));
#2267=DIRECTION('',(0.,0.,1.));
#2268=DIRECTION('',(1.,0.,0.));
#2269=DIRECTION('',(0.,0.,1.));
#2270=DIRECTION('',(1.,0.,0.));
#2271=DIRECTION('',(0.,-0.063826802568868,-0.997960990857776));
#2272=DIRECTION('',(1.,0.,0.));
#2273=DIRECTION('',(0.,-0.063826802568868,-0.997960990857776));
#2274=DIRECTION('',(0.,-0.997960990857776,0.063826802568868));
#2275=DIRECTION('',(0.,0.,1.));
#2276=DIRECTION('',(1.,0.,0.));
#2277=DIRECTION('',(0.,0.,1.));
#2278=DIRECTION('',(1.,0.,0.));
#2279=DIRECTION('',(0.,0.,1.));
#2280=DIRECTION('',(1.,0.,0.));
#2281=DIRECTION('',(0.,0.,1.));
#2282=DIRECTION('',(1.,0.,0.));
#2283=DIRECTION('',(0.,0.,1.));
#2284=DIRECTION('',(1.,0.,0.));
#2285=DIRECTION('',(0.,-0.063826802568868,-0.997960990857776));
#2286=DIRECTION('',(1.,0.,0.));
#2287=DIRECTION('',(0.,-0.063826802568868,-0.997960990857776));
#2288=DIRECTION('',(0.,-0.997960990857776,0.063826802568868));
#2289=DIRECTION('',(0.,0.,1.));
#2290=DIRECTION('',(1.,0.,0.));
#2291=DIRECTION('',(0.,0.,1.));
#2292=DIRECTION('',(1.,0.,0.));
#2293=DIRECTION('',(0.,0.,1.));
#2294=DIRECTION('',(1.,0.,0.));
#2295=DIRECTION('',(0.,0.,1.));
#2296=DIRECTION('',(1.,0.,0.));
#2297=DIRECTION('',(0.,0.,1.));
#2298=DIRECTION('',(1.,0.,0.));
#2299=DIRECTION('',(0.,-0.063826802568868,-0.997960990857776));
#2300=DIRECTION('',(1.,0.,0.));
#2301=DIRECTION('',(0.,-0.063826802568868,-0.997960990857776));
#2302=DIRECTION('',(0.,-0.997960990857776,0.063826802568868));
#2303=DIRECTION('',(0.,0.,1.));
#2304=DIRECTION('',(1.,0.,0.));
#2305=DIRECTION('',(0.,0.,1.));
#2306=DIRECTION('',(1.,0.,0.));
#2307=DIRECTION('',(0.,0.,1.));
#2308=DIRECTION('',(1.,0.,0.));
#2309=DIRECTION('',(0.,0.,1.));
#2310=DIRECTION('',(1.,0.,0.));
#2311=DIRECTION('',(0.,0.,1.));
#2312=DIRECTION('',(1.,0.,0.));
#2313=DIRECTION('',(0.,-0.063826802568868,-0.997960990857776));
#2314=DIRECTION('',(1.,0.,0.));
#2315=DIRECTION('',(0.,-0.063826802568868,-0.997960990857776));
#2316=DIRECTION('',(0.,-0.997960990857776,0.063826802568868));
#2317=DIRECTION('',(0.,0.,1.));
#2318=DIRECTION('',(1.,0.,0.));
#2319=DIRECTION('',(0.,0.,1.));
#2320=DIRECTION('',(1.,0.,0.));
#2321=DIRECTION('',(0.,0.,1.));
#2322=DIRECTION('',(1.,0.,0.));
#2323=DIRECTION('',(0.,0.,1.));
#2324=DIRECTION('',(1.,0.,0.));
#2325=DIRECTION('',(0.,0.,1.));
#2326=DIRECTION('',(1.,0.,0.));
#2327=DIRECTION('',(0.,-0.063826802568868,-0.997960990857776));
#2328=DIRECTION('',(1.,0.,0.));
#2329=DIRECTION('',(0.,-0.063826802568868,-0.997960990857776));
#2330=DIRECTION('',(0.,-0.997960990857776,0.063826802568868));
#2331=DIRECTION('',(0.,0.,1.));
#2332=DIRECTION('',(1.,0.,0.));
#2333=DIRECTION('',(0.,0.,1.));
#2334=DIRECTION('',(1.,0.,0.));
#2335=DIRECTION('',(0.,0.,1.));
#2336=DIRECTION('',(1.,0.,0.));
#2337=DIRECTION('',(0.,0.,1.));
#2338=DIRECTION('',(1.,0.,0.));
#2339=DIRECTION('',(0.,0.,1.));
#2340=DIRECTION('',(1.,0.,0.));
#2341=DIRECTION('',(0.,-0.063826802568868,-0.997960990857776));
#2342=DIRECTION('',(1.,0.,0.));
#2343=DIRECTION('',(0.,-0.063826802568868,-0.997960990857776));
#2344=DIRECTION('',(0.,-0.997960990857776,0.063826802568868));
#2345=DIRECTION('',(0.,0.,1.));
#2346=DIRECTION('',(1.,0.,0.));
#2347=DIRECTION('',(0.,0.,1.));
#2348=DIRECTION('',(1.,0.,0.));
#2349=DIRECTION('',(0.,0.,1.));
#2350=DIRECTION('',(1.,0.,0.));
#2351=DIRECTION('',(0.,0.,1.));
#2352=DIRECTION('',(1.,0.,0.));
#2353=DIRECTION('',(0.,0.,1.));
#2354=DIRECTION('',(1.,0.,0.));
#2355=DIRECTION('',(0.,-0.063826802568868,-0.997960990857776));
#2356=DIRECTION('',(1.,0.,0.));
#2357=DIRECTION('',(0.,-0.063826802568868,-0.997960990857776));
#2358=DIRECTION('',(0.,-0.997960990857776,0.063826802568868));
#2359=DIRECTION('',(0.,0.,1.));
#2360=DIRECTION('',(1.,0.,0.));
#2361=DIRECTION('',(0.,0.,1.));
#2362=DIRECTION('',(1.,0.,0.));
#2363=DIRECTION('',(0.,0.,1.));
#2364=DIRECTION('',(1.,0.,0.));
#2365=DIRECTION('',(0.,0.,1.));
#2366=DIRECTION('',(1.,0.,0.));
#2367=DIRECTION('',(0.,0.,1.));
#2368=DIRECTION('',(1.,0.,0.));
#2369=DIRECTION('',(0.,-0.063826802568868,-0.997960990857776));
#2370=DIRECTION('',(1.,0.,0.));
#2371=DIRECTION('',(0.,-0.063826802568868,-0.997960990857776));
#2372=DIRECTION('',(0.,-0.997960990857776,0.063826802568868));
#2373=DIRECTION('',(0.,0.,1.));
#2374=DIRECTION('',(1.,0.,0.));
#2375=DIRECTION('',(0.,0.,1.));
#2376=DIRECTION('',(1.,0.,0.));
#2377=DIRECTION('',(0.,0.,1.));
#2378=DIRECTION('',(1.,0.,0.));
#2379=DIRECTION('',(0.,0.,1.));
#2380=DIRECTION('',(1.,0.,0.));
#2381=DIRECTION('',(0.,0.,1.));
#2382=DIRECTION('',(1.,0.,0.));
#2383=DIRECTION('',(0.,-0.063826802568868,-0.997960990857776));
#2384=DIRECTION('',(1.,0.,0.));
#2385=DIRECTION('',(0.,-0.063826802568868,-0.997960990857776));
#2386=DIRECTION('',(0.,-0.997960990857776,0.063826802568868));
#2387=DIRECTION('',(0.,0.,1.));
#2388=DIRECTION('',(1.,0.,0.));
#2389=DIRECTION('',(0.,0.,1.));
#2390=DIRECTION('',(1.,0.,0.));
#2391=DIRECTION('',(0.,0.,1.));
#2392=DIRECTION('',(1.,0.,0.));
#2393=DIRECTION('',(0.,0.,1.));
#2394=DIRECTION('',(1.,0.,0.));
#2395=DIRECTION('',(0.,0.,1.));
#2396=DIRECTION('',(1.,0.,0.));
#2397=DIRECTION('',(0.,-0.063826802568868,-0.997960990857776));
#2398=DIRECTION('',(1.,0.,0.));
#2399=DIRECTION('',(0.,-0.063826802568868,-0.997960990857776));
#2400=DIRECTION('',(0.,-0.997960990857776,0.063826802568868));
#2401=DIRECTION('',(0.,0.,1.));
#2402=DIRECTION('',(1.,0.,0.));
#2403=DIRECTION('',(0.,0.,1.));
#2404=DIRECTION('',(1.,0.,0.));
#2405=DIRECTION('',(0.,0.,1.));
#2406=DIRECTION('',(1.,0.,0.));
#2407=DIRECTION('',(0.,0.,1.));
#2408=DIRECTION('',(1.,0.,0.));
#2409=DIRECTION('',(0.,0.,1.));
#2410=DIRECTION('',(1.,0.,0.));
#2411=DIRECTION('',(0.,-0.063826802568868,-0.997960990857776));
#2412=DIRECTION('',(1.,0.,0.));
#2413=DIRECTION('',(0.,-0.063826802568868,-0.997960990857776));
#2414=DIRECTION('',(0.,-0.997960990857776,0.063826802568868));
#2415=DIRECTION('',(0.,0.,1.));
#2416=DIRECTION('',(1.,0.,0.));
#2417=DIRECTION('',(0.,0.,1.));
#2418=DIRECTION('',(1.,0.,0.));
#2419=DIRECTION('',(0.,0.,1.));
#2420=DIRECTION('',(1.,0.,0.));
#2421=DIRECTION('',(0.,0.,1.));
#2422=DIRECTION('',(1.,0.,0.));
#2423=DIRECTION('',(0.,0.,1.));
#2424=DIRECTION('',(1.,0.,0.));
#2425=DIRECTION('',(0.,-0.063826802568868,-0.997960990857776));
#2426=DIRECTION('',(1.,0.,0.));
#2427=DIRECTION('',(0.,-0.063826802568868,-0.997960990857776));
#2428=DIRECTION('',(0.,-0.997960990857776,0.063826802568868));
#2429=DIRECTION('',(0.,0.,1.));
#2430=DIRECTION('',(1.,0.,0.));
#2431=DIRECTION('',(0.,0.,1.));
#2432=DIRECTION('',(1.,0.,0.));
#2433=DIRECTION('',(0.,0.,1.));
#2434=DIRECTION('',(1.,-6.12323399573677E-17,0.));
#2435=DIRECTION('',(0.,0.,1.));
#2436=DIRECTION('',(1.,0.,0.));
#2437=DIRECTION('',(0.,0.,1.));
#2438=DIRECTION('',(1.,-6.12323399573677E-17,0.));
#2439=DIRECTION('',(0.,-0.063826802568868,-0.997960990857776));
#2440=DIRECTION('',(1.,0.,0.));
#2441=DIRECTION('',(0.,-0.063826802568868,-0.997960990857776));
#2442=DIRECTION('',(0.,-0.997960990857776,0.063826802568868));
#2443=DIRECTION('',(0.,0.,1.));
#2444=DIRECTION('',(1.,0.,0.));
#2445=DIRECTION('',(0.,0.,1.));
#2446=DIRECTION('',(1.,0.,0.));
#2447=DIRECTION('',(0.,0.,1.));
#2448=DIRECTION('',(1.,0.,0.));
#2449=DIRECTION('',(0.,0.,1.));
#2450=DIRECTION('',(1.,0.,0.));
#2451=DIRECTION('',(0.,0.,1.));
#2452=DIRECTION('',(1.,0.,0.));
#2453=DIRECTION('',(0.,-0.063826802568868,-0.997960990857776));
#2454=DIRECTION('',(1.,0.,0.));
#2455=DIRECTION('',(0.,-0.063826802568868,-0.997960990857776));
#2456=DIRECTION('',(0.,-0.997960990857776,0.063826802568868));
#2457=DIRECTION('',(0.,0.,1.));
#2458=DIRECTION('',(1.,0.,0.));
#2459=DIRECTION('',(-1.,0.,0.));
#2460=DIRECTION('',(0.,-1.,0.));
#2461=DIRECTION('',(0.,-1.,0.));
#2462=DIRECTION('',(-1.,0.,0.));
#2463=DIRECTION('',(0.,0.,1.));
#2464=DIRECTION('',(0.,-1.,0.));
#2465=DIRECTION('',(0.,0.,1.));
#2466=DIRECTION('',(0.,1.,0.));
#2467=DIRECTION('',(0.,0.,1.));
#2468=DIRECTION('',(-1.,0.,0.));
#2469=DIRECTION('',(0.,0.,-1.));
#2470=DIRECTION('',(-1.,0.,0.));
#2471=DIRECTION('',(0.,1.,0.));
#2472=DIRECTION('',(0.,0.,1.));
#2473=DIRECTION('',(0.,1.,0.));
#2474=DIRECTION('',(0.,1.,0.));
#2475=DIRECTION('',(1.,0.,0.));
#2476=DIRECTION('',(0.,0.,-1.));
#2477=DIRECTION('',(0.,1.,0.));
#2478=DIRECTION('',(0.,1.,0.));
#2479=DIRECTION('',(0.,0.,1.));
#2480=DIRECTION('',(0.,1.,0.));
#2481=DIRECTION('',(0.,0.,-1.));
#2482=DIRECTION('',(-1.,0.,0.));
#2483=DIRECTION('',(0.,1.,0.));
#2484=DIRECTION('',(0.,1.,0.));
#2485=DIRECTION('',(0.,0.,1.));
#2486=DIRECTION('',(0.,1.,0.));
#2487=DIRECTION('',(-1.,0.,0.));
#2488=DIRECTION('',(0.,0.,1.));
#2489=DIRECTION('',(0.,1.,0.));
#2490=DIRECTION('',(0.,1.,0.));
#2491=DIRECTION('',(0.,0.,1.));
#2492=DIRECTION('',(0.,1.,0.));
#2493=DIRECTION('',(0.,0.,1.));
#2494=DIRECTION('',(1.,0.,0.));
#2495=CARTESIAN_POINT('',(0.,0.,0.));
#2496=CARTESIAN_POINT('',(0.,0.0506249035,-0.025));
#2497=CARTESIAN_POINT('',(0.140080845150305,0.0506249035,-0.025));
#2498=CARTESIAN_POINT('',(0.140080845150305,0.0506249035,-0.0135229609284745));
#2499=CARTESIAN_POINT('',(0.140080845150305,0.0506249035,0.));
#2500=CARTESIAN_POINT('',(0.140080845150305,0.0506249035,-0.0135229609284745));
#2501=CARTESIAN_POINT('',(0.050931738217416,0.0506249035,-0.0135229609284745));
#2502=CARTESIAN_POINT('',(-0.0382173687154725,0.0506249035,-0.0135229609284745));
#2503=CARTESIAN_POINT('',(-0.127366475648361,0.0506249035,-0.0135229609284745));
#2504=CARTESIAN_POINT('',(-0.127366732338051,0.0506249035,-0.0135225714137676));
#2505=CARTESIAN_POINT('',(-0.127366475645394,0.0506249035,-0.0135229609265217));
#2506=CARTESIAN_POINT('',(-0.126331915852827,0.0506249035,-0.0128411760577179));
#2507=CARTESIAN_POINT('',(-0.12567,0.0506249035,-0.0116078972960317));
#2508=CARTESIAN_POINT('',(-0.12567,0.0506249035,-0.01036));
#2509=CARTESIAN_POINT('',(-0.12567,0.0506249035,-0.01036));
#2510=CARTESIAN_POINT('',(-0.12567,0.0506249035,-0.01036));
#2511=CARTESIAN_POINT('',(-0.12567,0.0506249035,-0.0101233333333333));
#2512=CARTESIAN_POINT('',(-0.12567,0.0506249035,-0.00988666666666667));
#2513=CARTESIAN_POINT('',(-0.12567,0.0506249035,-0.00965));
#2514=CARTESIAN_POINT('',(-0.12567,0.0506249035,-0.00965));
#2515=CARTESIAN_POINT('',(-0.12567,0.0506249035,-0.00965));
#2516=CARTESIAN_POINT('',(-0.12567,0.0506249035,-0.00865638270948674));
#2517=CARTESIAN_POINT('',(-0.126493271990763,0.0506249035,-0.00667279710823904));
#2518=CARTESIAN_POINT('',(-0.128475432944439,0.0506249035,-0.00585));
#2519=CARTESIAN_POINT('',(-0.12947,0.0506249035,-0.00585));
#2520=CARTESIAN_POINT('',(-0.12947,0.0506249035,-0.00585000000000008));
#2521=CARTESIAN_POINT('',(-0.12947,0.0506249035,-0.00585));
#2522=CARTESIAN_POINT('',(-0.131583333333333,0.0506249035,-0.00585));
#2523=CARTESIAN_POINT('',(-0.133696666666667,0.0506249035,-0.00585));
#2524=CARTESIAN_POINT('',(-0.13581,0.0506249035,-0.00585));
#2525=CARTESIAN_POINT('',(-0.13581,0.0506249035,-0.00585));
#2526=CARTESIAN_POINT('',(-0.13581,0.0506249035,-0.00585));
#2527=CARTESIAN_POINT('',(-0.136803617290542,0.0506249035,-0.00585));
#2528=CARTESIAN_POINT('',(-0.138787202891747,0.0506249035,-0.00667327199074147));
#2529=CARTESIAN_POINT('',(-0.13961,0.0506249035,-0.00865543294448187));
#2530=CARTESIAN_POINT('',(-0.13961,0.0506249035,-0.00965));
#2531=CARTESIAN_POINT('',(-0.13961,0.0506249035,-0.00965));
#2532=CARTESIAN_POINT('',(-0.13961,0.0506249035,-0.00965));
#2533=CARTESIAN_POINT('',(-0.13961,0.0506249035,-0.00988666666666667));
#2534=CARTESIAN_POINT('',(-0.13961,0.0506249035,-0.0101233333333333));
#2535=CARTESIAN_POINT('',(-0.13961,0.0506249035,-0.01036));
#2536=CARTESIAN_POINT('',(-0.13961,0.0506249035,-0.01036));
#2537=CARTESIAN_POINT('',(-0.13961,0.0506249035,-0.01036));
#2538=CARTESIAN_POINT('',(-0.13961,0.0506249035,-0.0116069465560605));
#2539=CARTESIAN_POINT('',(-0.138948467168037,0.0506249035,-0.0128412080871958));
#2540=CARTESIAN_POINT('',(-0.137913522099299,0.0506249035,-0.0135229610252448));
#2541=CARTESIAN_POINT('',(-0.137913265800333,0.0506249035,-0.0135225719468327));
#2542=CARTESIAN_POINT('',(-0.137913522246201,0.0506249035,-0.0135229609284745));
#2543=CARTESIAN_POINT('',(-0.138635964064134,0.0506249035,-0.0135229609284745));
#2544=CARTESIAN_POINT('',(-0.139358405882067,0.0506249035,-0.0135229609284745));
#2545=CARTESIAN_POINT('',(-0.1400808477,0.0506249035,-0.0135229609284745));
#2546=CARTESIAN_POINT('',(-0.1400808477,0.0506249035,-0.0135229609284745));
#2547=CARTESIAN_POINT('',(-0.1400808477,0.0506249035,-0.0135229609284745));
#2548=CARTESIAN_POINT('',(-0.1400808477,0.0506249035,-0.0130841649654141));
#2549=CARTESIAN_POINT('',(-0.1400808477,0.0506249035,-0.0126453690023538));
#2550=CARTESIAN_POINT('',(-0.1400808477,0.0506249035,-0.0122065730392934));
#2551=CARTESIAN_POINT('',(-0.140080845150305,0.0506249035,-0.0122065730392933));
#2552=CARTESIAN_POINT('',(-0.140080845150305,0.0506249035,-0.025));
#2553=CARTESIAN_POINT('',(-0.140080845150305,0.0506249035,0.));
#2554=CARTESIAN_POINT('',(0.,0.0506249035,0.));
#2555=CARTESIAN_POINT('',(-0.1433749577,-6.93889390390723E-18,-0.025));
#2556=CARTESIAN_POINT('',(-0.1433749577,0.000861239467004202,-0.0115341305334859));
#2557=CARTESIAN_POINT('',(-0.1433749577,-0.0448307909503046,-0.0086117956615491));
#2558=CARTESIAN_POINT('',(-0.1433749577,0.0214089342802763,-0.0128483038048928));
#2559=CARTESIAN_POINT('',(-0.1433749577,0.0214089342802763,-0.0139065730392933));
#2560=CARTESIAN_POINT('',(-0.1433749577,0.0214089342802763,-0.0139065730392933));
#2561=CARTESIAN_POINT('',(-0.1433749577,-6.93889390390723E-18,-0.0139065730392933));
#2562=CARTESIAN_POINT('',(-0.1433749577,0.0448307909503046,-0.0139065730392933));
#2563=CARTESIAN_POINT('',(-0.1433749577,0.0448307909503046,-0.025));
#2564=CARTESIAN_POINT('',(-0.1433749577,0.0448307909503046,0.));
#2565=CARTESIAN_POINT('',(-0.1433749577,-6.93889390390723E-18,0.));
#2566=CARTESIAN_POINT('',(-0.1433749577,-0.0448307909503046,0.));
#2567=CARTESIAN_POINT('',(-0.1433749577,-0.0448307909503046,-0.025));
#2568=CARTESIAN_POINT('',(-0.140080845150305,0.0506249035,-0.0122065730392933));
#2569=CARTESIAN_POINT('',(-0.140080845150305,0.0506249035,0.));
#2570=CARTESIAN_POINT('',(-0.140326779936995,0.0506249035,-0.0122065730392933));
#2571=CARTESIAN_POINT('',(-0.140326779936995,0.0506249035,0.));
#2572=CARTESIAN_POINT('',(-0.140769256582194,0.050617376154865,-0.0122065730392933));
#2573=CARTESIAN_POINT('',(-0.140769256582194,0.050617376154865,5.20417042793042E-18));
#2574=CARTESIAN_POINT('',(-0.141189927705432,0.0505874116752088,-0.0122065730392933));
#2575=CARTESIAN_POINT('',(-0.141189927705432,0.0505874116752088,-1.73472347597681E-18));
#2576=CARTESIAN_POINT('',(-0.141395720095924,0.0505641782108953,-0.0122065730392933));
#2577=CARTESIAN_POINT('',(-0.141395720095924,0.0505641782108953,-1.73472347597681E-18));
#2578=CARTESIAN_POINT('',(-0.141599944424399,0.0505361681221428,-0.0122065730392933));
#2579=CARTESIAN_POINT('',(-0.141599944424399,0.0505361681221428,0.));
#2580=CARTESIAN_POINT('',(-0.141942026792491,0.0504761148902039,-0.0122065730392933));
#2581=CARTESIAN_POINT('',(-0.141942026792491,0.0504761148902039,-5.20417042793042E-18));
#2582=CARTESIAN_POINT('',(-0.142412099504541,0.0503585722807565,-0.0122065730392933));
#2583=CARTESIAN_POINT('',(-0.142412099504541,0.0503585722807565,3.46944695195361E-18));
#2584=CARTESIAN_POINT('',(-0.142976669124321,0.050154549454402,-0.0122065730392933));
#2585=CARTESIAN_POINT('',(-0.142976669124321,0.050154549454402,-1.73472347597681E-18));
#2586=CARTESIAN_POINT('',(-0.143709964984184,0.0497894410902227,-0.0122065730392933));
#2587=CARTESIAN_POINT('',(-0.143709964984184,0.0497894410902227,-3.46944695195361E-18));
#2588=CARTESIAN_POINT('',(-0.14447086233382,0.0492052030313086,-0.0122065730392933));
#2589=CARTESIAN_POINT('',(-0.14447086233382,0.0492052030313086,0.));
#2590=CARTESIAN_POINT('',(-0.145166807856652,0.0482798051118607,-0.0122065730392933));
#2591=CARTESIAN_POINT('',(-0.145166807856652,0.0482798051118607,3.46944695195361E-18));
#2592=CARTESIAN_POINT('',(-0.145512900227098,0.0474811443499905,-0.0122065730392933));
#2593=CARTESIAN_POINT('',(-0.145512900227098,0.0474811443499905,-3.46944695195361E-18));
#2594=CARTESIAN_POINT('',(-0.14568206971264,0.0468684129580361,-0.0122065730392933));
#2595=CARTESIAN_POINT('',(-0.14568206971264,0.0468684129580361,1.73472347597681E-18));
#2596=CARTESIAN_POINT('',(-0.145743351229583,0.0465935071900291,-0.0122065730392933));
#2597=CARTESIAN_POINT('',(-0.145743351229583,0.0465935071900291,0.));
#2598=CARTESIAN_POINT('',(-0.145793859878801,0.046303787259889,-0.0122065730392933));
#2599=CARTESIAN_POINT('',(-0.145793859878801,0.046303787259889,0.));
#2600=CARTESIAN_POINT('',(-0.145824693499657,0.0460662119554665,-0.0122065730392933));
#2601=CARTESIAN_POINT('',(-0.145824693499657,0.0460662119554665,-1.73472347597681E-18));
#2602=CARTESIAN_POINT('',(-0.145844969692628,0.0458499383769969,-0.0122065730392933));
#2603=CARTESIAN_POINT('',(-0.145844969692628,0.0458499383769969,0.));
#2604=CARTESIAN_POINT('',(-0.145855020490624,0.0457110704753664,-0.0122065730392933));
#2605=CARTESIAN_POINT('',(-0.145855020490624,0.0457110704753664,1.73472347597681E-18));
#2606=CARTESIAN_POINT('',(-0.145870165091099,0.045407277440685,-0.0122065730392933));
#2607=CARTESIAN_POINT('',(-0.145870165091099,0.045407277440685,0.));
#2608=CARTESIAN_POINT('',(-0.1458749577,0.0450814232102382,-0.0122065730392933));
#2609=CARTESIAN_POINT('',(-0.1458749577,0.0450814232102382,0.));
#2610=CARTESIAN_POINT('',(-0.1458749577,0.0448307909503046,-0.0122065730392933));
#2611=CARTESIAN_POINT('',(-0.1458749577,0.0448307909503046,0.));
#2612=CARTESIAN_POINT('',(-0.140080845150305,0.0506249035,-0.0122065730392933));
#2613=CARTESIAN_POINT('',(-0.140642981805596,0.0506249035,-0.0122065730392933));
#2614=CARTESIAN_POINT('',(-0.141089257358042,0.0506034756345599,-0.0122065730392933));
#2615=CARTESIAN_POINT('',(-0.14141967180764,0.0505606199036797,-0.0122065730392933));
#2616=CARTESIAN_POINT('',(-0.141878763264668,0.0505010743845426,-0.0122065730392933));
#2617=CARTESIAN_POINT('',(-0.142313885721878,0.050394971539558,-0.0122065730392933));
#2618=CARTESIAN_POINT('',(-0.142725039179272,0.0502423113687259,-0.0122065730392933));
#2619=CARTESIAN_POINT('',(-0.143629100945153,0.0499066356711487,-0.0122065730392933));
#2620=CARTESIAN_POINT('',(-0.14434086382621,0.0493817905556987,-0.0122065730392933));
#2621=CARTESIAN_POINT('',(-0.144860327822445,0.0486677760223757,-0.0122065730392933));
#2622=CARTESIAN_POINT('',(-0.145243640322266,0.0481409046748707,-0.0122065730392933));
#2623=CARTESIAN_POINT('',(-0.145519828312883,0.0475283555534131,-0.0122065730392933));
#2624=CARTESIAN_POINT('',(-0.145688891794295,0.0468301286580028,-0.0122065730392933));
#2625=CARTESIAN_POINT('',(-0.14576511754627,0.0465153186842122,-0.0122065730392933));
#2626=CARTESIAN_POINT('',(-0.145817314729457,0.0461845992989392,-0.0122065730392933));
#2627=CARTESIAN_POINT('',(-0.145845483343855,0.0458379705021841,-0.0122065730392933));
#2628=CARTESIAN_POINT('',(-0.145865132914618,0.0455961727703412,-0.0122065730392933));
#2629=CARTESIAN_POINT('',(-0.1458749577,0.045260446253048,-0.0122065730392933));
#2630=CARTESIAN_POINT('',(-0.1458749577,0.0448307909503046,-0.0122065730392933));
#2631=CARTESIAN_POINT('',(-0.1458749577,0.0448307909503046,-0.0122065730392933));
#2632=CARTESIAN_POINT('',(-0.1458749577,0.0448307909503046,-0.025));
#2633=CARTESIAN_POINT('',(-0.1458749577,0.0448307909503046,0.));
#2634=CARTESIAN_POINT('',(-0.140080845150305,0.0506249035,0.));
#2635=CARTESIAN_POINT('',(-0.140642981805596,0.0506249035,0.));
#2636=CARTESIAN_POINT('',(-0.141089257358042,0.0506034756345599,0.));
#2637=CARTESIAN_POINT('',(-0.14141967180764,0.0505606199036797,0.));
#2638=CARTESIAN_POINT('',(-0.141878763264668,0.0505010743845426,0.));
#2639=CARTESIAN_POINT('',(-0.142313885721878,0.050394971539558,0.));
#2640=CARTESIAN_POINT('',(-0.142725039179272,0.0502423113687259,0.));
#2641=CARTESIAN_POINT('',(-0.143629100945153,0.0499066356711487,0.));
#2642=CARTESIAN_POINT('',(-0.14434086382621,0.0493817905556987,0.));
#2643=CARTESIAN_POINT('',(-0.144860327822445,0.0486677760223757,0.));
#2644=CARTESIAN_POINT('',(-0.145243640322266,0.0481409046748707,0.));
#2645=CARTESIAN_POINT('',(-0.145519828312883,0.0475283555534131,0.));
#2646=CARTESIAN_POINT('',(-0.145688891794295,0.0468301286580028,0.));
#2647=CARTESIAN_POINT('',(-0.14576511754627,0.0465153186842122,0.));
#2648=CARTESIAN_POINT('',(-0.145817314729457,0.0461845992989392,0.));
#2649=CARTESIAN_POINT('',(-0.145845483343855,0.0458379705021841,0.));
#2650=CARTESIAN_POINT('',(-0.145865132914618,0.0455961727703412,0.));
#2651=CARTESIAN_POINT('',(-0.1458749577,0.045260446253048,0.));
#2652=CARTESIAN_POINT('',(-0.1458749577,0.0448307909503046,0.));
#2653=CARTESIAN_POINT('',(0.,0.0481249035,-0.025));
#2654=CARTESIAN_POINT('',(0.,0.0481249035,-0.00735000000000008));
#2655=CARTESIAN_POINT('',(-0.13581,0.0481249035,-0.00735000000000008));
#2656=CARTESIAN_POINT('',(-0.12947,0.0481249035,-0.00735000000000008));
#2657=CARTESIAN_POINT('',(-0.12947,0.0481249035,-0.00965));
#2658=CARTESIAN_POINT('',(-0.12717,0.0481249035,-0.00965));
#2659=CARTESIAN_POINT('',(-0.12717,0.0481249035,-0.025));
#2660=CARTESIAN_POINT('',(-0.12717,0.0481249035,-0.01036));
#2661=CARTESIAN_POINT('',(-0.12947,0.0481249035,-0.01036));
#2662=CARTESIAN_POINT('',(-0.12947,0.0481249035,-0.01266));
#2663=CARTESIAN_POINT('',(0.,0.0481249035,-0.01266));
#2664=CARTESIAN_POINT('',(-0.13581,0.0481249035,-0.01266));
#2665=CARTESIAN_POINT('',(-0.13581,0.0481249035,-0.01036));
#2666=CARTESIAN_POINT('',(-0.13811,0.0481249035,-0.01036));
#2667=CARTESIAN_POINT('',(-0.13811,0.0481249035,-0.025));
#2668=CARTESIAN_POINT('',(-0.13811,0.0481249035,-0.00965));
#2669=CARTESIAN_POINT('',(-0.13581,0.0481249035,-0.00965));
#2670=CARTESIAN_POINT('',(-0.140080845150305,0.0481249035,-0.025));
#2671=CARTESIAN_POINT('',(-0.140080845150305,0.0481249035,-0.0139065730392933));
#2672=CARTESIAN_POINT('',(-0.140080845150305,0.0481249035,0.));
#2673=CARTESIAN_POINT('',(0.,0.0481249035,-0.0139065730392933));
#2674=CARTESIAN_POINT('',(-0.1216749577,0.0481249035,-0.0139065730392933));
#2675=CARTESIAN_POINT('',(-0.1216749577,0.0481249035,-0.025));
#2676=CARTESIAN_POINT('',(-0.1216749577,0.0481249035,-0.014556982709624));
#2677=CARTESIAN_POINT('',(0.,0.0481249035,-0.014556982709624));
#2678=CARTESIAN_POINT('',(0.140080845150305,0.0481249035,-0.014556982709624));
#2679=CARTESIAN_POINT('',(0.140080845150305,0.0481249035,-0.025));
#2680=CARTESIAN_POINT('',(0.140080845150305,0.0481249035,0.));
#2681=CARTESIAN_POINT('',(0.,0.0481249035,0.));
#2682=CARTESIAN_POINT('',(-0.140080845150305,0.0481249035,-0.0139065730392933));
#2683=CARTESIAN_POINT('',(-0.140080845150305,0.0481249035,6.93889390390723E-18));
#2684=CARTESIAN_POINT('',(-0.140298985120433,0.0481249035,-0.0139065730392933));
#2685=CARTESIAN_POINT('',(-0.140298985120433,0.0481249035,8.67361737988404E-18));
#2686=CARTESIAN_POINT('',(-0.140675777271453,0.0481183126031134,-0.0139065730392933));
#2687=CARTESIAN_POINT('',(-0.140675777271453,0.0481183126031134,6.93889390390723E-18));
#2688=CARTESIAN_POINT('',(-0.140985798661906,0.0480944903612973,-0.0139065730392933));
#2689=CARTESIAN_POINT('',(-0.140985798661906,0.0480944903612973,3.46944695195361E-18));
#2690=CARTESIAN_POINT('',(-0.141083255741194,0.0480835512903426,-0.0139065730392933));
#2691=CARTESIAN_POINT('',(-0.141083255741194,0.0480835512903426,3.46944695195361E-18));
#2692=CARTESIAN_POINT('',(-0.141209028065261,0.0480663676850798,-0.0139065730392933));
#2693=CARTESIAN_POINT('',(-0.141209028065261,0.0480663676850798,8.67361737988404E-18));
#2694=CARTESIAN_POINT('',(-0.14141377467519,0.0480301826103633,-0.0139065730392933));
#2695=CARTESIAN_POINT('',(-0.14141377467519,0.0480301826103633,3.46944695195361E-18));
#2696=CARTESIAN_POINT('',(-0.141790265420524,0.0479366890795318,-0.0139065730392933));
#2697=CARTESIAN_POINT('',(-0.141790265420524,0.0479366890795318,5.20417042793042E-18));
#2698=CARTESIAN_POINT('',(-0.142305237253036,0.0477121921901596,-0.0139065730392933));
#2699=CARTESIAN_POINT('',(-0.142305237253036,0.0477121921901596,6.93889390390723E-18));
#2700=CARTESIAN_POINT('',(-0.142672748265455,0.0474220214488617,-0.0139065730392933));
#2701=CARTESIAN_POINT('',(-0.142672748265455,0.0474220214488617,5.20417042793042E-18));
#2702=CARTESIAN_POINT('',(-0.14297248619302,0.0470328519937931,-0.0139065730392933));
#2703=CARTESIAN_POINT('',(-0.14297248619302,0.0470328519937931,6.93889390390723E-18));
#2704=CARTESIAN_POINT('',(-0.143179964931926,0.0465652866241053,-0.0139065730392933));
#2705=CARTESIAN_POINT('',(-0.143179964931926,0.0465652866241053,0.));
#2706=CARTESIAN_POINT('',(-0.143295680193775,0.0460991026134149,-0.0139065730392933));
#2707=CARTESIAN_POINT('',(-0.143295680193775,0.0460991026134149,8.67361737988404E-18));
#2708=CARTESIAN_POINT('',(-0.143333438309145,0.0458555028940139,-0.0139065730392933));
#2709=CARTESIAN_POINT('',(-0.143333438309145,0.0458555028940139,3.46944695195361E-18));
#2710=CARTESIAN_POINT('',(-0.143353544566436,0.0456408836376389,-0.0139065730392933));
#2711=CARTESIAN_POINT('',(-0.143353544566436,0.0456408836376389,3.46944695195361E-18));
#2712=CARTESIAN_POINT('',(-0.143358836242868,0.0455673276834479,-0.0139065730392933));
#2713=CARTESIAN_POINT('',(-0.143358836242868,0.0455673276834479,1.04083408558608E-17));
#2714=CARTESIAN_POINT('',(-0.143370456307775,0.0453438008410229,-0.0139065730392933));
#2715=CARTESIAN_POINT('',(-0.143370456307775,0.0453438008410229,5.20417042793042E-18));
#2716=CARTESIAN_POINT('',(-0.1433749577,0.0450591917269638,-0.0139065730392933));
#2717=CARTESIAN_POINT('',(-0.1433749577,0.0450591917269638,8.67361737988404E-18));
#2718=CARTESIAN_POINT('',(-0.1433749577,0.0448307909503046,-0.0139065730392933));
#2719=CARTESIAN_POINT('',(-0.1433749577,0.0448307909503046,6.93889390390723E-18));
#2720=CARTESIAN_POINT('',(-0.140080845150305,0.0481249035,-0.0139065730392933));
#2721=CARTESIAN_POINT('',(-0.140189915135369,0.0481249035,-0.0139065730392933));
#2722=CARTESIAN_POINT('',(-0.140394480733788,0.0481230779894341,-0.0139065730392933));
#2723=CARTESIAN_POINT('',(-0.140658234570421,0.0481153555704538,-0.0139065730392933));
#2724=CARTESIAN_POINT('',(-0.14083922096228,0.0481054748481364,-0.0139065730392933));
#2725=CARTESIAN_POINT('',(-0.140958162759778,0.0480963077696206,-0.0139065730392933));
#2726=CARTESIAN_POINT('',(-0.141020753673383,0.0480903613105002,-0.0139065730392933));
#2727=CARTESIAN_POINT('',(-0.14105830550803,0.0480862343699325,-0.0139065730392933));
#2728=CARTESIAN_POINT('',(-0.141077284000339,0.0480840043218779,-0.0139065730392933));
#2729=CARTESIAN_POINT('',(-0.141089497971663,0.0480824899326409,-0.0139065730392933));
#2730=CARTESIAN_POINT('',(-0.141096014426224,0.0480816620436636,-0.0139065730392933));
#2731=CARTESIAN_POINT('',(-0.141112176144518,0.0480795521015476,-0.0139065730392933));
#2732=CARTESIAN_POINT('',(-0.141138684996265,0.0480759636407843,-0.0139065730392933));
#2733=CARTESIAN_POINT('',(-0.141192320461252,0.0480682353158244,-0.0139065730392933));
#2734=CARTESIAN_POINT('',(-0.141266808850928,0.0480561305421146,-0.0139065730392933));
#2735=CARTESIAN_POINT('',(-0.141383175815256,0.0480343611708513,-0.0139065730392933));
#2736=CARTESIAN_POINT('',(-0.141522934868691,0.0480028266692859,-0.0139065730392933));
#2737=CARTESIAN_POINT('',(-0.141655640129455,0.047965878655399,-0.0139065730392933));
#2738=CARTESIAN_POINT('',(-0.141758776283791,0.0479328706966672,-0.0139065730392933));
#2739=CARTESIAN_POINT('',(-0.141820482741099,0.047911390344698,-0.0139065730392933));
#2740=CARTESIAN_POINT('',(-0.141872172056001,0.0478922623895055,-0.0139065730392933));
#2741=CARTESIAN_POINT('',(-0.141927369513538,0.0478709610727014,-0.0139065730392933));
#2742=CARTESIAN_POINT('',(-0.142017821625008,0.0478337653176238,-0.0139065730392933));
#2743=CARTESIAN_POINT('',(-0.142137717438564,0.0477781994778915,-0.0139065730392933));
#2744=CARTESIAN_POINT('',(-0.142308435349427,0.0476860552019781,-0.0139065730392933));
#2745=CARTESIAN_POINT('',(-0.142487915491391,0.0475654524600049,-0.0139065730392933));
#2746=CARTESIAN_POINT('',(-0.142665640644903,0.0474085164600789,-0.0139065730392933));
#2747=CARTESIAN_POINT('',(-0.142818238436873,0.047233611679079,-0.0139065730392933));
#2748=CARTESIAN_POINT('',(-0.142967473035034,0.0470093367826854,-0.0139065730392933));
#2749=CARTESIAN_POINT('',(-0.1430745981227,0.0467967596007652,-0.0139065730392933));
#2750=CARTESIAN_POINT('',(-0.143152175213264,0.0466023926921012,-0.0139065730392933));
#2751=CARTESIAN_POINT('',(-0.143196733226302,0.0464697147106021,-0.0139065730392933));
#2752=CARTESIAN_POINT('',(-0.14322955945985,0.046357223918059,-0.0139065730392933));
#2753=CARTESIAN_POINT('',(-0.143249347412733,0.0462820560548867,-0.0139065730392933));
#2754=CARTESIAN_POINT('',(-0.143263413403536,0.046224159044543,-0.0139065730392933));
#2755=CARTESIAN_POINT('',(-0.143275315134153,0.0461724004369633,-0.0139065730392933));
#2756=CARTESIAN_POINT('',(-0.14329570626811,0.0460760889305433,-0.0139065730392933));
#2757=CARTESIAN_POINT('',(-0.143315725403349,0.0459616487170966,-0.0139065730392933));
#2758=CARTESIAN_POINT('',(-0.143332632955973,0.0458407410789057,-0.0139065730392933));
#2759=CARTESIAN_POINT('',(-0.143341793520743,0.0457624994512591,-0.0139065730392933));
#2760=CARTESIAN_POINT('',(-0.14334741039261,0.045706684228359,-0.0139065730392933));
#2761=CARTESIAN_POINT('',(-0.143350436596706,0.0456738778281084,-0.0139065730392933));
#2762=CARTESIAN_POINT('',(-0.143352134757415,0.0456544295835343,-0.0139065730392933));
#2763=CARTESIAN_POINT('',(-0.143353661630958,0.0456359734282054,-0.0139065730392933));
#2764=CARTESIAN_POINT('',(-0.143354325496591,0.0456276697349569,-0.0139065730392933));
#2765=CARTESIAN_POINT('',(-0.143355687240462,0.0456099417026842,-0.0139065730392933));
#2766=CARTESIAN_POINT('',(-0.14335839204118,0.0455709835628635,-0.0139065730392933));
#2767=CARTESIAN_POINT('',(-0.143362352734806,0.0455016451704481,-0.0139065730392933));
#2768=CARTESIAN_POINT('',(-0.143368083696571,0.0453663475394513,-0.0139065730392933));
#2769=CARTESIAN_POINT('',(-0.143373429622931,0.0451546066270381,-0.0139065730392933));
#2770=CARTESIAN_POINT('',(-0.1433749577,0.0449449913386342,-0.0139065730392933));
#2771=CARTESIAN_POINT('',(-0.1433749577,0.0448307909503046,-0.0139065730392933));
#2772=CARTESIAN_POINT('',(-0.140080845150305,0.0481249035,0.));
#2773=CARTESIAN_POINT('',(-0.140189915135369,0.0481249035,0.));
#2774=CARTESIAN_POINT('',(-0.140394480733788,0.0481230779894341,0.));
#2775=CARTESIAN_POINT('',(-0.140658234570421,0.0481153555704538,0.));
#2776=CARTESIAN_POINT('',(-0.14083922096228,0.0481054748481364,0.));
#2777=CARTESIAN_POINT('',(-0.140958162759778,0.0480963077696206,0.));
#2778=CARTESIAN_POINT('',(-0.141020753673383,0.0480903613105002,0.));
#2779=CARTESIAN_POINT('',(-0.14105830550803,0.0480862343699325,0.));
#2780=CARTESIAN_POINT('',(-0.141077284000339,0.0480840043218779,0.));
#2781=CARTESIAN_POINT('',(-0.141089497971663,0.0480824899326409,0.));
#2782=CARTESIAN_POINT('',(-0.141096014426224,0.0480816620436636,0.));
#2783=CARTESIAN_POINT('',(-0.141112176144518,0.0480795521015476,0.));
#2784=CARTESIAN_POINT('',(-0.141138684996265,0.0480759636407843,0.));
#2785=CARTESIAN_POINT('',(-0.141192320461252,0.0480682353158244,0.));
#2786=CARTESIAN_POINT('',(-0.141266808850928,0.0480561305421146,0.));
#2787=CARTESIAN_POINT('',(-0.141383175815256,0.0480343611708513,0.));
#2788=CARTESIAN_POINT('',(-0.141522934868691,0.0480028266692859,0.));
#2789=CARTESIAN_POINT('',(-0.141655640129455,0.047965878655399,0.));
#2790=CARTESIAN_POINT('',(-0.141758776283791,0.0479328706966672,0.));
#2791=CARTESIAN_POINT('',(-0.141820482741099,0.047911390344698,0.));
#2792=CARTESIAN_POINT('',(-0.141872172056001,0.0478922623895055,0.));
#2793=CARTESIAN_POINT('',(-0.141927369513538,0.0478709610727014,0.));
#2794=CARTESIAN_POINT('',(-0.142017821625008,0.0478337653176238,0.));
#2795=CARTESIAN_POINT('',(-0.142137717438564,0.0477781994778915,0.));
#2796=CARTESIAN_POINT('',(-0.142308435349427,0.0476860552019781,0.));
#2797=CARTESIAN_POINT('',(-0.142487915491391,0.0475654524600049,0.));
#2798=CARTESIAN_POINT('',(-0.142665640644903,0.0474085164600789,0.));
#2799=CARTESIAN_POINT('',(-0.142818238436873,0.047233611679079,0.));
#2800=CARTESIAN_POINT('',(-0.142967473035034,0.0470093367826854,0.));
#2801=CARTESIAN_POINT('',(-0.1430745981227,0.0467967596007652,0.));
#2802=CARTESIAN_POINT('',(-0.143152175213264,0.0466023926921012,0.));
#2803=CARTESIAN_POINT('',(-0.143196733226302,0.0464697147106021,0.));
#2804=CARTESIAN_POINT('',(-0.14322955945985,0.046357223918059,0.));
#2805=CARTESIAN_POINT('',(-0.143249347412733,0.0462820560548867,0.));
#2806=CARTESIAN_POINT('',(-0.143263413403536,0.046224159044543,0.));
#2807=CARTESIAN_POINT('',(-0.143275315134153,0.0461724004369633,0.));
#2808=CARTESIAN_POINT('',(-0.14329570626811,0.0460760889305433,0.));
#2809=CARTESIAN_POINT('',(-0.143315725403349,0.0459616487170966,0.));
#2810=CARTESIAN_POINT('',(-0.143332632955973,0.0458407410789057,0.));
#2811=CARTESIAN_POINT('',(-0.143341793520743,0.0457624994512591,0.));
#2812=CARTESIAN_POINT('',(-0.14334741039261,0.045706684228359,0.));
#2813=CARTESIAN_POINT('',(-0.143350436596706,0.0456738778281084,0.));
#2814=CARTESIAN_POINT('',(-0.143352134757415,0.0456544295835343,0.));
#2815=CARTESIAN_POINT('',(-0.143353661630958,0.0456359734282054,0.));
#2816=CARTESIAN_POINT('',(-0.143354325496591,0.0456276697349569,0.));
#2817=CARTESIAN_POINT('',(-0.143355687240462,0.0456099417026842,0.));
#2818=CARTESIAN_POINT('',(-0.14335839204118,0.0455709835628635,0.));
#2819=CARTESIAN_POINT('',(-0.143362352734806,0.0455016451704481,0.));
#2820=CARTESIAN_POINT('',(-0.143368083696571,0.0453663475394513,0.));
#2821=CARTESIAN_POINT('',(-0.143373429622931,0.0451546066270381,0.));
#2822=CARTESIAN_POINT('',(-0.1433749577,0.0449449913386342,0.));
#2823=CARTESIAN_POINT('',(-0.1433749577,0.0448307909503046,0.));
#2824=CARTESIAN_POINT('',(0.,1.62630325872825E-18,-0.0114790480583906));
#2825=CARTESIAN_POINT('',(-0.1193446423,-0.0313489965,-0.00947405364611624));
#2826=CARTESIAN_POINT('',(-0.1193446423,-0.0338489965,-0.00931416061634459));
#2827=CARTESIAN_POINT('',(0.0239721694082022,-8.57252759403147E-20,-0.0114790480583906));
#2828=CARTESIAN_POINT('',(0.0239721694082022,-0.0025,-0.0113191550286189));
#2829=CARTESIAN_POINT('',(0.0616259577,0.00901058905184269,-0.0120553402118012));
#2830=CARTESIAN_POINT('',(0.0616259577,0.00651058905184269,-0.0118954471820295));
#2831=CARTESIAN_POINT('',(-0.1163891423,0.0257508035,-0.0131259976546584));
#2832=CARTESIAN_POINT('',(-0.1163891423,0.0232508035,-0.0129661046248867));
#2833=CARTESIAN_POINT('',(-0.0714381923,-0.0087987965,-0.0109163015660989));
#2834=CARTESIAN_POINT('',(-0.0714381923,-0.0112987965,-0.0107564085363273));
#2835=CARTESIAN_POINT('',(-0.0336503013968468,0.00928047858178616,-0.0120726015936597));
#2836=CARTESIAN_POINT('',(-0.0336503013968468,0.00678047858178616,-0.011912708563888));
#2837=CARTESIAN_POINT('',(-0.0571752423,0.0281004035,-0.013276271519759));
#2838=CARTESIAN_POINT('',(-0.0571752423,0.0256004035,-0.0131163784899873));
#2839=CARTESIAN_POINT('',(-0.00870273727923632,0.0287913922220469,-0.0133204652318814));
#2840=CARTESIAN_POINT('',(-0.00870273727923632,0.0262913922220469,-0.0131605722021098));
#2841=CARTESIAN_POINT('',(0.0384206473583342,0.0284308120640497,-0.0132974035303063));
#2842=CARTESIAN_POINT('',(0.0384206473583342,0.0259308120640497,-0.0131375105005347));
#2843=CARTESIAN_POINT('',(0.0856235399842262,0.0287944450974464,-0.0133206604852803));
#2844=CARTESIAN_POINT('',(0.0856235399842262,0.0262944450974464,-0.0131607674555086));
#2845=CARTESIAN_POINT('',(0.117015041410923,0.0266188178211451,-0.0131815134305356));
#2846=CARTESIAN_POINT('',(0.117015041410923,0.0241188178211451,-0.013021620400764));
#2847=CARTESIAN_POINT('',(0.129479542374611,-0.00968407839536667,-0.0108596814043181));
#2848=CARTESIAN_POINT('',(0.129479542374611,-0.0121840783953667,-0.0106997883745464));
#2849=CARTESIAN_POINT('',(0.0950071737170219,-0.0280640292912721,-0.00968415098999785));
#2850=CARTESIAN_POINT('',(0.0950071737170219,-0.0305640292912721,-0.0095242579602262));
#2851=CARTESIAN_POINT('',(0.0150454323738814,-0.0308415684759617,-0.00950650732777805));
#2852=CARTESIAN_POINT('',(0.0150454323738814,-0.0333415684759617,-0.0093466142980064));
#2853=CARTESIAN_POINT('',(-0.0367955130696297,-0.0311028511062264,-0.00948979641922616));
#2854=CARTESIAN_POINT('',(-0.0367955130696297,-0.0336028511062264,-0.00932990338945451));
#2855=CARTESIAN_POINT('',(-0.1216749577,1.62630325872825E-18,-0.0114790480583906));
#2856=CARTESIAN_POINT('',(-0.1216749577,0.0214089342802763,-0.0128483038048928));
#2857=CARTESIAN_POINT('',(-0.1216749577,0.0379554534736363,-0.0139065730392933));
#2858=CARTESIAN_POINT('',(0.,0.0214089342802763,-0.0128483038048928));
#2859=CARTESIAN_POINT('',(-0.140080845150305,-0.0481249035,-0.00840111340715725));
#2860=CARTESIAN_POINT('',(-0.140537620235244,-0.0481249035,-0.00840111340715725));
#2861=CARTESIAN_POINT('',(-0.141447181581701,-0.0481145357674551,-0.00840177649842463));
#2862=CARTESIAN_POINT('',(-0.142781292928604,-0.0475358892354545,-0.00843878511729199));
#2863=CARTESIAN_POINT('',(-0.143362661039929,-0.0462087462569251,-0.00852366548200291));
#2864=CARTESIAN_POINT('',(-0.1433749577,-0.0452908802411256,-0.00858236963327915));
#2865=CARTESIAN_POINT('',(-0.1433749577,-0.0448307909503046,-0.0086117956615491));
#2866=CARTESIAN_POINT('',(-0.140080845150305,-0.0481249035,-0.00840111340715725));
#2867=CARTESIAN_POINT('',(0.,-0.0481249035,-0.00840111340715725));
#2868=CARTESIAN_POINT('',(0.140080845150305,-0.0481249035,-0.00840111340715725));
#2869=CARTESIAN_POINT('',(0.1433749577,-0.0448307909503048,-0.00861179566154909));
#2870=CARTESIAN_POINT('',(0.1433749577,-0.0452866216536938,-0.00858264200065796));
#2871=CARTESIAN_POINT('',(0.143364555464893,-0.046193856095574,-0.00852461781520778));
#2872=CARTESIAN_POINT('',(0.142789838960602,-0.0475273591773574,-0.00843933067602532));
#2873=CARTESIAN_POINT('',(0.141461861797116,-0.0481126636487591,-0.00840189623391678));
#2874=CARTESIAN_POINT('',(0.140541896408093,-0.0481249035,-0.00840111340715725));
#2875=CARTESIAN_POINT('',(0.140080845150305,-0.0481249035,-0.00840111340715725));
#2876=CARTESIAN_POINT('',(0.1433749577,-0.0448307909503048,-0.00861179566154909));
#2877=CARTESIAN_POINT('',(0.1433749577,0.000861239467004126,-0.0115341305334859));
#2878=CARTESIAN_POINT('',(0.1433749577,0.0448307909503046,-0.0143463004552321));
#2879=CARTESIAN_POINT('',(0.140080845150305,0.0481249035,-0.014556982709624));
#2880=CARTESIAN_POINT('',(0.140537620235244,0.0481249035,-0.014556982709624));
#2881=CARTESIAN_POINT('',(0.141447181581697,0.0481145357674533,-0.0145563196183565));
#2882=CARTESIAN_POINT('',(0.142781292928607,0.0475358892354645,-0.0145193109994898));
#2883=CARTESIAN_POINT('',(0.143362661039936,0.0462087462569308,-0.0144344306347787));
#2884=CARTESIAN_POINT('',(0.1433749577,0.0452908802411271,-0.0143757264835022));
#2885=CARTESIAN_POINT('',(0.1433749577,0.0448307909503046,-0.0143463004552321));
#2886=CARTESIAN_POINT('',(-0.1216749577,1.62630325872825E-18,-0.0114790480583906));
#2887=CARTESIAN_POINT('',(0.,-0.0506249035,-0.025));
#2888=CARTESIAN_POINT('',(-0.140080845150305,-0.0506249035,-0.025));
#2889=CARTESIAN_POINT('',(-0.140080845150305,-0.0506249035,-0.00743104883791645));
#2890=CARTESIAN_POINT('',(-0.140080845150305,-0.0506249035,0.));
#2891=CARTESIAN_POINT('',(-0.140080845150305,-0.0506249035,-0.00743104883791645));
#2892=CARTESIAN_POINT('',(-0.0466936150501015,-0.0506249035,-0.00743104883791645));
#2893=CARTESIAN_POINT('',(0.0466936150501015,-0.0506249035,-0.00743104883791645));
#2894=CARTESIAN_POINT('',(0.140080845150305,-0.0506249035,-0.00743104883791645));
#2895=CARTESIAN_POINT('',(0.140080845150305,-0.0506249035,-0.00743104883791646));
#2896=CARTESIAN_POINT('',(0.140080845150305,-0.0506249035,-0.025));
#2897=CARTESIAN_POINT('',(0.140080845150305,-0.0506249035,0.));
#2898=CARTESIAN_POINT('',(0.,-0.0506249035,0.));
#2899=CARTESIAN_POINT('',(-0.1458749577,0.,-0.025));
#2900=CARTESIAN_POINT('',(-0.1458749577,0.0448307935,-0.0122065730392934));
#2901=CARTESIAN_POINT('',(-0.1458749577,0.0448307935,-0.0125858011738985));
#2902=CARTESIAN_POINT('',(-0.1458749577,0.0448307935,-0.0129650293085035));
#2903=CARTESIAN_POINT('',(-0.1458749577,0.0448307935,-0.0133442574431086));
#2904=CARTESIAN_POINT('',(-0.1458749577,0.0448307935,-0.0133442574431086));
#2905=CARTESIAN_POINT('',(-0.1458749577,0.0448307935,-0.0133442574431084));
#2906=CARTESIAN_POINT('',(-0.1458749577,0.0149435986832318,-0.0114327557908569));
#2907=CARTESIAN_POINT('',(-0.1458749577,-0.0149435961335364,-0.00952125413860543));
#2908=CARTESIAN_POINT('',(-0.1458749577,-0.0448307909503046,-0.00760975248635395));
#2909=CARTESIAN_POINT('',(-0.1458749577,-0.0448307909503046,-0.00760975248635403));
#2910=CARTESIAN_POINT('',(-0.1458749577,-0.0448307909503046,-0.025));
#2911=CARTESIAN_POINT('',(-0.1458749577,-0.0448307909503046,0.));
#2912=CARTESIAN_POINT('',(-0.1458749577,0.,0.));
#2913=CARTESIAN_POINT('',(0.140080845150305,0.0506249035,-0.0136040986940453));
#2914=CARTESIAN_POINT('',(0.140080845150305,0.0506249035,0.));
#2915=CARTESIAN_POINT('',(0.140866049898359,0.0506249035,-0.0136040986940453));
#2916=CARTESIAN_POINT('',(0.140866049898359,0.0506249035,-1.73472347597681E-18));
#2917=CARTESIAN_POINT('',(0.142451317650744,0.0505200888307419,-0.0136040986940453));
#2918=CARTESIAN_POINT('',(0.142451317650744,0.0505200888307419,-1.73472347597681E-18));
#2919=CARTESIAN_POINT('',(0.144584057327785,0.0493338775135218,-0.0136040986940453));
#2920=CARTESIAN_POINT('',(0.144584057327785,0.0493338775135218,0.));
#2921=CARTESIAN_POINT('',(0.145770733454754,0.0472012344181848,-0.0136040986940454));
#2922=CARTESIAN_POINT('',(0.145770733454754,0.0472012344181848,-3.46944695195361E-18));
#2923=CARTESIAN_POINT('',(0.1458749577,0.045615995698359,-0.0136040986940453));
#2924=CARTESIAN_POINT('',(0.1458749577,0.045615995698359,-1.73472347597681E-18));
#2925=CARTESIAN_POINT('',(0.1458749577,0.0448307909503046,-0.0136040986940453));
#2926=CARTESIAN_POINT('',(0.1458749577,0.0448307909503046,0.));
#2927=CARTESIAN_POINT('',(0.1458749577,0.0448307909503046,-0.025));
#2928=CARTESIAN_POINT('',(0.1458749577,0.0448307909503046,-0.013344257280037));
#2929=CARTESIAN_POINT('',(0.1458749577,0.0448307909503046,0.));
#2930=CARTESIAN_POINT('',(0.1458749577,0.0448307909503046,-0.013344257280037));
#2931=CARTESIAN_POINT('',(0.1458749577,0.0454184122277924,-0.0133794755302666));
#2932=CARTESIAN_POINT('',(0.145864491931011,0.0464688032251665,-0.0134237786379531));
#2933=CARTESIAN_POINT('',(0.145361346432771,0.0478834408030933,-0.0134605330698233));
#2934=CARTESIAN_POINT('',(0.144881468762937,0.0486728025727516,-0.0134772863759454));
#2935=CARTESIAN_POINT('',(0.14422205935407,0.0494354912922734,-0.0134911437613766));
#2936=CARTESIAN_POINT('',(0.143271802657607,0.0500653087687434,-0.0135035196713872));
#2937=CARTESIAN_POINT('',(0.141708837584497,0.0506104791755479,-0.0135186006270185));
#2938=CARTESIAN_POINT('',(0.140672698984824,0.0506249035,-0.0135229609284745));
#2939=CARTESIAN_POINT('',(0.140080845150305,0.0506249035,-0.0135229609284745));
#2940=CARTESIAN_POINT('',(0.140080845150305,0.0506249035,0.));
#2941=CARTESIAN_POINT('',(0.140277146337318,0.0506249035,0.));
#2942=CARTESIAN_POINT('',(0.140669701698023,0.0506195449399371,0.));
#2943=CARTESIAN_POINT('',(0.141454385143519,0.0505779272426923,0.));
#2944=CARTESIAN_POINT('',(0.142421707752418,0.0503865127095218,0.));
#2945=CARTESIAN_POINT('',(0.143514992321516,0.0499292826837048,0.));
#2946=CARTESIAN_POINT('',(0.144466012949978,0.0492157542844477,0.));
#2947=CARTESIAN_POINT('',(0.145179236295208,0.0482645334815183,0.));
#2948=CARTESIAN_POINT('',(0.145637390979528,0.0471718297558423,0.));
#2949=CARTESIAN_POINT('',(0.145865260756102,0.0460103390198196,0.));
#2950=CARTESIAN_POINT('',(0.1458749577,0.0452233933243318,0.));
#2951=CARTESIAN_POINT('',(0.1458749577,0.0448307909503046,0.));
#2952=CARTESIAN_POINT('',(0.1458749577,0.,-0.025));
#2953=CARTESIAN_POINT('',(0.1458749577,-0.0448307909503046,-0.025));
#2954=CARTESIAN_POINT('',(0.1458749577,-0.0448307909503046,-0.00760975248635398));
#2955=CARTESIAN_POINT('',(0.1458749577,-0.0448307909503046,0.));
#2956=CARTESIAN_POINT('',(0.1458749577,-0.0448307909503046,-0.00760975248635395));
#2957=CARTESIAN_POINT('',(0.1458749577,-0.0149435969834348,-0.0095212540842483));
#2958=CARTESIAN_POINT('',(0.1458749577,0.0149435969834348,-0.0114327556821427));
#2959=CARTESIAN_POINT('',(0.1458749577,0.0448307909503046,-0.013344257280037));
#2960=CARTESIAN_POINT('',(0.1458749577,0.,0.));
#2961=CARTESIAN_POINT('',(0.140080845150305,-0.0506249035,-0.00765541100127212));
#2962=CARTESIAN_POINT('',(0.140080845150305,-0.0506249035,0.));
#2963=CARTESIAN_POINT('',(0.140326779937058,-0.0506249035,-0.00765541100127212));
#2964=CARTESIAN_POINT('',(0.140326779937058,-0.0506249035,0.));
#2965=CARTESIAN_POINT('',(0.140769256582318,-0.0506173761548665,-0.00765541100127212));
#2966=CARTESIAN_POINT('',(0.140769256582318,-0.0506173761548665,-8.67361737988404E-19));
#2967=CARTESIAN_POINT('',(0.141189927705546,-0.0505874116752052,-0.00765541100127212));
#2968=CARTESIAN_POINT('',(0.141189927705546,-0.0505874116752052,8.67361737988404E-19));
#2969=CARTESIAN_POINT('',(0.141395720095913,-0.0505641782108982,-0.00765541100127212));
#2970=CARTESIAN_POINT('',(0.141395720095913,-0.0505641782108982,-8.67361737988404E-19));
#2971=CARTESIAN_POINT('',(0.141599944424447,-0.0505361681221269,-0.00765541100127212));
#2972=CARTESIAN_POINT('',(0.141599944424447,-0.0505361681221269,8.67361737988404E-19));
#2973=CARTESIAN_POINT('',(0.141942026792588,-0.0504761148901698,-0.00765541100127212));
#2974=CARTESIAN_POINT('',(0.141942026792588,-0.0504761148901698,0.));
#2975=CARTESIAN_POINT('',(0.142412099504618,-0.0503585722807304,-0.00765541100127212));
#2976=CARTESIAN_POINT('',(0.142412099504618,-0.0503585722807304,-8.67361737988404E-19));
#2977=CARTESIAN_POINT('',(0.142976669124316,-0.0501545494544026,-0.00765541100127212));
#2978=CARTESIAN_POINT('',(0.142976669124316,-0.0501545494544026,0.));
#2979=CARTESIAN_POINT('',(0.143709964984262,-0.0497894410901868,-0.00765541100127212));
#2980=CARTESIAN_POINT('',(0.143709964984262,-0.0497894410901868,0.));
#2981=CARTESIAN_POINT('',(0.144470862333855,-0.049205203031308,-0.00765541100127212));
#2982=CARTESIAN_POINT('',(0.144470862333855,-0.049205203031308,0.));
#2983=CARTESIAN_POINT('',(0.145166807856671,-0.0482798051117941,-0.00765541100127212));
#2984=CARTESIAN_POINT('',(0.145166807856671,-0.0482798051117941,1.73472347597681E-18));
#2985=CARTESIAN_POINT('',(0.145512900227141,-0.0474811443498844,-0.00765541100127212));
#2986=CARTESIAN_POINT('',(0.145512900227141,-0.0474811443498844,-8.67361737988404E-19));
#2987=CARTESIAN_POINT('',(0.14568206971264,-0.0468684129580378,-0.00765541100127212));
#2988=CARTESIAN_POINT('',(0.14568206971264,-0.0468684129580378,0.));
#2989=CARTESIAN_POINT('',(0.145743351229576,-0.0465935071900324,-0.00765541100127212));
#2990=CARTESIAN_POINT('',(0.145743351229576,-0.0465935071900324,-8.67361737988404E-19));
#2991=CARTESIAN_POINT('',(0.145793859878793,-0.046303787259892,-0.00765541100127212));
#2992=CARTESIAN_POINT('',(0.145793859878793,-0.046303787259892,8.67361737988404E-19));
#2993=CARTESIAN_POINT('',(0.145824693499651,-0.0460662119554744,-0.00765541100127212));
#2994=CARTESIAN_POINT('',(0.145824693499651,-0.0460662119554744,-2.60208521396521E-18));
#2995=CARTESIAN_POINT('',(0.145844969692628,-0.0458499383769888,-0.00765541100127212));
#2996=CARTESIAN_POINT('',(0.145844969692628,-0.0458499383769888,2.60208521396521E-18));
#2997=CARTESIAN_POINT('',(0.145855020490624,-0.0457110704754093,-0.00765541100127213));
#2998=CARTESIAN_POINT('',(0.145855020490624,-0.0457110704754093,-4.33680868994202E-18));
#2999=CARTESIAN_POINT('',(0.145870165091099,-0.0454072774407629,-0.00765541100127212));
#3000=CARTESIAN_POINT('',(0.145870165091099,-0.0454072774407629,2.60208521396521E-18));
#3001=CARTESIAN_POINT('',(0.1458749577,-0.0450814232102873,-0.00765541100127212));
#3002=CARTESIAN_POINT('',(0.1458749577,-0.0450814232102873,0.));
#3003=CARTESIAN_POINT('',(0.1458749577,-0.0448307909503046,-0.00765541100127212));
#3004=CARTESIAN_POINT('',(0.1458749577,-0.0448307909503046,0.));
#3005=CARTESIAN_POINT('',(0.140080845150305,-0.0506249035,-0.00743104883791645));
#3006=CARTESIAN_POINT('',(0.140280257141185,-0.0506249035,-0.00743104883791645));
#3007=CARTESIAN_POINT('',(0.14065895254155,-0.050620009952589,-0.00743144053620987));
#3008=CARTESIAN_POINT('',(0.141095120569864,-0.0505953045647431,-0.00743290940878209));
#3009=CARTESIAN_POINT('',(0.141363203790641,-0.0505693682760023,-0.00743467204951372));
#3010=CARTESIAN_POINT('',(0.141738830032404,-0.050516488877907,-0.00743682640919257));
#3011=CARTESIAN_POINT('',(0.142220676952377,-0.050412949945095,-0.00744025365010363));
#3012=CARTESIAN_POINT('',(0.142789145254189,-0.050231705510523,-0.0074455420965866));
#3013=CARTESIAN_POINT('',(0.143419859432347,-0.0499445910372518,-0.00745200322622486));
#3014=CARTESIAN_POINT('',(0.143978870113873,-0.0495883132440789,-0.00745964844466637));
#3015=CARTESIAN_POINT('',(0.144509344875,-0.0491172410380788,-0.00746843520355368));
#3016=CARTESIAN_POINT('',(0.144913955570287,-0.0486195386309377,-0.00747852229066862));
#3017=CARTESIAN_POINT('',(0.145275392722647,-0.0480213342080259,-0.00749348005115608));
#3018=CARTESIAN_POINT('',(0.14551630049151,-0.0474435124243275,-0.0075094838928759));
#3019=CARTESIAN_POINT('',(0.145670763409636,-0.0469240005277963,-0.00752387286605987));
#3020=CARTESIAN_POINT('',(0.14576030824335,-0.0465112385590963,-0.00753716967347062));
#3021=CARTESIAN_POINT('',(0.145801621141996,-0.0462462046941227,-0.00754591068870973));
#3022=CARTESIAN_POINT('',(0.145829875232286,-0.0460173285464192,-0.00755408002410807));
#3023=CARTESIAN_POINT('',(0.145846593786825,-0.045828084682093,-0.0075603322301546));
#3024=CARTESIAN_POINT('',(0.145854018381682,-0.04572297499708,-0.00756657257658354));
#3025=CARTESIAN_POINT('',(0.145873593030663,-0.0453531758119299,-0.00758350702853151));
#3026=CARTESIAN_POINT('',(0.1458749577,-0.0450310933632757,-0.00759830530576675));
#3027=CARTESIAN_POINT('',(0.1458749577,-0.0448307909503046,-0.007609752486354));
#3028=CARTESIAN_POINT('',(0.140080845150305,-0.0506249035,0.));
#3029=CARTESIAN_POINT('',(0.14064298180574,-0.0506249035,0.));
#3030=CARTESIAN_POINT('',(0.141089257358185,-0.0506034756345599,0.));
#3031=CARTESIAN_POINT('',(0.14141967180764,-0.0505606199036797,0.));
#3032=CARTESIAN_POINT('',(0.141878763264787,-0.0505010743845012,0.));
#3033=CARTESIAN_POINT('',(0.142313885721997,-0.0503949715395166,0.));
#3034=CARTESIAN_POINT('',(0.142725039179272,-0.050242311368726,0.));
#3035=CARTESIAN_POINT('',(0.143629100945225,-0.0499066356711155,0.));
#3036=CARTESIAN_POINT('',(0.144340863826283,-0.0493817905556654,0.));
#3037=CARTESIAN_POINT('',(0.144860327822445,-0.0486677760223758,0.));
#3038=CARTESIAN_POINT('',(0.145243640322313,-0.0481409046747563,0.));
#3039=CARTESIAN_POINT('',(0.14551982831293,-0.0475283555532986,0.));
#3040=CARTESIAN_POINT('',(0.145688891794295,-0.0468301286580028,0.));
#3041=CARTESIAN_POINT('',(0.14576511754626,-0.0465153186842175,0.));
#3042=CARTESIAN_POINT('',(0.145817314729447,-0.0461845992989446,0.));
#3043=CARTESIAN_POINT('',(0.145845483343855,-0.0458379705021841,0.));
#3044=CARTESIAN_POINT('',(0.145865132914618,-0.0455961727704254,0.));
#3045=CARTESIAN_POINT('',(0.1458749577,-0.0452604462531322,0.));
#3046=CARTESIAN_POINT('',(0.1458749577,-0.0448307909503046,0.));
#3047=CARTESIAN_POINT('',(-0.1458749577,-0.0448307909503046,-0.00765541100127217));
#3048=CARTESIAN_POINT('',(-0.1458749577,-0.0448307909503046,0.));
#3049=CARTESIAN_POINT('',(-0.1458749577,-0.0450767257371507,-0.00765541100127217));
#3050=CARTESIAN_POINT('',(-0.1458749577,-0.0450767257371507,0.));
#3051=CARTESIAN_POINT('',(-0.145867430354869,-0.0455192023825017,-0.00765541100127217));
#3052=CARTESIAN_POINT('',(-0.145867430354869,-0.0455192023825017,0.));
#3053=CARTESIAN_POINT('',(-0.1458374658752,-0.0459398735057106,-0.00765541100127218));
#3054=CARTESIAN_POINT('',(-0.1458374658752,-0.0459398735057106,-8.67361737988404E-19));
#3055=CARTESIAN_POINT('',(-0.145814232410902,-0.0461456658958985,-0.00765541100127217));
#3056=CARTESIAN_POINT('',(-0.145814232410902,-0.0461456658958985,0.));
#3057=CARTESIAN_POINT('',(-0.145786222322105,-0.0463498902245061,-0.00765541100127217));
#3058=CARTESIAN_POINT('',(-0.145786222322105,-0.0463498902245061,0.));
#3059=CARTESIAN_POINT('',(-0.145726169090123,-0.0466919725927066,-0.00765541100127217));
#3060=CARTESIAN_POINT('',(-0.145726169090123,-0.0466919725927066,1.73472347597681E-18));
#3061=CARTESIAN_POINT('',(-0.14560862648069,-0.0471620453047217,-0.00765541100127217));
#3062=CARTESIAN_POINT('',(-0.14560862648069,-0.0471620453047217,0.));
#3063=CARTESIAN_POINT('',(-0.145404603654419,-0.0477266149242746,-0.00765541100127218));
#3064=CARTESIAN_POINT('',(-0.145404603654419,-0.0477266149242746,-8.67361737988404E-19));
#3065=CARTESIAN_POINT('',(-0.145039495290211,-0.0484599107842159,-0.00765541100127217));
#3066=CARTESIAN_POINT('',(-0.145039495290211,-0.0484599107842159,0.));
#3067=CARTESIAN_POINT('',(-0.144455257231317,-0.0492208081338095,-0.00765541100127217));
#3068=CARTESIAN_POINT('',(-0.144455257231317,-0.0492208081338095,0.));
#3069=CARTESIAN_POINT('',(-0.143529859311838,-0.0499167536566675,-0.00765541100127217));
#3070=CARTESIAN_POINT('',(-0.143529859311838,-0.0499167536566675,1.73472347597681E-18));
#3071=CARTESIAN_POINT('',(-0.142731198549972,-0.0502628460271129,-0.00765541100127218));
#3072=CARTESIAN_POINT('',(-0.142731198549972,-0.0502628460271129,-8.67361737988404E-19));
#3073=CARTESIAN_POINT('',(-0.14211846715803,-0.0504320155126419,-0.00765541100127217));
#3074=CARTESIAN_POINT('',(-0.14211846715803,-0.0504320155126419,0.));
#3075=CARTESIAN_POINT('',(-0.141843561390057,-0.0504932970295724,-0.00765541100127218));
#3076=CARTESIAN_POINT('',(-0.141843561390057,-0.0504932970295724,-1.73472347597681E-18));
#3077=CARTESIAN_POINT('',(-0.141553841459919,-0.0505438056787888,-0.00765541100127217));
#3078=CARTESIAN_POINT('',(-0.141553841459919,-0.0505438056787888,1.73472347597681E-18));
#3079=CARTESIAN_POINT('',(-0.141316266155497,-0.0505746392996476,-0.00765541100127218));
#3080=CARTESIAN_POINT('',(-0.141316266155497,-0.0505746392996476,-3.46944695195361E-18));
#3081=CARTESIAN_POINT('',(-0.141099992576986,-0.0505949154926281,-0.00765541100127217));
#3082=CARTESIAN_POINT('',(-0.141099992576986,-0.0505949154926281,1.73472347597681E-18));
#3083=CARTESIAN_POINT('',(-0.140961124675419,-0.0506049662906235,-0.00765541100127217));
#3084=CARTESIAN_POINT('',(-0.140961124675419,-0.0506049662906235,0.));
#3085=CARTESIAN_POINT('',(-0.140657331640779,-0.0506201108910991,-0.00765541100127217));
#3086=CARTESIAN_POINT('',(-0.140657331640779,-0.0506201108910991,0.));
#3087=CARTESIAN_POINT('',(-0.140331477410298,-0.0506249035,-0.00765541100127217));
#3088=CARTESIAN_POINT('',(-0.140331477410298,-0.0506249035,0.));
#3089=CARTESIAN_POINT('',(-0.140080845150305,-0.0506249035,-0.00765541100127217));
#3090=CARTESIAN_POINT('',(-0.140080845150305,-0.0506249035,0.));
#3091=CARTESIAN_POINT('',(-0.1458749577,-0.0448307909503046,-0.00760975248635405));
#3092=CARTESIAN_POINT('',(-0.1458749577,-0.0449608000875388,-0.00760256515062295));
#3093=CARTESIAN_POINT('',(-0.14587352643471,-0.0451352611278969,-0.00759313917846095));
#3094=CARTESIAN_POINT('',(-0.14586735859762,-0.0453771832291813,-0.00758063479033565));
#3095=CARTESIAN_POINT('',(-0.145863056695605,-0.0454961773139556,-0.00757523008701377));
#3096=CARTESIAN_POINT('',(-0.145852641986289,-0.0457516164805436,-0.00756577065021991));
#3097=CARTESIAN_POINT('',(-0.145827793883284,-0.0460233529193857,-0.00755499801982325));
#3098=CARTESIAN_POINT('',(-0.145810833531388,-0.0461837966745073,-0.00754722151336243));
#3099=CARTESIAN_POINT('',(-0.145746757772692,-0.0465932563536611,-0.00753481560874502));
#3100=CARTESIAN_POINT('',(-0.145666132585884,-0.0469333633226826,-0.0075235361292504));
#3101=CARTESIAN_POINT('',(-0.145527153053336,-0.0474093543590137,-0.00750886391191168));
#3102=CARTESIAN_POINT('',(-0.145181863054884,-0.0482560337463068,-0.00748684382549092));
#3103=CARTESIAN_POINT('',(-0.144467790063842,-0.04924306324114,-0.00746582177014524));
#3104=CARTESIAN_POINT('',(-0.143558147307262,-0.0498839924910657,-0.00745362977569386));
#3105=CARTESIAN_POINT('',(-0.142794809656012,-0.0502307172337595,-0.00744510803215927));
#3106=CARTESIAN_POINT('',(-0.142180371139187,-0.0504244157015056,-0.00743999971000683));
#3107=CARTESIAN_POINT('',(-0.141720457584044,-0.0505186078107012,-0.00743666209493747));
#3108=CARTESIAN_POINT('',(-0.141361303330403,-0.0505700379907239,-0.00743456966803254));
#3109=CARTESIAN_POINT('',(-0.141063724606313,-0.0505988566486236,-0.0074332849048962));
#3110=CARTESIAN_POINT('',(-0.140887758020824,-0.0506090662749368,-0.00743228584403425));
#3111=CARTESIAN_POINT('',(-0.14055797243023,-0.0506220518762611,-0.00743133429205724));
#3112=CARTESIAN_POINT('',(-0.140281871412043,-0.0506249035,-0.00743104883791645));
#3113=CARTESIAN_POINT('',(-0.140080845150305,-0.0506249035,-0.00743104883791645));
#3114=CARTESIAN_POINT('',(-0.1458749577,-0.0448307909503046,0.));
#3115=CARTESIAN_POINT('',(-0.1458749577,-0.045392927605953,0.));
#3116=CARTESIAN_POINT('',(-0.14585352983456,-0.0458392031583982,0.));
#3117=CARTESIAN_POINT('',(-0.14581067410368,-0.0461696176076401,0.));
#3118=CARTESIAN_POINT('',(-0.145751128584444,-0.0466287090649337,0.));
#3119=CARTESIAN_POINT('',(-0.145645025739459,-0.0470638315221444,0.));
#3120=CARTESIAN_POINT('',(-0.145492365568726,-0.0474749849792723,0.));
#3121=CARTESIAN_POINT('',(-0.145156689871147,-0.048379046745157,0.));
#3122=CARTESIAN_POINT('',(-0.144631844755697,-0.0490908096262146,0.));
#3123=CARTESIAN_POINT('',(-0.143917830222376,-0.049610273622445,0.));
#3124=CARTESIAN_POINT('',(-0.143390958874841,-0.0499935861222851,0.));
#3125=CARTESIAN_POINT('',(-0.142778409753383,-0.0502697741129017,0.));
#3126=CARTESIAN_POINT('',(-0.142080182858003,-0.0504388375942947,0.));
#3127=CARTESIAN_POINT('',(-0.141765372884252,-0.0505150633462553,0.));
#3128=CARTESIAN_POINT('',(-0.141434653498979,-0.050567260529442,0.));
#3129=CARTESIAN_POINT('',(-0.141088024702184,-0.0505954291438547,0.));
#3130=CARTESIAN_POINT('',(-0.140846226970443,-0.0506150787146183,0.));
#3131=CARTESIAN_POINT('',(-0.14051050045315,-0.0506249035,0.));
#3132=CARTESIAN_POINT('',(-0.140080845150305,-0.0506249035,0.));
#3133=CARTESIAN_POINT('',(0.1433749577,-8.32667268468867E-17,-0.025));
#3134=CARTESIAN_POINT('',(0.1433749577,0.0448307909503046,-0.025));
#3135=CARTESIAN_POINT('',(0.1433749577,0.0448307909503046,0.));
#3136=CARTESIAN_POINT('',(0.1433749577,-0.0448307909503048,-0.025));
#3137=CARTESIAN_POINT('',(0.1433749577,-0.0448307909503048,0.));
#3138=CARTESIAN_POINT('',(0.1433749577,-8.32667268468867E-17,0.));
#3139=CARTESIAN_POINT('',(0.1433749577,0.0448307909503046,-0.0146443246058817));
#3140=CARTESIAN_POINT('',(0.1433749577,0.0448307909503046,0.));
#3141=CARTESIAN_POINT('',(0.1433749577,0.0450489309205682,-0.0146443246058817));
#3142=CARTESIAN_POINT('',(0.1433749577,0.0450489309205682,0.));
#3143=CARTESIAN_POINT('',(0.143368366803119,0.0454257230716959,-0.0146443246058817));
#3144=CARTESIAN_POINT('',(0.143368366803119,0.0454257230716959,5.20417042793042E-18));
#3145=CARTESIAN_POINT('',(0.143344544561282,0.0457357444621358,-0.0146443246058817));
#3146=CARTESIAN_POINT('',(0.143344544561282,0.0457357444621358,-3.46944695195361E-18));
#3147=CARTESIAN_POINT('',(0.143333605490384,0.0458332015408838,-0.0146443246058817));
#3148=CARTESIAN_POINT('',(0.143333605490384,0.0458332015408838,0.));
#3149=CARTESIAN_POINT('',(0.143316421885079,0.0459589738651785,-0.0146443246058817));
#3150=CARTESIAN_POINT('',(0.143316421885079,0.0459589738651785,-3.46944695195361E-18));
#3151=CARTESIAN_POINT('',(0.143280236810308,0.0461637204753337,-0.0146443246058817));
#3152=CARTESIAN_POINT('',(0.143280236810308,0.0461637204753337,1.73472347597681E-18));
#3153=CARTESIAN_POINT('',(0.143186743279471,0.0465402112207016,-0.0146443246058817));
#3154=CARTESIAN_POINT('',(0.143186743279471,0.0465402112207016,-6.93889390390723E-18));
#3155=CARTESIAN_POINT('',(0.142962246390159,0.0470551830530163,-0.0146443246058817));
#3156=CARTESIAN_POINT('',(0.142962246390159,0.0470551830530163,8.67361737988404E-18));
#3157=CARTESIAN_POINT('',(0.142672075648885,0.0474226940654601,-0.0146443246058817));
#3158=CARTESIAN_POINT('',(0.142672075648885,0.0474226940654601,-6.93889390390723E-18));
#3159=CARTESIAN_POINT('',(0.14228290619376,0.0477224319930278,-0.0146443246058817));
#3160=CARTESIAN_POINT('',(0.14228290619376,0.0477224319930278,3.46944695195361E-18));
#3161=CARTESIAN_POINT('',(0.141815340824082,0.0479299107319404,-0.0146443246058817));
#3162=CARTESIAN_POINT('',(0.141815340824082,0.0479299107319404,-1.73472347597681E-18));
#3163=CARTESIAN_POINT('',(0.141349156813446,0.0480456259937638,-0.0146443246058817));
#3164=CARTESIAN_POINT('',(0.141349156813446,0.0480456259937638,-1.73472347597681E-18));
#3165=CARTESIAN_POINT('',(0.141105557094006,0.0480833841091433,-0.0146443246058817));
#3166=CARTESIAN_POINT('',(0.141105557094006,0.0480833841091433,-3.46944695195361E-18));
#3167=CARTESIAN_POINT('',(0.140890937837598,0.0481034903664392,-0.0146443246058817));
#3168=CARTESIAN_POINT('',(0.140890937837598,0.0481034903664392,0.));
#3169=CARTESIAN_POINT('',(0.140817381883459,0.0481087820428681,-0.0146443246058817));
#3170=CARTESIAN_POINT('',(0.140817381883459,0.0481087820428681,-1.73472347597681E-18));
#3171=CARTESIAN_POINT('',(0.140593855041062,0.0481204021077752,-0.0146443246058817));
#3172=CARTESIAN_POINT('',(0.140593855041062,0.0481204021077752,0.));
#3173=CARTESIAN_POINT('',(0.140309245926989,0.0481249035,-0.0146443246058817));
#3174=CARTESIAN_POINT('',(0.140309245926989,0.0481249035,0.));
#3175=CARTESIAN_POINT('',(0.140080845150305,0.0481249035,-0.0146443246058817));
#3176=CARTESIAN_POINT('',(0.140080845150305,0.0481249035,0.));
#3177=CARTESIAN_POINT('',(0.1433749577,0.0448307909503046,0.));
#3178=CARTESIAN_POINT('',(0.1433749577,0.0449398609354364,0.));
#3179=CARTESIAN_POINT('',(0.143373132189434,0.0451444265339615,0.));
#3180=CARTESIAN_POINT('',(0.143365409770453,0.0454081803706534,0.));
#3181=CARTESIAN_POINT('',(0.143355529048137,0.045589166762466,0.));
#3182=CARTESIAN_POINT('',(0.143346361969627,0.0457081085598541,0.));
#3183=CARTESIAN_POINT('',(0.143340415510513,0.0457706994733539,0.));
#3184=CARTESIAN_POINT('',(0.143336288569953,0.0458082513079071,0.));
#3185=CARTESIAN_POINT('',(0.143334058521905,0.0458272298001509,0.));
#3186=CARTESIAN_POINT('',(0.143332544132671,0.0458394437714412,0.));
#3187=CARTESIAN_POINT('',(0.143331716243699,0.0458459602259506,0.));
#3188=CARTESIAN_POINT('',(0.143329606301578,0.0458621219442754,0.));
#3189=CARTESIAN_POINT('',(0.143326017840806,0.0458886307960605,0.));
#3190=CARTESIAN_POINT('',(0.14331828951583,0.0459422662611289,0.));
#3191=CARTESIAN_POINT('',(0.143306184742099,0.0460167546509009,0.));
#3192=CARTESIAN_POINT('',(0.143284415370808,0.0461331216153499,0.));
#3193=CARTESIAN_POINT('',(0.143252880869221,0.0462728806688704,0.));
#3194=CARTESIAN_POINT('',(0.143215932855338,0.0464055859296253,0.));
#3195=CARTESIAN_POINT('',(0.143182924896626,0.0465087220839047,0.));
#3196=CARTESIAN_POINT('',(0.143161444544683,0.0465704285411395,0.));
#3197=CARTESIAN_POINT('',(0.143142316589505,0.0466221178560012,0.));
#3198=CARTESIAN_POINT('',(0.143121015272696,0.0466773153135531,0.));
#3199=CARTESIAN_POINT('',(0.143083819517619,0.0467677674250213,0.));
#3200=CARTESIAN_POINT('',(0.143028253677883,0.0468876632385869,0.));
#3201=CARTESIAN_POINT('',(0.142936109401969,0.0470583811494516,0.));
#3202=CARTESIAN_POINT('',(0.142815506660001,0.0472378612914106,0.));
#3203=CARTESIAN_POINT('',(0.142658570660079,0.0474155864449111,0.));
#3204=CARTESIAN_POINT('',(0.142483665879141,0.0475681842368295,0.));
#3205=CARTESIAN_POINT('',(0.14225939098265,0.0477174188350525,0.));
#3206=CARTESIAN_POINT('',(0.142046813800717,0.0478245439227211,0.));
#3207=CARTESIAN_POINT('',(0.141852446892067,0.0479021210132798,0.));
#3208=CARTESIAN_POINT('',(0.14171976891059,0.0479466790263091,0.));
#3209=CARTESIAN_POINT('',(0.141607278118069,0.0479795052598498,0.));
#3210=CARTESIAN_POINT('',(0.141532110254919,0.0479992932127257,0.));
#3211=CARTESIAN_POINT('',(0.141474213244581,0.0480133592035268,0.));
#3212=CARTESIAN_POINT('',(0.141422454636988,0.0480252609341454,0.));
#3213=CARTESIAN_POINT('',(0.141326143130556,0.0480456520681042,0.));
#3214=CARTESIAN_POINT('',(0.141211702917092,0.0480656712033461,0.));
#3215=CARTESIAN_POINT('',(0.141090795278889,0.0480825787559718,0.));
#3216=CARTESIAN_POINT('',(0.141012553651236,0.0480917393207434,0.));
#3217=CARTESIAN_POINT('',(0.140956738428331,0.0480973561926119,0.));
#3218=CARTESIAN_POINT('',(0.140923932028078,0.048100382396708,0.));
#3219=CARTESIAN_POINT('',(0.140904483783503,0.0481020805574177,0.));
#3220=CARTESIAN_POINT('',(0.140886027628171,0.0481036074309609,0.));
#3221=CARTESIAN_POINT('',(0.14087772393493,0.048104271296593,0.));
#3222=CARTESIAN_POINT('',(0.140859995902667,0.048105633040464,0.));
#3223=CARTESIAN_POINT('',(0.140821037762864,0.0481083378411805,0.));
#3224=CARTESIAN_POINT('',(0.140751699370465,0.0481122985348068,0.));
#3225=CARTESIAN_POINT('',(0.140616401739483,0.0481180294965711,0.));
#3226=CARTESIAN_POINT('',(0.140404660827068,0.0481233754229311,0.));
#3227=CARTESIAN_POINT('',(0.140195045538647,0.0481249035,0.));
#3228=CARTESIAN_POINT('',(0.140080845150305,0.0481249035,0.));
#3229=CARTESIAN_POINT('',(-0.1433749577,-0.0448307909503046,-0.0086634664355184));
#3230=CARTESIAN_POINT('',(-0.1433749577,-0.0448307909503046,0.));
#3231=CARTESIAN_POINT('',(-0.1433749577,-0.0450489309206063,-0.0086634664355184));
#3232=CARTESIAN_POINT('',(-0.1433749577,-0.0450489309206063,0.));
#3233=CARTESIAN_POINT('',(-0.143368366803121,-0.0454257230717638,-0.0086634664355184));
#3234=CARTESIAN_POINT('',(-0.143368366803121,-0.0454257230717638,-1.73472347597681E-18));
#3235=CARTESIAN_POINT('',(-0.143344544561278,-0.0457357444622004,-0.00866346643551839));
#3236=CARTESIAN_POINT('',(-0.143344544561278,-0.0457357444622004,3.46944695195361E-18));
#3237=CARTESIAN_POINT('',(-0.143333605490396,-0.0458332015407963,-0.0086634664355184));
#3238=CARTESIAN_POINT('',(-0.143333605490396,-0.0458332015407963,-1.73472347597681E-18));
#3239=CARTESIAN_POINT('',(-0.143316421885077,-0.0459589738651591,-0.0086634664355184));
#3240=CARTESIAN_POINT('',(-0.143316421885077,-0.0459589738651591,0.));
#3241=CARTESIAN_POINT('',(-0.143280236810292,-0.0461637204753797,-0.0086634664355184));
#3242=CARTESIAN_POINT('',(-0.143280236810292,-0.0461637204753797,-1.73472347597681E-18));
#3243=CARTESIAN_POINT('',(-0.143186743279453,-0.046540211220754,-0.0086634664355184));
#3244=CARTESIAN_POINT('',(-0.143186743279453,-0.046540211220754,0.));
#3245=CARTESIAN_POINT('',(-0.142962246390181,-0.0470551830529653,-0.0086634664355184));
#3246=CARTESIAN_POINT('',(-0.142962246390181,-0.0470551830529653,0.));
#3247=CARTESIAN_POINT('',(-0.142672075648865,-0.0474226940654709,-0.0086634664355184));
#3248=CARTESIAN_POINT('',(-0.142672075648865,-0.0474226940654709,0.));
#3249=CARTESIAN_POINT('',(-0.142282906193766,-0.0477224319930318,-0.0086634664355184));
#3250=CARTESIAN_POINT('',(-0.142282906193766,-0.0477224319930318,0.));
#3251=CARTESIAN_POINT('',(-0.14181534082409,-0.0479299107319378,-0.0086634664355184));
#3252=CARTESIAN_POINT('',(-0.14181534082409,-0.0479299107319378,1.73472347597681E-18));
#3253=CARTESIAN_POINT('',(-0.141349156813476,-0.0480456259937559,-0.0086634664355184));
#3254=CARTESIAN_POINT('',(-0.141349156813476,-0.0480456259937559,-1.73472347597681E-18));
#3255=CARTESIAN_POINT('',(-0.14110555709406,-0.0480833841091341,-0.0086634664355184));
#3256=CARTESIAN_POINT('',(-0.14110555709406,-0.0480833841091341,0.));
#3257=CARTESIAN_POINT('',(-0.140890937837531,-0.0481034903664444,-0.0086634664355184));
#3258=CARTESIAN_POINT('',(-0.140890937837531,-0.0481034903664444,0.));
#3259=CARTESIAN_POINT('',(-0.140817381883477,-0.0481087820428683,-0.0086634664355184));
#3260=CARTESIAN_POINT('',(-0.140817381883477,-0.0481087820428683,0.));
#3261=CARTESIAN_POINT('',(-0.140593855041123,-0.0481204021077753,-0.0086634664355184));
#3262=CARTESIAN_POINT('',(-0.140593855041123,-0.0481204021077753,0.));
#3263=CARTESIAN_POINT('',(-0.140309245927028,-0.0481249035,-0.0086634664355184));
#3264=CARTESIAN_POINT('',(-0.140309245927028,-0.0481249035,0.));
#3265=CARTESIAN_POINT('',(-0.140080845150305,-0.0481249035,-0.0086634664355184));
#3266=CARTESIAN_POINT('',(-0.140080845150305,-0.0481249035,0.));
#3267=CARTESIAN_POINT('',(-0.140080845150305,-0.0481249035,-0.025));
#3268=CARTESIAN_POINT('',(-0.140080845150305,-0.0481249035,0.));
#3269=CARTESIAN_POINT('',(-0.1433749577,-0.0448307909503046,0.));
#3270=CARTESIAN_POINT('',(-0.1433749577,-0.0449398609354554,0.));
#3271=CARTESIAN_POINT('',(-0.143373132189434,-0.0451444265340101,0.));
#3272=CARTESIAN_POINT('',(-0.143365409770453,-0.0454081803707185,0.));
#3273=CARTESIAN_POINT('',(-0.143355529048137,-0.045589166762518,0.));
#3274=CARTESIAN_POINT('',(-0.143346361969629,-0.0457081085598754,0.));
#3275=CARTESIAN_POINT('',(-0.143340415510517,-0.0457706994733453,0.));
#3276=CARTESIAN_POINT('',(-0.143336288569959,-0.0458082513078726,0.));
#3277=CARTESIAN_POINT('',(-0.143334058521912,-0.0458272298000982,0.));
#3278=CARTESIAN_POINT('',(-0.143332544132679,-0.0458394437713792,0.));
#3279=CARTESIAN_POINT('',(-0.143331716243709,-0.0458459602258738,0.));
#3280=CARTESIAN_POINT('',(-0.143329606301586,-0.0458621219442083,0.));
#3281=CARTESIAN_POINT('',(-0.143326017840812,-0.0458886307960044,0.));
#3282=CARTESIAN_POINT('',(-0.143318289515831,-0.0459422662610975,0.));
#3283=CARTESIAN_POINT('',(-0.143306184742094,-0.0460167546508971,0.));
#3284=CARTESIAN_POINT('',(-0.143284415370796,-0.0461331216153816,0.));
#3285=CARTESIAN_POINT('',(-0.143252880869203,-0.0462728806689253,0.));
#3286=CARTESIAN_POINT('',(-0.143215932855321,-0.0464055859296747,0.));
#3287=CARTESIAN_POINT('',(-0.143182924896615,-0.0465087220839341,0.));
#3288=CARTESIAN_POINT('',(-0.14316144454468,-0.0465704285411457,0.));
#3289=CARTESIAN_POINT('',(-0.143142316589509,-0.0466221178559929,0.));
#3290=CARTESIAN_POINT('',(-0.143121015272699,-0.0466773153135446,0.));
#3291=CARTESIAN_POINT('',(-0.143083819517624,-0.0467677674250067,0.));
#3292=CARTESIAN_POINT('',(-0.14302825367789,-0.0468876632385689,0.));
#3293=CARTESIAN_POINT('',(-0.142936109401977,-0.0470583811494301,0.));
#3294=CARTESIAN_POINT('',(-0.142815506660004,-0.0472378612913944,0.));
#3295=CARTESIAN_POINT('',(-0.142658570660077,-0.0474155864449059,0.));
#3296=CARTESIAN_POINT('',(-0.142483665879094,-0.0475681842368627,0.));
#3297=CARTESIAN_POINT('',(-0.142259390982659,-0.0477174188350516,0.));
#3298=CARTESIAN_POINT('',(-0.14204681380074,-0.0478245439227153,0.));
#3299=CARTESIAN_POINT('',(-0.141852446892091,-0.0479021210132736,0.));
#3300=CARTESIAN_POINT('',(-0.141719768910607,-0.0479466790263047,0.));
#3301=CARTESIAN_POINT('',(-0.14160727811808,-0.0479795052598471,0.));
#3302=CARTESIAN_POINT('',(-0.141532110254919,-0.0479992932127256,0.));
#3303=CARTESIAN_POINT('',(-0.141474213244585,-0.0480133592035258,0.));
#3304=CARTESIAN_POINT('',(-0.141422454637011,-0.04802526093414,0.));
#3305=CARTESIAN_POINT('',(-0.141326143130594,-0.0480456520680954,0.));
#3306=CARTESIAN_POINT('',(-0.141211702917131,-0.0480656712033372,0.));
#3307=CARTESIAN_POINT('',(-0.141090795278906,-0.0480825787559663,0.));
#3308=CARTESIAN_POINT('',(-0.14101255365123,-0.0480917393207412,0.));
#3309=CARTESIAN_POINT('',(-0.140956738428307,-0.0480973561926123,0.));
#3310=CARTESIAN_POINT('',(-0.140923932028041,-0.0481003823967102,0.));
#3311=CARTESIAN_POINT('',(-0.140904483783461,-0.0481020805574208,0.));
#3312=CARTESIAN_POINT('',(-0.140886027628118,-0.0481036074309652,0.));
#3313=CARTESIAN_POINT('',(-0.140877723934888,-0.0481042712965965,0.));
#3314=CARTESIAN_POINT('',(-0.14085999590264,-0.0481056330404667,0.));
#3315=CARTESIAN_POINT('',(-0.140821037762865,-0.0481083378411819,0.));
#3316=CARTESIAN_POINT('',(-0.140751699370493,-0.0481122985348073,0.));
#3317=CARTESIAN_POINT('',(-0.140616401739534,-0.048118029496571,0.));
#3318=CARTESIAN_POINT('',(-0.140404660827116,-0.0481233754229311,0.));
#3319=CARTESIAN_POINT('',(-0.140195045538666,-0.0481249035,0.));
#3320=CARTESIAN_POINT('',(-0.140080845150305,-0.0481249035,0.));
#3321=CARTESIAN_POINT('',(0.,-0.0481249035,-0.025));
#3322=CARTESIAN_POINT('',(0.140080845150305,-0.0481249035,-0.025));
#3323=CARTESIAN_POINT('',(0.140080845150305,-0.0481249035,0.));
#3324=CARTESIAN_POINT('',(0.,-0.0481249035,0.));
#3325=CARTESIAN_POINT('',(0.140080845150305,-0.0481249035,-0.0086634664355184));
#3326=CARTESIAN_POINT('',(0.140080845150305,-0.0481249035,0.));
#3327=CARTESIAN_POINT('',(0.140298985120503,-0.0481249035,-0.0086634664355184));
#3328=CARTESIAN_POINT('',(0.140298985120503,-0.0481249035,0.));
#3329=CARTESIAN_POINT('',(0.140675777271578,-0.0481183126031166,-0.0086634664355184));
#3330=CARTESIAN_POINT('',(0.140675777271578,-0.0481183126031166,-1.73472347597681E-18));
#3331=CARTESIAN_POINT('',(0.140985798662026,-0.0480944903612893,-0.00866346643551839));
#3332=CARTESIAN_POINT('',(0.140985798662026,-0.0480944903612893,3.46944695195361E-18));
#3333=CARTESIAN_POINT('',(0.141083255741033,-0.0480835512903642,-0.0086634664355184));
#3334=CARTESIAN_POINT('',(0.141083255741033,-0.0480835512903642,-1.73472347597681E-18));
#3335=CARTESIAN_POINT('',(0.141209028065226,-0.0480663676850781,-0.0086634664355184));
#3336=CARTESIAN_POINT('',(0.141209028065226,-0.0480663676850781,0.));
#3337=CARTESIAN_POINT('',(0.141413774675281,-0.0480301826103318,-0.0086634664355184));
#3338=CARTESIAN_POINT('',(0.141413774675281,-0.0480301826103318,-1.73472347597681E-18));
#3339=CARTESIAN_POINT('',(0.141790265420598,-0.0479366890795093,-0.0086634664355184));
#3340=CARTESIAN_POINT('',(0.141790265420598,-0.0479366890795093,0.));
#3341=CARTESIAN_POINT('',(0.142305237253097,-0.0477121921901166,-0.0086634664355184));
#3342=CARTESIAN_POINT('',(0.142305237253097,-0.0477121921901166,0.));
#3343=CARTESIAN_POINT('',(0.142672748265457,-0.0474220214488993,-0.0086634664355184));
#3344=CARTESIAN_POINT('',(0.142672748265457,-0.0474220214488993,0.));
#3345=CARTESIAN_POINT('',(0.142972486193028,-0.0470328519937447,-0.0086634664355184));
#3346=CARTESIAN_POINT('',(0.142972486193028,-0.0470328519937447,0.));
#3347=CARTESIAN_POINT('',(0.143179964931957,-0.046565286624039,-0.0086634664355184));
#3348=CARTESIAN_POINT('',(0.143179964931957,-0.046565286624039,1.73472347597681E-18));
#3349=CARTESIAN_POINT('',(0.143295680193752,-0.0460991026134821,-0.0086634664355184));
#3350=CARTESIAN_POINT('',(0.143295680193752,-0.0460991026134821,-1.73472347597681E-18));
#3351=CARTESIAN_POINT('',(0.143333438309139,-0.0458555028940173,-0.0086634664355184));
#3352=CARTESIAN_POINT('',(0.143333438309139,-0.0458555028940173,0.));
#3353=CARTESIAN_POINT('',(0.143353544566443,-0.0456408836375504,-0.0086634664355184));
#3354=CARTESIAN_POINT('',(0.143353544566443,-0.0456408836375504,0.));
#3355=CARTESIAN_POINT('',(0.143358836242868,-0.0455673276834718,-0.0086634664355184));
#3356=CARTESIAN_POINT('',(0.143358836242868,-0.0455673276834718,0.));
#3357=CARTESIAN_POINT('',(0.143370456307775,-0.0453438008411061,-0.0086634664355184));
#3358=CARTESIAN_POINT('',(0.143370456307775,-0.0453438008411061,0.));
#3359=CARTESIAN_POINT('',(0.1433749577,-0.0450591917270173,-0.0086634664355184));
#3360=CARTESIAN_POINT('',(0.1433749577,-0.0450591917270173,0.));
#3361=CARTESIAN_POINT('',(0.1433749577,-0.0448307909503048,-0.0086634664355184));
#3362=CARTESIAN_POINT('',(0.1433749577,-0.0448307909503048,0.));
#3363=CARTESIAN_POINT('',(0.140080845150305,-0.0481249035,0.));
#3364=CARTESIAN_POINT('',(0.140189915135404,-0.0481249035,0.));
#3365=CARTESIAN_POINT('',(0.140394480733878,-0.048123077989434,0.));
#3366=CARTESIAN_POINT('',(0.140658234570541,-0.0481153555704535,0.));
#3367=CARTESIAN_POINT('',(0.140839220962376,-0.0481054748481369,0.));
#3368=CARTESIAN_POINT('',(0.140958162759818,-0.0480963077696238,0.));
#3369=CARTESIAN_POINT('',(0.141020753673368,-0.048090361310507,0.));
#3370=CARTESIAN_POINT('',(0.141058305507967,-0.0480862343699432,0.));
#3371=CARTESIAN_POINT('',(0.141077284000242,-0.0480840043218917,0.));
#3372=CARTESIAN_POINT('',(0.141089497971549,-0.0480824899326562,0.));
#3373=CARTESIAN_POINT('',(0.141096014426083,-0.0480816620436821,0.));
#3374=CARTESIAN_POINT('',(0.141112176144394,-0.048079552101563,0.));
#3375=CARTESIAN_POINT('',(0.141138684996162,-0.0480759636407953,0.));
#3376=CARTESIAN_POINT('',(0.141192320461194,-0.0480682353158264,0.));
#3377=CARTESIAN_POINT('',(0.141266808850923,-0.0480561305421055,0.));
#3378=CARTESIAN_POINT('',(0.141383175815317,-0.0480343611708274,0.));
#3379=CARTESIAN_POINT('',(0.141522934868795,-0.0480028266692511,0.));
#3380=CARTESIAN_POINT('',(0.141655640129547,-0.0479658786553679,0.));
#3381=CARTESIAN_POINT('',(0.141758776283845,-0.0479328706966484,0.));
#3382=CARTESIAN_POINT('',(0.141820482741105,-0.0479113903446959,0.));
#3383=CARTESIAN_POINT('',(0.141872172055985,-0.0478922623895112,0.));
#3384=CARTESIAN_POINT('',(0.141927369513543,-0.0478709610726991,0.));
#3385=CARTESIAN_POINT('',(0.142017821625026,-0.0478337653176154,0.));
#3386=CARTESIAN_POINT('',(0.142137717438606,-0.0477781994778725,0.));
#3387=CARTESIAN_POINT('',(0.142308435349487,-0.0476860552019489,0.));
#3388=CARTESIAN_POINT('',(0.142487915491446,-0.0475654524599814,0.));
#3389=CARTESIAN_POINT('',(0.142665640644932,-0.0474085164600656,0.));
#3390=CARTESIAN_POINT('',(0.142818238436777,-0.0472336116792148,0.));
#3391=CARTESIAN_POINT('',(0.142967473035065,-0.0470093367826204,0.));
#3392=CARTESIAN_POINT('',(0.143074598122739,-0.0467967596006698,0.));
#3393=CARTESIAN_POINT('',(0.143152175213294,-0.0466023926920289,0.));
#3394=CARTESIAN_POINT('',(0.143196733226317,-0.0464697147105702,0.));
#3395=CARTESIAN_POINT('',(0.143229559459851,-0.0463572239180691,0.));
#3396=CARTESIAN_POINT('',(0.143249347412722,-0.0462820560549365,0.));
#3397=CARTESIAN_POINT('',(0.14326341340352,-0.0462241590446087,0.));
#3398=CARTESIAN_POINT('',(0.143275315134139,-0.0461724004370117,0.));
#3399=CARTESIAN_POINT('',(0.143295706268098,-0.0460760889305759,0.));
#3400=CARTESIAN_POINT('',(0.143315725403341,-0.0459616487171014,0.));
#3401=CARTESIAN_POINT('',(0.143332632955969,-0.0458407410788833,0.));
#3402=CARTESIAN_POINT('',(0.143341793520743,-0.0457624994512186,0.));
#3403=CARTESIAN_POINT('',(0.143347410392613,-0.0457066842283056,0.));
#3404=CARTESIAN_POINT('',(0.14335043659671,-0.0456738778280471,0.));
#3405=CARTESIAN_POINT('',(0.14335213475742,-0.0456544295834701,0.));
#3406=CARTESIAN_POINT('',(0.143353661630964,-0.0456359734281328,0.));
#3407=CARTESIAN_POINT('',(0.143354325496596,-0.0456276697348997,0.));
#3408=CARTESIAN_POINT('',(0.143355687240466,-0.0456099417026476,0.));
#3409=CARTESIAN_POINT('',(0.143358392041181,-0.0455709835628649,0.));
#3410=CARTESIAN_POINT('',(0.143362352734807,-0.0455016451704849,0.));
#3411=CARTESIAN_POINT('',(0.143368083696571,-0.0453663475395192,0.));
#3412=CARTESIAN_POINT('',(0.143373429622931,-0.0451546066271026,0.));
#3413=CARTESIAN_POINT('',(0.1433749577,-0.044944991338661,0.));
#3414=CARTESIAN_POINT('',(0.1433749577,-0.0448307909503048,0.));
#3415=CARTESIAN_POINT('',(2.77555756156289E-17,0.,0.));
#3416=CARTESIAN_POINT('',(0.,-0.000127653605137734,-0.0134749700401062));
#3417=CARTESIAN_POINT('',(-0.140080845150305,-0.0478163839077066,-0.0104249318104898));
#3418=CARTESIAN_POINT('',(-0.14018990581737,-0.0478163839095694,-0.0104249318103706));
#3419=CARTESIAN_POINT('',(-0.14034713635167,-0.0478151400857705,-0.0104250113618729));
#3420=CARTESIAN_POINT('',(-0.140510921628952,-0.0478121071788676,-0.0104252053381424));
#3421=CARTESIAN_POINT('',(-0.140732495289546,-0.047805189480477,-0.0104256477748443));
#3422=CARTESIAN_POINT('',(-0.140994638280611,-0.0477832180885968,-0.0104270530038107));
#3423=CARTESIAN_POINT('',(-0.141218350130813,-0.0477529635910574,-0.010428987997121));
#3424=CARTESIAN_POINT('',(-0.141587825387215,-0.0476642378330827,-0.0104346626492256));
#3425=CARTESIAN_POINT('',(-0.141958409340266,-0.0475185521895592,-0.0104439802968005));
#3426=CARTESIAN_POINT('',(-0.142332438756395,-0.0472667007225627,-0.0104600880144447));
#3427=CARTESIAN_POINT('',(-0.142575667500121,-0.0469067503866884,-0.0104831094343528));
#3428=CARTESIAN_POINT('',(-0.14270623262253,-0.0465655028713619,-0.0105049346740038));
#3429=CARTESIAN_POINT('',(-0.142763984649854,-0.0463626324117182,-0.0105179097029812));
#3430=CARTESIAN_POINT('',(-0.142807137248506,-0.0461629259894601,-0.0105306823689491));
#3431=CARTESIAN_POINT('',(-0.142817982046842,-0.0460929175244885,-0.0105351599151787));
#3432=CARTESIAN_POINT('',(-0.142839865881922,-0.0459325556907075,-0.0105454162109639));
#3433=CARTESIAN_POINT('',(-0.142865245948131,-0.0456299688154178,-0.0105647688238676));
#3434=CARTESIAN_POINT('',(-0.142874957704494,-0.0452849842155943,-0.0105868330770237));
#3435=CARTESIAN_POINT('',(-0.1428749577,-0.0450222713580112,-0.0106036354589273));
#3436=CARTESIAN_POINT('',(-0.140080845150305,-0.0478163839077066,-0.0104249318104898));
#3437=CARTESIAN_POINT('',(-0.1428749577,-0.0450222713580112,-0.0106036354589273));
#3438=CARTESIAN_POINT('',(-0.1428749577,-0.0450222713580112,-0.0106036354589273));
#3439=CARTESIAN_POINT('',(-0.1428749577,-0.015135076541243,-0.0125151371111788));
#3440=CARTESIAN_POINT('',(-0.1428749577,0.0147521182755252,-0.0144266387634303));
#3441=CARTESIAN_POINT('',(-0.1428749577,0.0446393130922934,-0.0163381404156817));
#3442=CARTESIAN_POINT('',(-0.1428749577,0.0446393130922934,-0.0163381404156818));
#3443=CARTESIAN_POINT('',(-0.1428749577,0.0446393130922934,-0.0163381404156817));
#3444=CARTESIAN_POINT('',(-0.142874957709893,0.0447796875220584,-0.0163471183728328));
#3445=CARTESIAN_POINT('',(-0.142873926406751,0.0449585085244963,-0.0163585552655794));
#3446=CARTESIAN_POINT('',(-0.142869216014927,0.0451544056104948,-0.0163710842970209));
#3447=CARTESIAN_POINT('',(-0.142866560930581,0.045238162232033,-0.0163764411370134));
#3448=CARTESIAN_POINT('',(-0.142854602075736,0.0454263555979496,-0.0163884774599971));
#3449=CARTESIAN_POINT('',(-0.142831796388056,0.0456317169634394,-0.0164016118003676));
#3450=CARTESIAN_POINT('',(-0.142798759986819,0.0458464539004247,-0.016415345776151));
#3451=CARTESIAN_POINT('',(-0.142696056334576,0.0462267982115073,-0.0164396715378531));
#3452=CARTESIAN_POINT('',(-0.142528210941425,0.0466081465427443,-0.0164640615138851));
#3453=CARTESIAN_POINT('',(-0.142240985321807,0.0469703153696095,-0.0164872248222916));
#3454=CARTESIAN_POINT('',(-0.14183519647132,0.0471965750693122,-0.0165016957618519));
#3455=CARTESIAN_POINT('',(-0.141476194307786,0.0473105233939972,-0.0165089835790004));
#3456=CARTESIAN_POINT('',(-0.14126007785691,0.0473590769752468,-0.0165120889306853));
#3457=CARTESIAN_POINT('',(-0.14106480837444,0.0473911146084746,-0.0165141379683827));
#3458=CARTESIAN_POINT('',(-0.14094941131912,0.0474044409461907,-0.016514990283788));
#3459=CARTESIAN_POINT('',(-0.140797624616265,0.0474179738768211,-0.0165158558123001));
#3460=CARTESIAN_POINT('',(-0.140661985012937,0.0474252451529803,-0.0165163208628502));
#3461=CARTESIAN_POINT('',(-0.140555296304257,0.0474292275143822,-0.0165165755635823));
#3462=CARTESIAN_POINT('',(-0.140446551142319,0.0474316123424695,-0.0165167280905376));
#3463=CARTESIAN_POINT('',(-0.140432642269071,0.0474316491914028,-0.0165167304472927));
#3464=CARTESIAN_POINT('',(-0.140361427046237,0.0474324017923811,-0.0165167785815529));
#3465=CARTESIAN_POINT('',(-0.140213475837236,0.0474331052311337,-0.0165168235715343));
#3466=CARTESIAN_POINT('',(-0.140010851851052,0.0474334230922934,-0.0165168439010478));
#3467=CARTESIAN_POINT('',(-0.139846056863812,0.0474334230922934,-0.0165168439010478));
#3468=CARTESIAN_POINT('',(-0.139845787760945,0.0474334230922934,-0.0165168439010479));
#3469=CARTESIAN_POINT('',(-0.139845518658078,0.0474334230922934,-0.0165168439010478));
#3470=CARTESIAN_POINT('',(-0.0465367307219505,0.0474334230922934,-0.0165168439010478));
#3471=CARTESIAN_POINT('',(0.0467720572141771,0.0474334230922934,-0.0165168439010478));
#3472=CARTESIAN_POINT('',(0.140080845150305,0.0474334230922934,-0.0165168439010478));
#3473=CARTESIAN_POINT('',(0.140080845150305,0.0474334230922934,-0.0165168439010479));
#3474=CARTESIAN_POINT('',(0.140080845150305,0.0474334230922934,-0.0165168439010478));
#3475=CARTESIAN_POINT('',(0.140346822170168,0.0474334230970423,-0.0165168439013516));
#3476=CARTESIAN_POINT('',(0.140695786144542,0.0474234146844388,-0.0165162037911858));
#3477=CARTESIAN_POINT('',(0.1410025375102,0.0473969810501869,-0.0165145131696384));
#3478=CARTESIAN_POINT('',(0.141163855126405,0.0473745082650591,-0.0165130758729579));
#3479=CARTESIAN_POINT('',(0.141237408602068,0.0473626364357344,-0.016512316583854));
#3480=CARTESIAN_POINT('',(0.141429005830041,0.0473202927448385,-0.0165096083994424));
#3481=CARTESIAN_POINT('',(0.141626213120169,0.0472636335647865,-0.0165059846362572));
#3482=CARTESIAN_POINT('',(0.141957870103587,0.0471362828359942,-0.0164978396387091));
#3483=CARTESIAN_POINT('',(0.142311201333325,0.0469033143890101,-0.0164829396263773));
#3484=CARTESIAN_POINT('',(0.142566342491353,0.0465369004566659,-0.0164595048128601));
#3485=CARTESIAN_POINT('',(0.142714565842908,0.0461704172562367,-0.0164360655691493));
#3486=CARTESIAN_POINT('',(0.142806195861873,0.0458055886629399,-0.0164127321494975));
#3487=CARTESIAN_POINT('',(0.142839840472196,0.0455772411035847,-0.0163981276762549));
#3488=CARTESIAN_POINT('',(0.142863667806456,0.0452952791476552,-0.0163800941756894));
#3489=CARTESIAN_POINT('',(0.142870329710608,0.0450979353204092,-0.0163674726147114));
#3490=CARTESIAN_POINT('',(0.142873703277489,0.0449345442477106,-0.0163570225772508));
#3491=CARTESIAN_POINT('',(0.142874957705684,0.0447643814639077,-0.0163461394400281));
#3492=CARTESIAN_POINT('',(0.1428749577,0.044639310542598,-0.0163381402526103));
#3493=CARTESIAN_POINT('',(0.1428749577,0.044639310542598,-0.0163381402526103));
#3494=CARTESIAN_POINT('',(0.1428749577,0.044639310542598,-0.0163381402526103));
#3495=CARTESIAN_POINT('',(0.1428749577,0.0147521165757283,-0.014426638654716));
#3496=CARTESIAN_POINT('',(0.1428749577,-0.0151350773911414,-0.0125151370568216));
#3497=CARTESIAN_POINT('',(0.1428749577,-0.0450222713580112,-0.0106036354589273));
#3498=CARTESIAN_POINT('',(0.1428749577,-0.0450222713580112,-0.0106036354589273));
#3499=CARTESIAN_POINT('',(0.1428749577,-0.0450222713580114,-0.0106036354589273));
#3500=CARTESIAN_POINT('',(0.142874957701809,-0.0451301182337777,-0.0105967378734402));
#3501=CARTESIAN_POINT('',(0.142873745935301,-0.0452856571639883,-0.0105867900371207));
#3502=CARTESIAN_POINT('',(0.142870755147047,-0.0454487985377807,-0.010576355969706));
#3503=CARTESIAN_POINT('',(0.142864051788771,-0.0456671935995423,-0.0105623880304611));
#3504=CARTESIAN_POINT('',(0.142842932819118,-0.045925439853228,-0.0105458713200895));
#3505=CARTESIAN_POINT('',(0.142814110233113,-0.0461446848097203,-0.0105318490239472));
#3506=CARTESIAN_POINT('',(0.142728725356286,-0.0465098720190517,-0.0105084926682137));
#3507=CARTESIAN_POINT('',(0.142587450317357,-0.0468780508162631,-0.0104849449788601));
#3508=CARTESIAN_POINT('',(0.142346437590925,-0.0472523218378319,-0.0104610076478224));
#3509=CARTESIAN_POINT('',(0.141985847567661,-0.0475071966544783,-0.010444706565164));
#3510=CARTESIAN_POINT('',(0.141641559472339,-0.0476418227112963,-0.0104360962579196));
#3511=CARTESIAN_POINT('',(0.141436166787191,-0.0477016348018135,-0.0104322708433717));
#3512=CARTESIAN_POINT('',(0.141233327210338,-0.0477463563996477,-0.0104294105746621));
#3513=CARTESIAN_POINT('',(0.141162652882387,-0.0477575203533385,-0.0104286965593102));
#3514=CARTESIAN_POINT('',(0.141000385880738,-0.0477801388355299,-0.0104272499442516));
#3515=CARTESIAN_POINT('',(0.140694558121447,-0.0478063482848502,-0.0104255736609474));
#3516=CARTESIAN_POINT('',(0.140346093908968,-0.0478163839123255,-0.0104249318101944));
#3517=CARTESIAN_POINT('',(0.140080845150305,-0.0478163839077066,-0.0104249318104898));
#3518=CARTESIAN_POINT('',(0.140080845150305,-0.0478163839077066,-0.0104249318104898));
#3519=CARTESIAN_POINT('',(0.140080845150305,-0.0478163839077066,-0.0104249318104898));
#3520=CARTESIAN_POINT('',(0.0466936150501015,-0.0478163839077066,-0.0104249318104898));
#3521=CARTESIAN_POINT('',(-0.0466936150501015,-0.0478163839077066,-0.0104249318104898));
#3522=CARTESIAN_POINT('',(-0.140080845150305,-0.0478163839077066,-0.0104249318104898));
#3523=CARTESIAN_POINT('',(-0.1193446423,-0.0313489965,-0.025));
#3524=CARTESIAN_POINT('',(-0.1193446423,-0.0313489965,0.));
#3525=CARTESIAN_POINT('',(-0.1168446423,-0.0313489965,0.));
#3526=CARTESIAN_POINT('',(0.,0.,0.));
#3527=CARTESIAN_POINT('',(-0.1193446423,-0.0313489965,0.));
#3528=CARTESIAN_POINT('',(-0.1175946423,-0.0313489965,0.));
#3529=CARTESIAN_POINT('',(0.0239721694082022,-8.57252759403147E-20,-0.025));
#3530=CARTESIAN_POINT('',(0.0239721694082022,-8.57252759403147E-20,0.));
#3531=CARTESIAN_POINT('',(0.0264721694082021,6.73555739531045E-20,0.));
#3532=CARTESIAN_POINT('',(0.,0.,0.));
#3533=CARTESIAN_POINT('',(0.0239721694082022,1.07156594925393E-19,0.));
#3534=CARTESIAN_POINT('',(0.0257221694082022,-7.22223729145213E-35,0.));
#3535=CARTESIAN_POINT('',(0.0616259577,0.00901058905184269,-0.025));
#3536=CARTESIAN_POINT('',(0.0616259577,0.00901058905184269,0.));
#3537=CARTESIAN_POINT('',(0.0641259577,0.00901058905184269,0.));
#3538=CARTESIAN_POINT('',(0.,0.,0.));
#3539=CARTESIAN_POINT('',(0.0616259577,0.00901058905184269,0.));
#3540=CARTESIAN_POINT('',(0.0633759577,0.00901058905184269,0.));
#3541=CARTESIAN_POINT('',(-0.1163891423,0.0257508035,-0.025));
#3542=CARTESIAN_POINT('',(-0.1163891423,0.0257508035,0.));
#3543=CARTESIAN_POINT('',(-0.1138891423,0.0257508035,0.));
#3544=CARTESIAN_POINT('',(0.,0.,0.));
#3545=CARTESIAN_POINT('',(-0.1163891423,0.0257508035,0.));
#3546=CARTESIAN_POINT('',(-0.1146391423,0.0257508035,0.));
#3547=CARTESIAN_POINT('',(-0.0714381923,-0.0087987965,-0.025));
#3548=CARTESIAN_POINT('',(-0.0714381923,-0.0087987965,0.));
#3549=CARTESIAN_POINT('',(-0.0689381923,-0.0087987965,0.));
#3550=CARTESIAN_POINT('',(0.,0.,0.));
#3551=CARTESIAN_POINT('',(-0.0714381923,-0.0087987965,0.));
#3552=CARTESIAN_POINT('',(-0.0696881923,-0.0087987965,0.));
#3553=CARTESIAN_POINT('',(-0.0336503013968468,0.00928047858178616,-0.025));
#3554=CARTESIAN_POINT('',(-0.0336503013968468,0.00928047858178616,0.));
#3555=CARTESIAN_POINT('',(-0.0311503013968468,0.00928047858178616,0.));
#3556=CARTESIAN_POINT('',(0.,0.,0.));
#3557=CARTESIAN_POINT('',(-0.0336503013968468,0.00928047858178616,0.));
#3558=CARTESIAN_POINT('',(-0.0319003013968467,0.00928047858178616,0.));
#3559=CARTESIAN_POINT('',(-0.0571752423,0.0281004035,-0.025));
#3560=CARTESIAN_POINT('',(-0.0571752423,0.0281004035,0.));
#3561=CARTESIAN_POINT('',(-0.0546752423,0.0281004035,0.));
#3562=CARTESIAN_POINT('',(0.,0.,0.));
#3563=CARTESIAN_POINT('',(-0.0571752423,0.0281004035,0.));
#3564=CARTESIAN_POINT('',(-0.0554252423,0.0281004035,0.));
#3565=CARTESIAN_POINT('',(-0.00870273727923632,0.0287913922220469,-0.025));
#3566=CARTESIAN_POINT('',(-0.00870273727923632,0.0287913922220469,0.));
#3567=CARTESIAN_POINT('',(-0.00620273727923632,0.0287913922220469,0.));
#3568=CARTESIAN_POINT('',(0.,0.,0.));
#3569=CARTESIAN_POINT('',(-0.00870273727923632,0.0287913922220469,0.));
#3570=CARTESIAN_POINT('',(-0.00695273727923632,0.0287913922220469,0.));
#3571=CARTESIAN_POINT('',(0.0384206473583342,0.0284308120640497,-0.025));
#3572=CARTESIAN_POINT('',(0.0384206473583342,0.0284308120640497,0.));
#3573=CARTESIAN_POINT('',(0.0409206473583342,0.0284308120640497,0.));
#3574=CARTESIAN_POINT('',(0.,0.,0.));
#3575=CARTESIAN_POINT('',(0.0384206473583342,0.0284308120640497,0.));
#3576=CARTESIAN_POINT('',(0.0401706473583342,0.0284308120640497,0.));
#3577=CARTESIAN_POINT('',(0.0856235399842262,0.0287944450974464,-0.025));
#3578=CARTESIAN_POINT('',(0.0856235399842262,0.0287944450974464,0.));
#3579=CARTESIAN_POINT('',(0.0881235399842262,0.0287944450974464,0.));
#3580=CARTESIAN_POINT('',(0.,0.,0.));
#3581=CARTESIAN_POINT('',(0.0856235399842262,0.0287944450974464,0.));
#3582=CARTESIAN_POINT('',(0.0873735399842262,0.0287944450974464,0.));
#3583=CARTESIAN_POINT('',(0.117015041410923,0.0266188178211451,-0.025));
#3584=CARTESIAN_POINT('',(0.117015041410923,0.0266188178211451,0.));
#3585=CARTESIAN_POINT('',(0.119515041410923,0.0266188178211451,0.));
#3586=CARTESIAN_POINT('',(0.,0.,0.));
#3587=CARTESIAN_POINT('',(0.117015041410923,0.0266188178211451,0.));
#3588=CARTESIAN_POINT('',(0.118765041410923,0.0266188178211451,0.));
#3589=CARTESIAN_POINT('',(0.129479542374611,-0.00968407839536667,-0.025));
#3590=CARTESIAN_POINT('',(0.129479542374611,-0.00968407839536667,0.));
#3591=CARTESIAN_POINT('',(0.131979542374611,-0.00968407839536667,0.));
#3592=CARTESIAN_POINT('',(0.,0.,0.));
#3593=CARTESIAN_POINT('',(0.129479542374611,-0.00968407839536667,0.));
#3594=CARTESIAN_POINT('',(0.131229542374611,-0.00968407839536667,0.));
#3595=CARTESIAN_POINT('',(0.0950071737170219,-0.0280640292912721,-0.025));
#3596=CARTESIAN_POINT('',(0.0950071737170219,-0.0280640292912721,0.));
#3597=CARTESIAN_POINT('',(0.0975071737170219,-0.0280640292912721,0.));
#3598=CARTESIAN_POINT('',(0.,0.,0.));
#3599=CARTESIAN_POINT('',(0.0950071737170219,-0.0280640292912721,0.));
#3600=CARTESIAN_POINT('',(0.0967571737170219,-0.0280640292912721,0.));
#3601=CARTESIAN_POINT('',(0.0150454323738814,-0.0308415684759617,-0.025));
#3602=CARTESIAN_POINT('',(0.0150454323738814,-0.0308415684759617,0.));
#3603=CARTESIAN_POINT('',(0.0175454323738813,-0.0308415684759617,0.));
#3604=CARTESIAN_POINT('',(0.,0.,0.));
#3605=CARTESIAN_POINT('',(0.0150454323738814,-0.0308415684759617,0.));
#3606=CARTESIAN_POINT('',(0.0167954323738814,-0.0308415684759617,0.));
#3607=CARTESIAN_POINT('',(-0.0367955130696297,-0.0311028511062264,-0.025));
#3608=CARTESIAN_POINT('',(-0.0367955130696297,-0.0311028511062264,0.));
#3609=CARTESIAN_POINT('',(-0.0342955130696296,-0.0311028511062264,0.));
#3610=CARTESIAN_POINT('',(0.,0.,0.));
#3611=CARTESIAN_POINT('',(-0.0367955130696297,-0.0311028511062264,0.));
#3612=CARTESIAN_POINT('',(-0.0350455130696296,-0.0311028511062264,0.));
#3613=CARTESIAN_POINT('',(-0.0367955130696297,-0.0311028511062264,-0.006));
#3614=CARTESIAN_POINT('',(-0.0367955130696297,-0.0311028511062264,-0.006));
#3615=CARTESIAN_POINT('',(-0.0350455130696296,-0.0311028511062264,-0.006));
#3616=CARTESIAN_POINT('',(0.00506745003730544,-0.00127727570127677,-0.006));
#3617=CARTESIAN_POINT('',(-0.0367955130696297,-0.0311028511062264,-0.006));
#3618=CARTESIAN_POINT('',(-0.0356955130696297,-0.0311028511062264,-0.006));
#3619=CARTESIAN_POINT('',(0.,1.62630325872825E-18,-0.0114790480583906));
#3620=CARTESIAN_POINT('',(-0.0367955130696297,-0.0311028511062264,-0.00948979641922616));
#3621=CARTESIAN_POINT('',(-0.0367955130696297,-0.0322028511062264,-0.00941944348612663));
#3622=CARTESIAN_POINT('',(-0.0367955130696297,-0.0311028511062264,-0.025));
#3623=CARTESIAN_POINT('',(0.0150454323738814,-0.0308415684759617,-0.006));
#3624=CARTESIAN_POINT('',(0.0150454323738814,-0.0308415684759617,-0.006));
#3625=CARTESIAN_POINT('',(0.0167954323738814,-0.0308415684759617,-0.006));
#3626=CARTESIAN_POINT('',(0.00506745003730544,-0.00127727570127677,-0.006));
#3627=CARTESIAN_POINT('',(0.0150454323738814,-0.0308415684759617,-0.006));
#3628=CARTESIAN_POINT('',(0.0161454323738814,-0.0308415684759617,-0.006));
#3629=CARTESIAN_POINT('',(0.,1.62630325872825E-18,-0.0114790480583906));
#3630=CARTESIAN_POINT('',(0.0150454323738814,-0.0308415684759617,-0.00950650732777805));
#3631=CARTESIAN_POINT('',(0.0150454323738814,-0.0319415684759617,-0.00943615439467852));
#3632=CARTESIAN_POINT('',(0.0150454323738814,-0.0308415684759617,-0.025));
#3633=CARTESIAN_POINT('',(0.0950071737170219,-0.0280640292912721,-0.006));
#3634=CARTESIAN_POINT('',(0.0950071737170219,-0.0280640292912721,-0.006));
#3635=CARTESIAN_POINT('',(0.0967571737170219,-0.0280640292912721,-0.006));
#3636=CARTESIAN_POINT('',(0.00506745003730544,-0.00127727570127677,-0.006));
#3637=CARTESIAN_POINT('',(0.0950071737170219,-0.0280640292912721,-0.006));
#3638=CARTESIAN_POINT('',(0.0961071737170219,-0.0280640292912721,-0.006));
#3639=CARTESIAN_POINT('',(0.,1.62630325872825E-18,-0.0114790480583906));
#3640=CARTESIAN_POINT('',(0.0950071737170219,-0.0280640292912721,-0.00968415098999785));
#3641=CARTESIAN_POINT('',(0.0950071737170219,-0.0291640292912722,-0.00961379805689832));
#3642=CARTESIAN_POINT('',(0.0950071737170219,-0.0280640292912721,-0.025));
#3643=CARTESIAN_POINT('',(0.129479542374611,-0.00968407839536667,-0.006));
#3644=CARTESIAN_POINT('',(0.129479542374611,-0.00968407839536667,-0.006));
#3645=CARTESIAN_POINT('',(0.131229542374611,-0.00968407839536667,-0.006));
#3646=CARTESIAN_POINT('',(0.00506745003730544,-0.00127727570127677,-0.006));
#3647=CARTESIAN_POINT('',(0.129479542374611,-0.00968407839536667,-0.006));
#3648=CARTESIAN_POINT('',(0.130579542374611,-0.00968407839536667,-0.006));
#3649=CARTESIAN_POINT('',(0.,1.62630325872825E-18,-0.0114790480583906));
#3650=CARTESIAN_POINT('',(0.129479542374611,-0.00968407839536667,-0.0108596814043181));
#3651=CARTESIAN_POINT('',(0.129479542374611,-0.0107840783953667,-0.0107893284712185));
#3652=CARTESIAN_POINT('',(0.129479542374611,-0.00968407839536667,-0.025));
#3653=CARTESIAN_POINT('',(0.117015041410923,0.0266188178211451,-0.006));
#3654=CARTESIAN_POINT('',(0.117015041410923,0.0266188178211451,-0.006));
#3655=CARTESIAN_POINT('',(0.118765041410923,0.0266188178211451,-0.006));
#3656=CARTESIAN_POINT('',(0.00506745003730544,-0.00127727570127677,-0.006));
#3657=CARTESIAN_POINT('',(0.117015041410923,0.0266188178211451,-0.006));
#3658=CARTESIAN_POINT('',(0.118115041410923,0.0266188178211451,-0.006));
#3659=CARTESIAN_POINT('',(0.,1.62630325872825E-18,-0.0114790480583906));
#3660=CARTESIAN_POINT('',(0.117015041410923,0.0266188178211451,-0.0131815134305356));
#3661=CARTESIAN_POINT('',(0.117015041410923,0.025518817821145,-0.0131111604974361));
#3662=CARTESIAN_POINT('',(0.117015041410923,0.0266188178211451,-0.025));
#3663=CARTESIAN_POINT('',(0.0856235399842262,0.0287944450974464,-0.006));
#3664=CARTESIAN_POINT('',(0.0856235399842262,0.0287944450974464,-0.006));
#3665=CARTESIAN_POINT('',(0.0873735399842262,0.0287944450974464,-0.006));
#3666=CARTESIAN_POINT('',(0.00506745003730544,-0.00127727570127677,-0.006));
#3667=CARTESIAN_POINT('',(0.0856235399842262,0.0287944450974464,-0.006));
#3668=CARTESIAN_POINT('',(0.0867235399842262,0.0287944450974464,-0.006));
#3669=CARTESIAN_POINT('',(0.,1.62630325872825E-18,-0.0114790480583906));
#3670=CARTESIAN_POINT('',(0.0856235399842262,0.0287944450974464,-0.0133206604852803));
#3671=CARTESIAN_POINT('',(0.0856235399842262,0.0276944450974464,-0.0132503075521808));
#3672=CARTESIAN_POINT('',(0.0856235399842262,0.0287944450974464,-0.025));
#3673=CARTESIAN_POINT('',(0.0384206473583342,0.0284308120640497,-0.006));
#3674=CARTESIAN_POINT('',(0.0384206473583342,0.0284308120640497,-0.006));
#3675=CARTESIAN_POINT('',(0.0401706473583342,0.0284308120640497,-0.006));
#3676=CARTESIAN_POINT('',(0.00506745003730544,-0.00127727570127677,-0.006));
#3677=CARTESIAN_POINT('',(0.0384206473583342,0.0284308120640497,-0.006));
#3678=CARTESIAN_POINT('',(0.0395206473583342,0.0284308120640497,-0.006));
#3679=CARTESIAN_POINT('',(0.,1.62630325872825E-18,-0.0114790480583906));
#3680=CARTESIAN_POINT('',(0.0384206473583342,0.0284308120640497,-0.0132974035303063));
#3681=CARTESIAN_POINT('',(0.0384206473583342,0.0273308120640497,-0.0132270505972068));
#3682=CARTESIAN_POINT('',(0.0384206473583342,0.0284308120640497,-0.025));
#3683=CARTESIAN_POINT('',(-0.00870273727923632,0.0287913922220469,-0.006));
#3684=CARTESIAN_POINT('',(-0.00870273727923632,0.0287913922220469,-0.006));
#3685=CARTESIAN_POINT('',(-0.00695273727923632,0.0287913922220469,-0.006));
#3686=CARTESIAN_POINT('',(0.00506745003730544,-0.00127727570127677,-0.006));
#3687=CARTESIAN_POINT('',(-0.00870273727923632,0.0287913922220469,-0.006));
#3688=CARTESIAN_POINT('',(-0.00760273727923632,0.0287913922220469,-0.006));
#3689=CARTESIAN_POINT('',(0.,1.62630325872825E-18,-0.0114790480583906));
#3690=CARTESIAN_POINT('',(-0.00870273727923632,0.0287913922220469,-0.0133204652318814));
#3691=CARTESIAN_POINT('',(-0.00870273727923632,0.0276913922220469,-0.0132501122987819));
#3692=CARTESIAN_POINT('',(-0.00870273727923632,0.0287913922220469,-0.025));
#3693=CARTESIAN_POINT('',(-0.0571752423,0.0281004035,-0.006));
#3694=CARTESIAN_POINT('',(-0.0571752423,0.0281004035,-0.006));
#3695=CARTESIAN_POINT('',(-0.0554252423,0.0281004035,-0.006));
#3696=CARTESIAN_POINT('',(0.00506745003730544,-0.00127727570127677,-0.006));
#3697=CARTESIAN_POINT('',(-0.0571752423,0.0281004035,-0.006));
#3698=CARTESIAN_POINT('',(-0.0560752423,0.0281004035,-0.006));
#3699=CARTESIAN_POINT('',(0.,1.62630325872825E-18,-0.0114790480583906));
#3700=CARTESIAN_POINT('',(-0.0571752423,0.0281004035,-0.013276271519759));
#3701=CARTESIAN_POINT('',(-0.0571752423,0.0270004035,-0.0132059185866595));
#3702=CARTESIAN_POINT('',(-0.0571752423,0.0281004035,-0.025));
#3703=CARTESIAN_POINT('',(-0.0336503013968468,0.00928047858178616,-0.006));
#3704=CARTESIAN_POINT('',(-0.0336503013968468,0.00928047858178616,-0.006));
#3705=CARTESIAN_POINT('',(-0.0319003013968467,0.00928047858178616,-0.006));
#3706=CARTESIAN_POINT('',(0.00506745003730544,-0.00127727570127677,-0.006));
#3707=CARTESIAN_POINT('',(-0.0336503013968468,0.00928047858178616,-0.006));
#3708=CARTESIAN_POINT('',(-0.0325503013968468,0.00928047858178616,-0.006));
#3709=CARTESIAN_POINT('',(0.,1.62630325872825E-18,-0.0114790480583906));
#3710=CARTESIAN_POINT('',(-0.0336503013968468,0.00928047858178616,-0.0120726015936597));
#3711=CARTESIAN_POINT('',(-0.0336503013968468,0.00818047858178616,-0.0120022486605602));
#3712=CARTESIAN_POINT('',(-0.0336503013968468,0.00928047858178616,-0.025));
#3713=CARTESIAN_POINT('',(-0.0714381923,-0.0087987965,-0.006));
#3714=CARTESIAN_POINT('',(-0.0714381923,-0.0087987965,-0.006));
#3715=CARTESIAN_POINT('',(-0.0696881923,-0.0087987965,-0.006));
#3716=CARTESIAN_POINT('',(0.00506745003730544,-0.00127727570127677,-0.006));
#3717=CARTESIAN_POINT('',(-0.0714381923,-0.0087987965,-0.006));
#3718=CARTESIAN_POINT('',(-0.0703381923,-0.0087987965,-0.006));
#3719=CARTESIAN_POINT('',(0.,1.62630325872825E-18,-0.0114790480583906));
#3720=CARTESIAN_POINT('',(-0.0714381923,-0.0087987965,-0.0109163015660989));
#3721=CARTESIAN_POINT('',(-0.0714381923,-0.0098987965,-0.0108459486329994));
#3722=CARTESIAN_POINT('',(-0.0714381923,-0.0087987965,-0.025));
#3723=CARTESIAN_POINT('',(-0.1163891423,0.0257508035,-0.006));
#3724=CARTESIAN_POINT('',(-0.1163891423,0.0257508035,-0.006));
#3725=CARTESIAN_POINT('',(-0.1146391423,0.0257508035,-0.006));
#3726=CARTESIAN_POINT('',(0.00506745003730544,-0.00127727570127677,-0.006));
#3727=CARTESIAN_POINT('',(-0.1163891423,0.0257508035,-0.006));
#3728=CARTESIAN_POINT('',(-0.1152891423,0.0257508035,-0.006));
#3729=CARTESIAN_POINT('',(0.,1.62630325872825E-18,-0.0114790480583906));
#3730=CARTESIAN_POINT('',(-0.1163891423,0.0257508035,-0.0131259976546584));
#3731=CARTESIAN_POINT('',(-0.1163891423,0.0246508035,-0.0130556447215589));
#3732=CARTESIAN_POINT('',(-0.1163891423,0.0257508035,-0.025));
#3733=CARTESIAN_POINT('',(0.0616259577,0.00901058905184269,-0.006));
#3734=CARTESIAN_POINT('',(0.0616259577,0.00901058905184269,-0.006));
#3735=CARTESIAN_POINT('',(0.0633759577,0.00901058905184269,-0.006));
#3736=CARTESIAN_POINT('',(0.00506745003730544,-0.00127727570127677,-0.006));
#3737=CARTESIAN_POINT('',(0.0616259577,0.00901058905184269,-0.006));
#3738=CARTESIAN_POINT('',(0.0627259577,0.00901058905184269,-0.006));
#3739=CARTESIAN_POINT('',(0.,1.62630325872825E-18,-0.0114790480583906));
#3740=CARTESIAN_POINT('',(0.0616259577,0.00901058905184269,-0.0120553402118012));
#3741=CARTESIAN_POINT('',(0.0616259577,0.00791058905184269,-0.0119849872787016));
#3742=CARTESIAN_POINT('',(0.0616259577,0.00901058905184269,-0.025));
#3743=CARTESIAN_POINT('',(0.0239721694082022,1.07156594925393E-19,-0.006));
#3744=CARTESIAN_POINT('',(0.0239721694082022,1.07156594925393E-19,-0.006));
#3745=CARTESIAN_POINT('',(0.0257221694082022,-7.22223729145213E-35,-0.006));
#3746=CARTESIAN_POINT('',(0.00506745003730544,-0.00127727570127677,-0.006));
#3747=CARTESIAN_POINT('',(0.0239721694082022,6.73555739531044E-20,-0.006));
#3748=CARTESIAN_POINT('',(0.0250721694082022,-7.22223729145213E-35,-0.006));
#3749=CARTESIAN_POINT('',(0.,1.62630325872825E-18,-0.0114790480583906));
#3750=CARTESIAN_POINT('',(0.0239721694082022,-1.20370621524202E-35,-0.0114790480583906));
#3751=CARTESIAN_POINT('',(0.0239721694082022,-0.0011,-0.0114086951252911));
#3752=CARTESIAN_POINT('',(0.0239721694082022,-1.20370621524202E-35,-0.025));
#3753=CARTESIAN_POINT('',(-0.1193446423,-0.0313489965,-0.006));
#3754=CARTESIAN_POINT('',(-0.1193446423,-0.0313489965,-0.006));
#3755=CARTESIAN_POINT('',(-0.1175946423,-0.0313489965,-0.006));
#3756=CARTESIAN_POINT('',(0.00506745003730544,-0.00127727570127677,-0.006));
#3757=CARTESIAN_POINT('',(-0.1193446423,-0.0313489965,-0.006));
#3758=CARTESIAN_POINT('',(-0.1182446423,-0.0313489965,-0.006));
#3759=CARTESIAN_POINT('',(0.,1.62630325872825E-18,-0.0114790480583906));
#3760=CARTESIAN_POINT('',(-0.1193446423,-0.0313489965,-0.00947405364611624));
#3761=CARTESIAN_POINT('',(-0.1193446423,-0.0324489965,-0.00940370071301671));
#3762=CARTESIAN_POINT('',(-0.1193446423,-0.0313489965,-0.025));
#3763=CARTESIAN_POINT('',(-0.1216749577,0.00283322947227881,-0.00835639886055559));
#3764=CARTESIAN_POINT('',(-0.1216749577,0.0392669188901381,-0.0139065730392933));
#3765=CARTESIAN_POINT('',(-0.140028698129708,0.0506249035,-0.0135308592558096));
#3766=CARTESIAN_POINT('',(-0.140028698129708,0.0506249035,-0.0122065730392933));
#3767=CARTESIAN_POINT('',(-0.140039128043767,0.0506249035,-0.0135308592558096));
#3768=CARTESIAN_POINT('',(-0.140039128043767,0.0506249035,-0.0122065730392933));
#3769=CARTESIAN_POINT('',(-0.140049557957825,0.0506249035,-0.0135308592558096));
#3770=CARTESIAN_POINT('',(-0.140049557957825,0.0506249035,-0.0122065730392933));
#3771=CARTESIAN_POINT('',(-0.140059987871883,0.0506249035,-0.0135308592558096));
#3772=CARTESIAN_POINT('',(-0.140059987871883,0.0506249035,-0.0122065730392933));
#3773=CARTESIAN_POINT('',(-0.140070417785942,0.0506249035,-0.0135308592558096));
#3774=CARTESIAN_POINT('',(-0.140070417785942,0.0506249035,-0.0122065730392933));
#3775=CARTESIAN_POINT('',(-0.1400808477,0.0506249035,-0.0135308592558096));
#3776=CARTESIAN_POINT('',(-0.1400808477,0.0506249035,-0.0122065730392933));
#3777=CARTESIAN_POINT('',(-0.1409499642,0.0506249035,-0.0135308592558096));
#3778=CARTESIAN_POINT('',(-0.1409499642,0.0506249035,-0.0122065730392933));
#3779=CARTESIAN_POINT('',(-0.1418190807,0.0506249035,-0.0135308592558096));
#3780=CARTESIAN_POINT('',(-0.1418190807,0.0506249035,-0.0122065730392933));
#3781=CARTESIAN_POINT('',(-0.1439435877,0.0500454925,-0.0135308592558096));
#3782=CARTESIAN_POINT('',(-0.1439435877,0.0500454925,-0.0122065730392933));
#3783=CARTESIAN_POINT('',(-0.1452955467,0.0486935335,-0.0135308592558096));
#3784=CARTESIAN_POINT('',(-0.1452955467,0.0486935335,-0.0122065730392933));
#3785=CARTESIAN_POINT('',(-0.1458749577,0.0465690265,-0.0135308592558096));
#3786=CARTESIAN_POINT('',(-0.1458749577,0.0465690265,-0.0122065730392933));
#3787=CARTESIAN_POINT('',(-0.1458749577,0.04569991,-0.0135308592558096));
#3788=CARTESIAN_POINT('',(-0.1458749577,0.04569991,-0.0122065730392933));
#3789=CARTESIAN_POINT('',(-0.1458749577,0.0448307935,-0.0135308592558096));
#3790=CARTESIAN_POINT('',(-0.1458749577,0.0448307935,-0.0122065730392933));
#3791=CARTESIAN_POINT('',(-0.1458749577,0.0448203635859416,-0.0135308592558096));
#3792=CARTESIAN_POINT('',(-0.1458749577,0.0448203635859416,-0.0122065730392933));
#3793=CARTESIAN_POINT('',(-0.1458749577,0.0448099336718833,-0.0135308592558096));
#3794=CARTESIAN_POINT('',(-0.1458749577,0.0448099336718833,-0.0122065730392933));
#3795=CARTESIAN_POINT('',(-0.1458749577,0.0447995037578249,-0.0135308592558096));
#3796=CARTESIAN_POINT('',(-0.1458749577,0.0447995037578249,-0.0122065730392933));
#3797=CARTESIAN_POINT('',(-0.1458749577,0.0447890738437666,-0.0135308592558096));
#3798=CARTESIAN_POINT('',(-0.1458749577,0.0447890738437666,-0.0122065730392933));
#3799=CARTESIAN_POINT('',(-0.1458749577,0.0447786439297082,-0.0135308592558096));
#3800=CARTESIAN_POINT('',(-0.1458749577,0.0447786439297082,-0.0122065730392933));
#3801=CARTESIAN_POINT('',(-0.1400808477,0.0506249035,-0.0135229609284745));
#3802=CARTESIAN_POINT('',(-0.140415718797563,0.0506249035,-0.0135229609284745));
#3803=CARTESIAN_POINT('',(-0.14088495766538,0.0506194135291751,-0.0135223505188615));
#3804=CARTESIAN_POINT('',(-0.14137979529059,0.0505682826679109,-0.0135206217150811));
#3805=CARTESIAN_POINT('',(-0.141650653875644,0.0505273700036575,-0.0135192844301792));
#3806=CARTESIAN_POINT('',(-0.142007834512522,0.0504625206987989,-0.013517253182085));
#3807=CARTESIAN_POINT('',(-0.142710846906787,0.0502935636214321,-0.0135109427211594));
#3808=CARTESIAN_POINT('',(-0.143565333211901,0.0498607094309447,-0.0135002116527793));
#3809=CARTESIAN_POINT('',(-0.144060317572188,0.0495141355445161,-0.0134928401635085));
#3810=CARTESIAN_POINT('',(-0.144565887097561,0.0490632694151684,-0.0134844306432021));
#3811=CARTESIAN_POINT('',(-0.144914491471552,0.0486172748714968,-0.0134758088865491));
#3812=CARTESIAN_POINT('',(-0.145167253158367,0.0481915305240766,-0.0134658745438411));
#3813=CARTESIAN_POINT('',(-0.145287314459347,0.0479578765668205,-0.0134600009608594));
#3814=CARTESIAN_POINT('',(-0.145378426510628,0.047759560224736,-0.0134546688649012));
#3815=CARTESIAN_POINT('',(-0.145423047282798,0.0476531726675887,-0.0134516759447912));
#3816=CARTESIAN_POINT('',(-0.145496712689943,0.0474682839156531,-0.0134464129998636));
#3817=CARTESIAN_POINT('',(-0.145579169675947,0.047231653064128,-0.0134394297778248));
#3818=CARTESIAN_POINT('',(-0.145669248333809,0.0469229822429316,-0.0134299809002311));
#3819=CARTESIAN_POINT('',(-0.145773940758795,0.046458766493194,-0.0134152012375863));
#3820=CARTESIAN_POINT('',(-0.14583660985886,0.0459996063940375,-0.0133993599325834));
#3821=CARTESIAN_POINT('',(-0.145878851622343,0.0453546250292488,-0.0133737101597964));
#3822=CARTESIAN_POINT('',(-0.1458749577,0.0450112127763975,-0.0133557965601529));
#3823=CARTESIAN_POINT('',(-0.1458749577,0.0448307935,-0.0133442574431084));
#3824=CARTESIAN_POINT('',(-0.1216749577,0.0392669188901381,-0.0139065730392933));
#3825=CARTESIAN_POINT('',(-0.1216749577,0.0392669188901381,-0.0139065730392933));
#3826=CARTESIAN_POINT('',(-0.1216749577,0.0214089342802763,-0.0139065730392933));
#3827=CARTESIAN_POINT('',(-0.1216749577,0.0214089342802763,-0.0139065730392933));
#3828=CARTESIAN_POINT('',(-0.1216749577,0.0214089342802763,-0.0139065730392933));
#3829=CARTESIAN_POINT('',(-0.1216749577,0.0214089342802763,-0.0139065730392933));
#3830=CARTESIAN_POINT('',(-0.1216749577,0.0392669188901381,-0.0139065730392933));
#3831=CARTESIAN_POINT('',(-0.12947,0.0256249035,-0.00965));
#3832=CARTESIAN_POINT('',(-0.12947,0.0256249035,-0.00735000000000008));
#3833=CARTESIAN_POINT('',(-0.12947,0.0491249035,-0.00735000000000008));
#3834=CARTESIAN_POINT('',(-0.12947,0.0491249035,-0.00735));
#3835=CARTESIAN_POINT('',(-0.128867861408062,0.0491249035,-0.00735));
#3836=CARTESIAN_POINT('',(-0.127668378102511,0.0491249035,-0.0078483781025109));
#3837=CARTESIAN_POINT('',(-0.12717,0.0491249035,-0.00904786140806195));
#3838=CARTESIAN_POINT('',(-0.12717,0.0491249035,-0.00965));
#3839=CARTESIAN_POINT('',(-0.12717,0.0491249035,-0.00965));
#3840=CARTESIAN_POINT('',(-0.12717,0.0256249035,-0.00965));
#3841=CARTESIAN_POINT('',(-0.12717,0.0256249035,-0.010005));
#3842=CARTESIAN_POINT('',(-0.12717,0.0491249035,-0.00965));
#3843=CARTESIAN_POINT('',(-0.12717,0.0491249035,-0.00988666666666667));
#3844=CARTESIAN_POINT('',(-0.12717,0.0491249035,-0.0101233333333333));
#3845=CARTESIAN_POINT('',(-0.12717,0.0491249035,-0.01036));
#3846=CARTESIAN_POINT('',(-0.12717,0.0491249035,-0.01036));
#3847=CARTESIAN_POINT('',(-0.12717,0.0256249035,-0.01036));
#3848=CARTESIAN_POINT('',(-0.12947,0.0256249035,-0.01036));
#3849=CARTESIAN_POINT('',(-0.12717,0.0491249035,-0.01036));
#3850=CARTESIAN_POINT('',(-0.12717,0.0491249035,-0.010962138591938));
#3851=CARTESIAN_POINT('',(-0.127668378102511,0.0491249035,-0.0121616218974891));
#3852=CARTESIAN_POINT('',(-0.128867861408062,0.0491249035,-0.01266));
#3853=CARTESIAN_POINT('',(-0.12947,0.0491249035,-0.01266));
#3854=CARTESIAN_POINT('',(-0.12947,0.0491249035,-0.01266));
#3855=CARTESIAN_POINT('',(-0.12947,0.0256249035,-0.01266));
#3856=CARTESIAN_POINT('',(-0.13123,0.0256249035,-0.01266));
#3857=CARTESIAN_POINT('',(-0.12947,0.0491249035,-0.01266));
#3858=CARTESIAN_POINT('',(-0.131583333333333,0.0491249035,-0.01266));
#3859=CARTESIAN_POINT('',(-0.133696666666667,0.0491249035,-0.01266));
#3860=CARTESIAN_POINT('',(-0.13581,0.0491249035,-0.01266));
#3861=CARTESIAN_POINT('',(-0.13581,0.0491249035,-0.01266));
#3862=CARTESIAN_POINT('',(-0.13581,0.0256249035,-0.01266));
#3863=CARTESIAN_POINT('',(-0.13581,0.0256249035,-0.01036));
#3864=CARTESIAN_POINT('',(-0.13581,0.0491249035,-0.01266));
#3865=CARTESIAN_POINT('',(-0.136412138591938,0.0491249035,-0.01266));
#3866=CARTESIAN_POINT('',(-0.137611621897489,0.0491249035,-0.0121616218974891));
#3867=CARTESIAN_POINT('',(-0.13811,0.0491249035,-0.010962138591938));
#3868=CARTESIAN_POINT('',(-0.13811,0.0491249035,-0.01036));
#3869=CARTESIAN_POINT('',(-0.13811,0.0491249035,-0.01036));
#3870=CARTESIAN_POINT('',(-0.13811,0.0256249035,-0.01036));
#3871=CARTESIAN_POINT('',(-0.13811,0.0256249035,-0.010005));
#3872=CARTESIAN_POINT('',(-0.13811,0.0491249035,-0.01036));
#3873=CARTESIAN_POINT('',(-0.13811,0.0491249035,-0.0101233333333333));
#3874=CARTESIAN_POINT('',(-0.13811,0.0491249035,-0.00988666666666667));
#3875=CARTESIAN_POINT('',(-0.13811,0.0491249035,-0.00965));
#3876=CARTESIAN_POINT('',(-0.13811,0.0491249035,-0.00965));
#3877=CARTESIAN_POINT('',(-0.13811,0.0256249035,-0.00965));
#3878=CARTESIAN_POINT('',(-0.13581,0.0256249035,-0.00965));
#3879=CARTESIAN_POINT('',(-0.13811,0.0491249035,-0.00965000000000005));
#3880=CARTESIAN_POINT('',(-0.13811,0.0491249035,-0.009047861408062));
#3881=CARTESIAN_POINT('',(-0.137611621897489,0.0491249035,-0.00784837810251094));
#3882=CARTESIAN_POINT('',(-0.136412138591938,0.0491249035,-0.00735000000000003));
#3883=CARTESIAN_POINT('',(-0.13581,0.0491249035,-0.00735000000000003));
#3884=CARTESIAN_POINT('',(-0.13581,0.0491249035,-0.00735000000000008));
#3885=CARTESIAN_POINT('',(-0.13581,0.0256249035,-0.00735000000000008));
#3886=CARTESIAN_POINT('',(-0.13264,0.0256249035,-0.00735000000000008));
#3887=CARTESIAN_POINT('',(-0.13581,0.0491249035,-0.00735000000000008));
#3888=CARTESIAN_POINT('',(-0.133696666666667,0.0491249035,-0.00735000000000008));
#3889=CARTESIAN_POINT('',(-0.131583333333333,0.0491249035,-0.00735000000000008));
#3890=CARTESIAN_POINT('',(-0.12947,0.0491249035,-0.00735000000000008));
#3891=CARTESIAN_POINT('',(-0.13961,0.0506249035,-0.01036));
#3892=CARTESIAN_POINT('',(-0.139610000000014,0.0506249035,-0.0113548376965996));
#3893=CARTESIAN_POINT('',(-0.138786592688712,0.0506249035,-0.0133365926887211));
#3894=CARTESIAN_POINT('',(-0.136804837696597,0.0506249035,-0.014159999999994));
#3895=CARTESIAN_POINT('',(-0.13581,0.0506249035,-0.01416));
#3896=CARTESIAN_POINT('',(-0.13951625,0.0506249035,-0.01036));
#3897=CARTESIAN_POINT('',(-0.139516250000008,0.0506249035,-0.0113302940034273));
#3898=CARTESIAN_POINT('',(-0.138713157013825,0.0506249035,-0.0132631570138348));
#3899=CARTESIAN_POINT('',(-0.136780294003433,0.0506249035,-0.014066249999994));
#3900=CARTESIAN_POINT('',(-0.13581,0.0506249035,-0.01406625));
#3901=CARTESIAN_POINT('',(-0.139421686197917,0.0506243338385417,-0.01036));
#3902=CARTESIAN_POINT('',(-0.139421686197919,0.0506243338385416,-0.0113055372573629));
#3903=CARTESIAN_POINT('',(-0.138639083876482,0.0506243338385417,-0.0131890838764928));
#3904=CARTESIAN_POINT('',(-0.136755537257377,0.0506243338385417,-0.0139716861979108));
#3905=CARTESIAN_POINT('',(-0.13581,0.0506243338385417,-0.0139716861979167));
#3906=CARTESIAN_POINT('',(-0.139225559895833,0.0506056977708333,-0.01036));
#3907=CARTESIAN_POINT('',(-0.139225559895829,0.050605697770833,-0.0112541915103609));
#3908=CARTESIAN_POINT('',(-0.13848545542468,0.0506056977708335,-0.0130354554246908));
#3909=CARTESIAN_POINT('',(-0.136704191510381,0.0506056977708333,-0.0137755598958282));
#3910=CARTESIAN_POINT('',(-0.13581,0.0506056977708333,-0.0137755598958333));
#3911=CARTESIAN_POINT('',(-0.139124322916667,0.050587794125,-0.01036));
#3912=CARTESIAN_POINT('',(-0.139124322916661,0.0505877941249995,-0.0112276877305803));
#3913=CARTESIAN_POINT('',(-0.138406155095204,0.0505877941250003,-0.0129561550952129));
#3914=CARTESIAN_POINT('',(-0.136677687730599,0.050587794125,-0.0136743229166622));
#3915=CARTESIAN_POINT('',(-0.13581,0.050587794125,-0.0136743229166667));
#3916=CARTESIAN_POINT('',(-0.138923802083333,0.050529200375,-0.01036));
#3917=CARTESIAN_POINT('',(-0.13892380208333,0.0505292003749993,-0.0111751914979597));
#3918=CARTESIAN_POINT('',(-0.138249084346144,0.0505292003750003,-0.0127990843461507));
#3919=CARTESIAN_POINT('',(-0.136625191497973,0.050529200375,-0.0134738020833303));
#3920=CARTESIAN_POINT('',(-0.13581,0.050529200375,-0.0134738020833333));
#3921=CARTESIAN_POINT('',(-0.13882484375,0.05048867303125,-0.01036));
#3922=CARTESIAN_POINT('',(-0.13882484375,0.0504886730312493,-0.0111492842662768));
#3923=CARTESIAN_POINT('',(-0.138171568911543,0.0504886730312503,-0.0127215689115486));
#3924=CARTESIAN_POINT('',(-0.136599284266285,0.05048867303125,-0.0133748437499978));
#3925=CARTESIAN_POINT('',(-0.13581,0.05048867303125,-0.01337484375));
#3926=CARTESIAN_POINT('',(-0.13864173828125,0.050385401546875,-0.01036));
#3927=CARTESIAN_POINT('',(-0.138641738281258,0.0503854015468753,-0.011101347365548));
#3928=CARTESIAN_POINT('',(-0.13802813985903,0.0503854015468749,-0.0125781398590365));
#3929=CARTESIAN_POINT('',(-0.136551347365551,0.050385401546875,-0.013191738281249));
#3930=CARTESIAN_POINT('',(-0.13581,0.050385401546875,-0.01319173828125));
#3931=CARTESIAN_POINT('',(-0.138557916666667,0.0503228201666667,-0.01036));
#3932=CARTESIAN_POINT('',(-0.13855791666668,0.0503228201666678,-0.011079402917659));
#3933=CARTESIAN_POINT('',(-0.137962481226101,0.0503228201666661,-0.0125124812261087));
#3934=CARTESIAN_POINT('',(-0.136529402917661,0.0503228201666667,-0.013107916666666));
#3935=CARTESIAN_POINT('',(-0.13581,0.0503228201666667,-0.0131079166666667));
#3936=CARTESIAN_POINT('',(-0.138412083333333,0.0501769868333333,-0.01036));
#3937=CARTESIAN_POINT('',(-0.138412083333355,0.0501769868333374,-0.0110412238393907));
#3938=CARTESIAN_POINT('',(-0.13784824795405,0.0501769868333313,-0.0123982479540634));
#3939=CARTESIAN_POINT('',(-0.136491223839395,0.0501769868333333,-0.0129620833333329));
#3940=CARTESIAN_POINT('',(-0.13581,0.0501769868333333,-0.0129620833333333));
#3941=CARTESIAN_POINT('',(-0.138349501953125,0.05009316521875,-0.01036));
#3942=CARTESIAN_POINT('',(-0.13834950195315,0.0500931652187561,-0.0110248400719867));
#3943=CARTESIAN_POINT('',(-0.137799227091212,0.050093165218747,-0.0123492270912269));
#3944=CARTESIAN_POINT('',(-0.136474840071992,0.05009316521875,-0.0128995019531244));
#3945=CARTESIAN_POINT('',(-0.13581,0.05009316521875,-0.012899501953125));
#3946=CARTESIAN_POINT('',(-0.13824623046875,0.04991005975,-0.01036));
#3947=CARTESIAN_POINT('',(-0.138246230468779,0.0499100597500102,-0.0109978036599769));
#3948=CARTESIAN_POINT('',(-0.137718333105592,0.0499100597499949,-0.01226833310561));
#3949=CARTESIAN_POINT('',(-0.136447803659982,0.04991005975,-0.0127962304687491));
#3950=CARTESIAN_POINT('',(-0.13581,0.04991005975,-0.01279623046875));
#3951=CARTESIAN_POINT('',(-0.138205703125,0.0498111014166667,-0.01036));
#3952=CARTESIAN_POINT('',(-0.13820570312503,0.0498111014166788,-0.0109871936259496));
#3953=CARTESIAN_POINT('',(-0.137686587475303,0.0498111014166605,-0.0122365874753205));
#3954=CARTESIAN_POINT('',(-0.136437193625953,0.0498111014166667,-0.0127557031249989));
#3955=CARTESIAN_POINT('',(-0.13581,0.0498111014166667,-0.012755703125));
#3956=CARTESIAN_POINT('',(-0.138147109375,0.0496105805833333,-0.01036));
#3957=CARTESIAN_POINT('',(-0.138147109375028,0.0496105805833469,-0.0109718538177172));
#3958=CARTESIAN_POINT('',(-0.137640690178502,0.0496105805833265,-0.0121906901785165));
#3959=CARTESIAN_POINT('',(-0.136421853817717,0.0496105805833333,-0.0126971093749987));
#3960=CARTESIAN_POINT('',(-0.13581,0.0496105805833333,-0.012697109375));
#3961=CARTESIAN_POINT('',(-0.138129205729167,0.0495093436041667,-0.01036));
#3962=CARTESIAN_POINT('',(-0.138129205729193,0.0495093436041797,-0.0109671666540907));
#3963=CARTESIAN_POINT('',(-0.137626666004481,0.0495093436041601,-0.012176666004493));
#3964=CARTESIAN_POINT('',(-0.136417166654088,0.0495093436041667,-0.0126792057291653));
#3965=CARTESIAN_POINT('',(-0.13581,0.0495093436041667,-0.0126792057291667));
#3966=CARTESIAN_POINT('',(-0.138110569661458,0.0493132173020833,-0.01036));
#3967=CARTESIAN_POINT('',(-0.138110569661476,0.0493132173020918,-0.0109622877428612));
#3968=CARTESIAN_POINT('',(-0.137612068114253,0.0493132173020791,-0.0121620681142593));
#3969=CARTESIAN_POINT('',(-0.136412287742856,0.0493132173020833,-0.0126605696614573));
#3970=CARTESIAN_POINT('',(-0.13581,0.0493132173020833,-0.0126605696614583));
#3971=CARTESIAN_POINT('',(-0.13811,0.0492186535,-0.01036));
#3972=CARTESIAN_POINT('',(-0.138110000000012,0.0492186535000043,-0.0109621386058367));
#3973=CARTESIAN_POINT('',(-0.137611621890537,0.0492186534999978,-0.0121616218905402));
#3974=CARTESIAN_POINT('',(-0.136412138605831,0.0492186535,-0.0126599999999993));
#3975=CARTESIAN_POINT('',(-0.13581,0.0492186535,-0.01266));
#3976=CARTESIAN_POINT('',(-0.13811,0.0491249035,-0.01036));
#3977=CARTESIAN_POINT('',(-0.13811,0.0491249035,-0.0109621386058367));
#3978=CARTESIAN_POINT('',(-0.137611621890543,0.0491249035,-0.0121616218905399));
#3979=CARTESIAN_POINT('',(-0.136412138605831,0.0491249035,-0.01266));
#3980=CARTESIAN_POINT('',(-0.13581,0.0491249035,-0.01266));
#3981=CARTESIAN_POINT('',(-0.13581,0.0506186831103768,-0.0139177141562011));
#3982=CARTESIAN_POINT('',(-0.13581,0.0505937780488108,-0.0135701808754665));
#3983=CARTESIAN_POINT('',(-0.13581,0.0503670684284364,-0.0129879981005064));
#3984=CARTESIAN_POINT('',(-0.13581,0.0496445381986037,-0.0126731645966866));
#3985=CARTESIAN_POINT('',(-0.13581,0.0492924939633517,-0.01266));
#3986=CARTESIAN_POINT('',(-0.13581,0.0491249035,-0.01266));
#3987=CARTESIAN_POINT('',(-0.13581,0.0506186831119089,-0.0139177141775798));
#3988=CARTESIAN_POINT('',(-0.137913009427907,0.0506249034999999,-0.0135221829167919));
#3989=CARTESIAN_POINT('',(-0.137910605683314,0.0506249035,-0.0135237669945459));
#3990=CARTESIAN_POINT('',(-0.137892092981768,0.0506249059321991,-0.0135312693262974));
#3991=CARTESIAN_POINT('',(-0.137765510766937,0.0506248931856993,-0.013575244427525));
#3992=CARTESIAN_POINT('',(-0.137713207965884,0.0506248671832492,-0.0135928241291672));
#3993=CARTESIAN_POINT('',(-0.13761799292873,0.0506248006891889,-0.0136241986135481));
#3994=CARTESIAN_POINT('',(-0.137509353533555,0.0506246511212434,-0.0136581698346086));
#3995=CARTESIAN_POINT('',(-0.137332802779064,0.0506242515798205,-0.0137099589840723));
#3996=CARTESIAN_POINT('',(-0.137117515261029,0.0506234532194482,-0.0137659815541993));
#3997=CARTESIAN_POINT('',(-0.136789998153262,0.0506218403407502,-0.013836870495991));
#3998=CARTESIAN_POINT('',(-0.136343231592626,0.0506194734546549,-0.0139013989970562));
#3999=CARTESIAN_POINT('',(-0.135989544388249,0.0506186847201075,-0.013917703293824));
#4000=CARTESIAN_POINT('',(-0.13581,0.0506186836781527,-0.0139177265008058));
#4001=CARTESIAN_POINT('',(-0.13811,0.0491249035,-0.01036));
#4002=CARTESIAN_POINT('',(-0.13811,0.0493124035,-0.01036));
#4003=CARTESIAN_POINT('',(-0.13812953125,0.04971474725,-0.01036));
#4004=CARTESIAN_POINT('',(-0.138440078125,0.050294825375,-0.01036));
#4005=CARTESIAN_POINT('',(-0.13902015625,0.05060537225,-0.01036));
#4006=CARTESIAN_POINT('',(-0.1394225,0.0506249035,-0.01036));
#4007=CARTESIAN_POINT('',(-0.13961,0.0506249035,-0.01036));
#4008=CARTESIAN_POINT('',(-0.13811,0.0491249035,-0.01036));
#4009=CARTESIAN_POINT('',(-0.13811,0.0491249035,-0.00965));
#4010=CARTESIAN_POINT('',(-0.13811,0.0493499035,-0.01036));
#4011=CARTESIAN_POINT('',(-0.13811,0.0493499035,-0.00965));
#4012=CARTESIAN_POINT('',(-0.13811,0.0495749035,-0.01036));
#4013=CARTESIAN_POINT('',(-0.13811,0.0495749035,-0.00965));
#4014=CARTESIAN_POINT('',(-0.13826,0.0501249035,-0.01036));
#4015=CARTESIAN_POINT('',(-0.13826,0.0501249035,-0.00965));
#4016=CARTESIAN_POINT('',(-0.13861,0.0504749035,-0.01036));
#4017=CARTESIAN_POINT('',(-0.13861,0.0504749035,-0.00965));
#4018=CARTESIAN_POINT('',(-0.13916,0.0506249035,-0.01036));
#4019=CARTESIAN_POINT('',(-0.13916,0.0506249035,-0.00965));
#4020=CARTESIAN_POINT('',(-0.139385,0.0506249035,-0.01036));
#4021=CARTESIAN_POINT('',(-0.139385,0.0506249035,-0.00965));
#4022=CARTESIAN_POINT('',(-0.13961,0.0506249035,-0.01036));
#4023=CARTESIAN_POINT('',(-0.13961,0.0506249035,-0.00965));
#4024=CARTESIAN_POINT('',(-0.13961,0.0506249035,-0.00965000000000012));
#4025=CARTESIAN_POINT('',(-0.1394225,0.0506249035,-0.00965000000000011));
#4026=CARTESIAN_POINT('',(-0.13902015625,0.05060537225,-0.00965000000000009));
#4027=CARTESIAN_POINT('',(-0.138440078125,0.050294825375,-0.00965000000000006));
#4028=CARTESIAN_POINT('',(-0.13812953125,0.04971474725,-0.00965000000000003));
#4029=CARTESIAN_POINT('',(-0.13811,0.0493124035,-0.00965000000000001));
#4030=CARTESIAN_POINT('',(-0.13811,0.0491249035,-0.00965));
#4031=CARTESIAN_POINT('',(-0.12947,0.0491249035,-0.01266));
#4032=CARTESIAN_POINT('',(-0.13581,0.0491249035,-0.01266));
#4033=CARTESIAN_POINT('',(-0.12947,0.0492924947370336,-0.01266));
#4034=CARTESIAN_POINT('',(-0.13581,0.0492924947370336,-0.01266));
#4035=CARTESIAN_POINT('',(-0.12947,0.0496445408262653,-0.0126731648051948));
#4036=CARTESIAN_POINT('',(-0.13581,0.0496445408262653,-0.0126731648051948));
#4037=CARTESIAN_POINT('',(-0.12947,0.050367073659195,-0.0129880019401901));
#4038=CARTESIAN_POINT('',(-0.13581,0.050367073659195,-0.0129880019401901));
#4039=CARTESIAN_POINT('',(-0.12947,0.0505937803669121,-0.0135701895836258));
#4040=CARTESIAN_POINT('',(-0.13581,0.0505937803669121,-0.0135701895836258));
#4041=CARTESIAN_POINT('',(-0.12947,0.0506186838001984,-0.0139177237825221));
#4042=CARTESIAN_POINT('',(-0.13581,0.0506186838001984,-0.0139177237825221));
#4043=CARTESIAN_POINT('',(-0.12947,0.0491249035,-0.01266));
#4044=CARTESIAN_POINT('',(-0.12947,0.04929249396507,-0.01266));
#4045=CARTESIAN_POINT('',(-0.12947,0.0496445382044394,-0.0126731645971496));
#4046=CARTESIAN_POINT('',(-0.12947,0.0503670684400533,-0.0129879981090338));
#4047=CARTESIAN_POINT('',(-0.12947,0.0505937780539591,-0.0135701808948062));
#4048=CARTESIAN_POINT('',(-0.12947,0.0506186831119089,-0.0139177141775799));
#4049=CARTESIAN_POINT('',(-0.12947,0.0506186831119089,-0.0139177141775799));
#4050=CARTESIAN_POINT('',(-0.12947,0.0506186838001984,-0.0139177237825221));
#4051=CARTESIAN_POINT('',(-0.131583333333333,0.0506186838001984,-0.0139177237825221));
#4052=CARTESIAN_POINT('',(-0.133696666666666,0.0506186838001984,-0.0139177237825221));
#4053=CARTESIAN_POINT('',(-0.13581,0.0506186838001984,-0.0139177237825221));
#4054=CARTESIAN_POINT('',(-0.13581,0.0506249035,-0.00585));
#4055=CARTESIAN_POINT('',(-0.136804837696598,0.0506249035,-0.00585000000000438));
#4056=CARTESIAN_POINT('',(-0.138786592688719,0.0506249035,-0.00667340731127991));
#4057=CARTESIAN_POINT('',(-0.13961,0.0506249035,-0.00865516230340062));
#4058=CARTESIAN_POINT('',(-0.13961,0.0506249035,-0.00965000000000012));
#4059=CARTESIAN_POINT('',(-0.13581,0.0506249035,-0.00594375));
#4060=CARTESIAN_POINT('',(-0.136780294003434,0.0506249035,-0.00594375000000456));
#4061=CARTESIAN_POINT('',(-0.138713157013831,0.0506249035,-0.00674684298616618));
#4062=CARTESIAN_POINT('',(-0.139516249999994,0.0506249035,-0.00867970599657286));
#4063=CARTESIAN_POINT('',(-0.13951625,0.0506249035,-0.00965000000000012));
#4064=CARTESIAN_POINT('',(-0.13581,0.0506243338385417,-0.00603831380208333));
#4065=CARTESIAN_POINT('',(-0.136755537257377,0.0506243338385417,-0.00603831380208774));
#4066=CARTESIAN_POINT('',(-0.138639083876488,0.0506243338385417,-0.00682091612350819));
#4067=CARTESIAN_POINT('',(-0.139421686197906,0.0506243338385415,-0.00870446274263728));
#4068=CARTESIAN_POINT('',(-0.139421686197917,0.0506243338385417,-0.00965000000000009));
#4069=CARTESIAN_POINT('',(-0.13581,0.0506056977708333,-0.00623444010416667));
#4070=CARTESIAN_POINT('',(-0.136704191510381,0.0506056977708333,-0.0062344401041708));
#4071=CARTESIAN_POINT('',(-0.138485455424683,0.0506056977708339,-0.00697454457531018));
#4072=CARTESIAN_POINT('',(-0.139225559895824,0.0506056977708321,-0.00875580848963889));
#4073=CARTESIAN_POINT('',(-0.139225559895833,0.0506056977708333,-0.00965000000000005));
#4074=CARTESIAN_POINT('',(-0.13581,0.050587794125,-0.00633567708333333));
#4075=CARTESIAN_POINT('',(-0.136677687730599,0.050587794125,-0.00633567708333731));
#4076=CARTESIAN_POINT('',(-0.138406155095203,0.050587794125001,-0.00705384490478795));
#4077=CARTESIAN_POINT('',(-0.139124322916663,0.0505877941249979,-0.00878231226941921));
#4078=CARTESIAN_POINT('',(-0.139124322916667,0.050587794125,-0.00965000000000003));
#4079=CARTESIAN_POINT('',(-0.13581,0.050529200375,-0.00653619791666667));
#4080=CARTESIAN_POINT('',(-0.136625191497973,0.050529200375,-0.00653619791667042));
#4081=CARTESIAN_POINT('',(-0.138249084346135,0.0505292003750017,-0.00721091565384993));
#4082=CARTESIAN_POINT('',(-0.138923802083349,0.0505292003749967,-0.00883480850203884));
#4083=CARTESIAN_POINT('',(-0.138923802083333,0.050529200375,-0.00965000000000001));
#4084=CARTESIAN_POINT('',(-0.13581,0.05048867303125,-0.00663515625));
#4085=CARTESIAN_POINT('',(-0.136599284266286,0.05048867303125,-0.00663515625000366));
#4086=CARTESIAN_POINT('',(-0.138171568911529,0.0504886730312518,-0.00728843108845192));
#4087=CARTESIAN_POINT('',(-0.138824843750029,0.0504886730312464,-0.00886071573372128));
#4088=CARTESIAN_POINT('',(-0.13882484375,0.05048867303125,-0.00965));
#4089=CARTESIAN_POINT('',(-0.13581,0.050385401546875,-0.00681826171875));
#4090=CARTESIAN_POINT('',(-0.136551347365551,0.050385401546875,-0.00681826171875341));
#4091=CARTESIAN_POINT('',(-0.138028139859008,0.0503854015468764,-0.00743186014096405));
#4092=CARTESIAN_POINT('',(-0.138641738281302,0.0503854015468723,-0.00890865263444915));
#4093=CARTESIAN_POINT('',(-0.13864173828125,0.050385401546875,-0.00965));
#4094=CARTESIAN_POINT('',(-0.13581,0.0503228201666667,-0.00690208333333333));
#4095=CARTESIAN_POINT('',(-0.136529402917662,0.0503228201666667,-0.00690208333333657));
#4096=CARTESIAN_POINT('',(-0.137962481226076,0.0503228201666674,-0.00749751877389195));
#4097=CARTESIAN_POINT('',(-0.138557916666728,0.0503228201666652,-0.00893059708233771));
#4098=CARTESIAN_POINT('',(-0.138557916666667,0.0503228201666667,-0.00965));
#4099=CARTESIAN_POINT('',(-0.13581,0.0501769868333333,-0.00704791666666667));
#4100=CARTESIAN_POINT('',(-0.136491223839395,0.0501769868333333,-0.0070479166666695));
#4101=CARTESIAN_POINT('',(-0.137848247954026,0.0501769868333326,-0.00761175204593753));
#4102=CARTESIAN_POINT('',(-0.138412083333403,0.0501769868333348,-0.00896877616060579));
#4103=CARTESIAN_POINT('',(-0.138412083333333,0.0501769868333333,-0.00965));
#4104=CARTESIAN_POINT('',(-0.13581,0.05009316521875,-0.007110498046875));
#4105=CARTESIAN_POINT('',(-0.136474840071992,0.05009316521875,-0.00711049804687762));
#4106=CARTESIAN_POINT('',(-0.137799227091189,0.0500931652187486,-0.00766077290877406));
#4107=CARTESIAN_POINT('',(-0.138349501953194,0.0500931652187527,-0.00898515992800989));
#4108=CARTESIAN_POINT('',(-0.138349501953125,0.05009316521875,-0.00965));
#4109=CARTESIAN_POINT('',(-0.13581,0.04991005975,-0.00721376953125));
#4110=CARTESIAN_POINT('',(-0.136447803659982,0.04991005975,-0.00721376953125234));
#4111=CARTESIAN_POINT('',(-0.137718333105578,0.0499100597499982,-0.00774166689439097));
#4112=CARTESIAN_POINT('',(-0.138246230468808,0.0499100597500036,-0.00901219634002042));
#4113=CARTESIAN_POINT('',(-0.13824623046875,0.04991005975,-0.00965));
#4114=CARTESIAN_POINT('',(-0.13581,0.0498111014166667,-0.007254296875));
#4115=CARTESIAN_POINT('',(-0.136437193625954,0.0498111014166667,-0.00725429687500225));
#4116=CARTESIAN_POINT('',(-0.137686587475293,0.049811101416665,-0.00777341252468022));
#4117=CARTESIAN_POINT('',(-0.138205703125049,0.04981110141667,-0.00902280637404839));
#4118=CARTESIAN_POINT('',(-0.138205703125,0.0498111014166667,-0.00965));
#4119=CARTESIAN_POINT('',(-0.13581,0.0496105805833333,-0.007312890625));
#4120=CARTESIAN_POINT('',(-0.136421853817717,0.0496105805833333,-0.00731289062500207));
#4121=CARTESIAN_POINT('',(-0.1376406901785,0.0496105805833323,-0.00781930982148388));
#4122=CARTESIAN_POINT('',(-0.138147109375031,0.0496105805833354,-0.00903814618228185));
#4123=CARTESIAN_POINT('',(-0.138147109375,0.0496105805833333,-0.00965));
#4124=CARTESIAN_POINT('',(-0.13581,0.0495093436041667,-0.00733079427083333));
#4125=CARTESIAN_POINT('',(-0.136417166654089,0.0495093436041667,-0.0073307942708353));
#4126=CARTESIAN_POINT('',(-0.137626666004482,0.0495093436041661,-0.00783333399550718));
#4127=CARTESIAN_POINT('',(-0.138129205729189,0.0495093436041679,-0.00904283334590888));
#4128=CARTESIAN_POINT('',(-0.138129205729167,0.0495093436041667,-0.00965));
#4129=CARTESIAN_POINT('',(-0.13581,0.0493132173020833,-0.00734943033854167));
#4130=CARTESIAN_POINT('',(-0.136412287742856,0.0493132173020833,-0.00734943033854306));
#4131=CARTESIAN_POINT('',(-0.137612068114257,0.0493132173020833,-0.00784793188574071));
#4132=CARTESIAN_POINT('',(-0.138110569661468,0.0493132173020834,-0.00904771225713889));
#4133=CARTESIAN_POINT('',(-0.138110569661458,0.0493132173020833,-0.00965));
#4134=CARTESIAN_POINT('',(-0.13581,0.0492186535,-0.00735));
#4135=CARTESIAN_POINT('',(-0.136412138605832,0.0492186535,-0.00735000000000092));
#4136=CARTESIAN_POINT('',(-0.137611621890539,0.0492186535,-0.00784837810945985));
#4137=CARTESIAN_POINT('',(-0.138110000000006,0.0492186535,-0.00904786139416341));
#4138=CARTESIAN_POINT('',(-0.13811,0.0492186535,-0.00965));
#4139=CARTESIAN_POINT('',(-0.13581,0.0491249035,-0.00735));
#4140=CARTESIAN_POINT('',(-0.136412138605832,0.0491249035,-0.00735));
#4141=CARTESIAN_POINT('',(-0.137611621890542,0.0491249035,-0.0078483781094603));
#4142=CARTESIAN_POINT('',(-0.13811,0.0491249035,-0.00904786139416341));
#4143=CARTESIAN_POINT('',(-0.13811,0.0491249035,-0.00965));
#4144=CARTESIAN_POINT('',(-0.13581,0.0491249035,-0.00735000000000008));
#4145=CARTESIAN_POINT('',(-0.13581,0.0493124035,-0.00735000000000008));
#4146=CARTESIAN_POINT('',(-0.13581,0.0497147472500001,-0.00733046875000005));
#4147=CARTESIAN_POINT('',(-0.13581,0.050294825375,-0.00701992187500001));
#4148=CARTESIAN_POINT('',(-0.13581,0.05060537225,-0.00643984375000001));
#4149=CARTESIAN_POINT('',(-0.13581,0.0506249035,-0.0060375));
#4150=CARTESIAN_POINT('',(-0.13581,0.0506249035,-0.00585));
#4151=CARTESIAN_POINT('',(-0.12947,0.0506249035,-0.01416));
#4152=CARTESIAN_POINT('',(-0.128475162303403,0.0506249035,-0.0141599999999975));
#4153=CARTESIAN_POINT('',(-0.126493407311281,0.0506249035,-0.0133365926887177));
#4154=CARTESIAN_POINT('',(-0.12567,0.0506249035,-0.011354837696603));
#4155=CARTESIAN_POINT('',(-0.12567,0.0506249035,-0.01036));
#4156=CARTESIAN_POINT('',(-0.12947,0.0506249035,-0.01406625));
#4157=CARTESIAN_POINT('',(-0.128499705996567,0.0506249035,-0.0140662499999975));
#4158=CARTESIAN_POINT('',(-0.126566842986169,0.0506249035,-0.0132631570138313));
#4159=CARTESIAN_POINT('',(-0.125763750000006,0.0506249035,-0.0113302940034308));
#4160=CARTESIAN_POINT('',(-0.12576375,0.0506249035,-0.01036));
#4161=CARTESIAN_POINT('',(-0.12947,0.0506243338385417,-0.0139716861979167));
#4162=CARTESIAN_POINT('',(-0.128524462742624,0.0506243338385417,-0.0139716861979142));
#4163=CARTESIAN_POINT('',(-0.126640916123511,0.0506243338385417,-0.0131890838764894));
#4164=CARTESIAN_POINT('',(-0.125858313802095,0.0506243338385417,-0.0113055372573663));
#4165=CARTESIAN_POINT('',(-0.125858313802083,0.0506243338385417,-0.01036));
#4166=CARTESIAN_POINT('',(-0.12947,0.0506056977708333,-0.0137755598958333));
#4167=CARTESIAN_POINT('',(-0.128575808489619,0.0506056977708333,-0.0137755598958311));
#4168=CARTESIAN_POINT('',(-0.126794544575314,0.0506056977708333,-0.0130354554246874));
#4169=CARTESIAN_POINT('',(-0.126054440104183,0.0506056977708334,-0.0112541915103647));
#4170=CARTESIAN_POINT('',(-0.126054440104167,0.0506056977708333,-0.01036));
#4171=CARTESIAN_POINT('',(-0.12947,0.050587794125,-0.0136743229166667));
#4172=CARTESIAN_POINT('',(-0.128602312269401,0.050587794125,-0.0136743229166647));
#4173=CARTESIAN_POINT('',(-0.126873844904791,0.0505877941249999,-0.0129561550952096));
#4174=CARTESIAN_POINT('',(-0.12615567708335,0.0505877941250002,-0.0112276877305843));
#4175=CARTESIAN_POINT('',(-0.126155677083333,0.050587794125,-0.01036));
#4176=CARTESIAN_POINT('',(-0.12947,0.050529200375,-0.0134738020833333));
#4177=CARTESIAN_POINT('',(-0.128654808502027,0.050529200375,-0.0134738020833318));
#4178=CARTESIAN_POINT('',(-0.127030915653852,0.0505292003749997,-0.0127990843461477));
#4179=CARTESIAN_POINT('',(-0.126356197916679,0.0505292003750006,-0.0111751914979643));
#4180=CARTESIAN_POINT('',(-0.126356197916667,0.050529200375,-0.01036));
#4181=CARTESIAN_POINT('',(-0.12947,0.05048867303125,-0.01337484375));
#4182=CARTESIAN_POINT('',(-0.128680715733715,0.05048867303125,-0.0133748437499986));
#4183=CARTESIAN_POINT('',(-0.127108431088453,0.0504886730312495,-0.0127215689115458));
#4184=CARTESIAN_POINT('',(-0.126455156250007,0.0504886730312511,-0.0111492842662815));
#4185=CARTESIAN_POINT('',(-0.12645515625,0.05048867303125,-0.01036));
#4186=CARTESIAN_POINT('',(-0.12947,0.050385401546875,-0.01319173828125));
#4187=CARTESIAN_POINT('',(-0.128728652634449,0.050385401546875,-0.0131917382812486));
#4188=CARTESIAN_POINT('',(-0.127251860140968,0.0503854015468738,-0.0125781398590343));
#4189=CARTESIAN_POINT('',(-0.126638261718746,0.0503854015468774,-0.0111013473655528));
#4190=CARTESIAN_POINT('',(-0.12663826171875,0.050385401546875,-0.01036));
#4191=CARTESIAN_POINT('',(-0.12947,0.0503228201666667,-0.0131079166666667));
#4192=CARTESIAN_POINT('',(-0.128750597082339,0.0503228201666667,-0.0131079166666651));
#4193=CARTESIAN_POINT('',(-0.127317518773898,0.0503228201666651,-0.0125124812261068));
#4194=CARTESIAN_POINT('',(-0.126722083333324,0.0503228201666699,-0.0110794029176637));
#4195=CARTESIAN_POINT('',(-0.126722083333333,0.0503228201666667,-0.01036));
#4196=CARTESIAN_POINT('',(-0.12947,0.0501769868333333,-0.0129620833333333));
#4197=CARTESIAN_POINT('',(-0.128788776160605,0.0501769868333333,-0.0129620833333313));
#4198=CARTESIAN_POINT('',(-0.127431752045948,0.0501769868333306,-0.0123982479540621));
#4199=CARTESIAN_POINT('',(-0.126867916666649,0.0501769868333387,-0.0110412238393946));
#4200=CARTESIAN_POINT('',(-0.126867916666667,0.0501769868333333,-0.01036));
#4201=CARTESIAN_POINT('',(-0.12947,0.05009316521875,-0.012899501953125));
#4202=CARTESIAN_POINT('',(-0.128805159928008,0.05009316521875,-0.0128995019531228));
#4203=CARTESIAN_POINT('',(-0.127480772908787,0.0500931652187466,-0.012349227091226));
#4204=CARTESIAN_POINT('',(-0.126930498046854,0.0500931652187567,-0.0110248400719901));
#4205=CARTESIAN_POINT('',(-0.126930498046875,0.05009316521875,-0.01036));
#4206=CARTESIAN_POINT('',(-0.12947,0.04991005975,-0.01279623046875));
#4207=CARTESIAN_POINT('',(-0.128832196340018,0.04991005975,-0.0127962304687477));
#4208=CARTESIAN_POINT('',(-0.127561666894404,0.0499100597499955,-0.0122683331056095));
#4209=CARTESIAN_POINT('',(-0.127033769531228,0.0499100597500089,-0.0109978036599792));
#4210=CARTESIAN_POINT('',(-0.12703376953125,0.04991005975,-0.01036));
#4211=CARTESIAN_POINT('',(-0.12947,0.0498111014166667,-0.012755703125));
#4212=CARTESIAN_POINT('',(-0.128842806374047,0.0498111014166667,-0.0127557031249977));
#4213=CARTESIAN_POINT('',(-0.127593412524693,0.0498111014166618,-0.0122365874753203));
#4214=CARTESIAN_POINT('',(-0.127074296874979,0.0498111014166764,-0.0109871936259512));
#4215=CARTESIAN_POINT('',(-0.127074296875,0.0498111014166667,-0.01036));
#4216=CARTESIAN_POINT('',(-0.12947,0.0496105805833333,-0.012697109375));
#4217=CARTESIAN_POINT('',(-0.128858146182283,0.0496105805833333,-0.012697109374998));
#4218=CARTESIAN_POINT('',(-0.127639309821493,0.0496105805833284,-0.0121906901785165));
#4219=CARTESIAN_POINT('',(-0.127132890624983,0.0496105805833432,-0.0109718538177179));
#4220=CARTESIAN_POINT('',(-0.127132890625,0.0496105805833333,-0.01036));
#4221=CARTESIAN_POINT('',(-0.12947,0.0495093436041667,-0.0126792057291667));
#4222=CARTESIAN_POINT('',(-0.128862833345912,0.0495093436041667,-0.012679205729165));
#4223=CARTESIAN_POINT('',(-0.127653333995514,0.0495093436041621,-0.012176666004493));
#4224=CARTESIAN_POINT('',(-0.127150794270819,0.0495093436041758,-0.0109671666540911));
#4225=CARTESIAN_POINT('',(-0.127150794270833,0.0495093436041667,-0.01036));
#4226=CARTESIAN_POINT('',(-0.12947,0.0493132173020833,-0.0126605696614583));
#4227=CARTESIAN_POINT('',(-0.128867712257144,0.0493132173020833,-0.0126605696614573));
#4228=CARTESIAN_POINT('',(-0.127667931885743,0.0493132173020805,-0.0121620681142593));
#4229=CARTESIAN_POINT('',(-0.127169430338533,0.049313217302089,-0.0109622877428612));
#4230=CARTESIAN_POINT('',(-0.127169430338542,0.0493132173020833,-0.01036));
#4231=CARTESIAN_POINT('',(-0.12947,0.0492186535,-0.01266));
#4232=CARTESIAN_POINT('',(-0.128867861394169,0.0492186535,-0.0126599999999993));
#4233=CARTESIAN_POINT('',(-0.12766837810946,0.0492186534999986,-0.0121616218905402));
#4234=CARTESIAN_POINT('',(-0.127169999999994,0.0492186535000029,-0.0109621386058367));
#4235=CARTESIAN_POINT('',(-0.12717,0.0492186535,-0.01036));
#4236=CARTESIAN_POINT('',(-0.12947,0.0491249035,-0.01266));
#4237=CARTESIAN_POINT('',(-0.128867861394169,0.0491249035,-0.01266));
#4238=CARTESIAN_POINT('',(-0.127668378109458,0.0491249035,-0.0121616218905399));
#4239=CARTESIAN_POINT('',(-0.12717,0.0491249035,-0.0109621386058367));
#4240=CARTESIAN_POINT('',(-0.12717,0.0491249035,-0.01036));
#4241=CARTESIAN_POINT('',(-0.12947,0.0506186836781527,-0.0139177265008058));
#4242=CARTESIAN_POINT('',(-0.129297542783876,0.0506186844380966,-0.0139177095749243));
#4243=CARTESIAN_POINT('',(-0.128951291527711,0.0506194799063382,-0.0139010142149829));
#4244=CARTESIAN_POINT('',(-0.128514501043024,0.0506217987807884,-0.0138385266342622));
#4245=CARTESIAN_POINT('',(-0.128163824645028,0.0506234915685797,-0.0137644106713896));
#4246=CARTESIAN_POINT('',(-0.127941193655579,0.0506242749029219,-0.0137071703384091));
#4247=CARTESIAN_POINT('',(-0.127767748920829,0.0506246622239647,-0.0136571646879725));
#4248=CARTESIAN_POINT('',(-0.127623847812526,0.0506248352975346,-0.0136119797901685));
#4249=CARTESIAN_POINT('',(-0.127545934482976,0.0506248901223485,-0.0135864838160078));
#4250=CARTESIAN_POINT('',(-0.127389038499595,0.050624905703246,-0.0135317894085025));
#4251=CARTESIAN_POINT('',(-0.127369540106982,0.0506249035,-0.0135238630727299));
#4252=CARTESIAN_POINT('',(-0.127366989029418,0.0506249034999999,-0.0135221819001632));
#4253=CARTESIAN_POINT('',(-0.12567,0.0506249035,-0.01036));
#4254=CARTESIAN_POINT('',(-0.1258575,0.0506249035,-0.01036));
#4255=CARTESIAN_POINT('',(-0.12625984375,0.05060537225,-0.01036));
#4256=CARTESIAN_POINT('',(-0.126839921875,0.050294825375,-0.01036));
#4257=CARTESIAN_POINT('',(-0.12715046875,0.04971474725,-0.01036));
#4258=CARTESIAN_POINT('',(-0.12717,0.0493124035,-0.01036));
#4259=CARTESIAN_POINT('',(-0.12717,0.0491249035,-0.01036));
#4260=CARTESIAN_POINT('',(-0.13581,0.0491249035,-0.00735000000000008));
#4261=CARTESIAN_POINT('',(-0.12947,0.0491249035,-0.00735000000000008));
#4262=CARTESIAN_POINT('',(-0.13581,0.0493499035,-0.00735000000000008));
#4263=CARTESIAN_POINT('',(-0.12947,0.0493499035,-0.00735000000000008));
#4264=CARTESIAN_POINT('',(-0.13581,0.0495749035,-0.00735000000000008));
#4265=CARTESIAN_POINT('',(-0.12947,0.0495749035,-0.00735000000000008));
#4266=CARTESIAN_POINT('',(-0.13581,0.0501249035,-0.00719999999999999));
#4267=CARTESIAN_POINT('',(-0.12947,0.0501249035,-0.00719999999999999));
#4268=CARTESIAN_POINT('',(-0.13581,0.0504749035,-0.00685000000000007));
#4269=CARTESIAN_POINT('',(-0.12947,0.0504749035,-0.00685000000000007));
#4270=CARTESIAN_POINT('',(-0.13581,0.0506249035,-0.00630000000000006));
#4271=CARTESIAN_POINT('',(-0.12947,0.0506249035,-0.00630000000000006));
#4272=CARTESIAN_POINT('',(-0.13581,0.0506249035,-0.00607500000000006));
#4273=CARTESIAN_POINT('',(-0.12947,0.0506249035,-0.00607500000000006));
#4274=CARTESIAN_POINT('',(-0.13581,0.0506249035,-0.00585000000000006));
#4275=CARTESIAN_POINT('',(-0.12947,0.0506249035,-0.00585000000000006));
#4276=CARTESIAN_POINT('',(-0.12947,0.0506249035,-0.00585000000000008));
#4277=CARTESIAN_POINT('',(-0.12947,0.0506249035,-0.00603750000000008));
#4278=CARTESIAN_POINT('',(-0.12947,0.05060537225,-0.00643984375000009));
#4279=CARTESIAN_POINT('',(-0.12947,0.050294825375,-0.00701992187500004));
#4280=CARTESIAN_POINT('',(-0.12947,0.04971474725,-0.00733046875000006));
#4281=CARTESIAN_POINT('',(-0.12947,0.0493124035,-0.00735000000000008));
#4282=CARTESIAN_POINT('',(-0.12947,0.0491249035,-0.00735000000000008));
#4283=CARTESIAN_POINT('',(-0.12717,0.0491249035,-0.00965));
#4284=CARTESIAN_POINT('',(-0.12717,0.0491249035,-0.01036));
#4285=CARTESIAN_POINT('',(-0.12717,0.0493499035,-0.00965));
#4286=CARTESIAN_POINT('',(-0.12717,0.0493499035,-0.01036));
#4287=CARTESIAN_POINT('',(-0.12717,0.0495749035,-0.00965));
#4288=CARTESIAN_POINT('',(-0.12717,0.0495749035,-0.01036));
#4289=CARTESIAN_POINT('',(-0.12702,0.0501249035,-0.00965));
#4290=CARTESIAN_POINT('',(-0.12702,0.0501249035,-0.01036));
#4291=CARTESIAN_POINT('',(-0.12667,0.0504749035,-0.00965));
#4292=CARTESIAN_POINT('',(-0.12667,0.0504749035,-0.01036));
#4293=CARTESIAN_POINT('',(-0.12612,0.0506249035,-0.00965));
#4294=CARTESIAN_POINT('',(-0.12612,0.0506249035,-0.01036));
#4295=CARTESIAN_POINT('',(-0.125895,0.0506249035,-0.00965));
#4296=CARTESIAN_POINT('',(-0.125895,0.0506249035,-0.01036));
#4297=CARTESIAN_POINT('',(-0.12567,0.0506249035,-0.00965));
#4298=CARTESIAN_POINT('',(-0.12567,0.0506249035,-0.01036));
#4299=CARTESIAN_POINT('',(-0.12717,0.0491249035,-0.00965));
#4300=CARTESIAN_POINT('',(-0.12717,0.0493124035,-0.00965));
#4301=CARTESIAN_POINT('',(-0.12715046875,0.04971474725,-0.00965));
#4302=CARTESIAN_POINT('',(-0.126839921875,0.050294825375,-0.00965));
#4303=CARTESIAN_POINT('',(-0.12625984375,0.05060537225,-0.00965));
#4304=CARTESIAN_POINT('',(-0.1258575,0.0506249035,-0.00965));
#4305=CARTESIAN_POINT('',(-0.12567,0.0506249035,-0.00965));
#4306=CARTESIAN_POINT('',(-0.12567,0.0506249035,-0.00965));
#4307=CARTESIAN_POINT('',(-0.12567,0.0506249035,-0.00865516230339714));
#4308=CARTESIAN_POINT('',(-0.126493407311281,0.0506249035,-0.00667340731128249));
#4309=CARTESIAN_POINT('',(-0.128475162303402,0.0506249035,-0.00585000000000267));
#4310=CARTESIAN_POINT('',(-0.12947,0.0506249035,-0.00585000000000008));
#4311=CARTESIAN_POINT('',(-0.12576375,0.0506249035,-0.00965));
#4312=CARTESIAN_POINT('',(-0.125763750000006,0.0506249035,-0.00867970599656939));
#4313=CARTESIAN_POINT('',(-0.126566842986169,0.0506249035,-0.00674684298616911));
#4314=CARTESIAN_POINT('',(-0.128499705996566,0.0506249035,-0.00594375000000213));
#4315=CARTESIAN_POINT('',(-0.12947,0.0506249035,-0.00594375000000008));
#4316=CARTESIAN_POINT('',(-0.125858313802083,0.0506243338385417,-0.00965));
#4317=CARTESIAN_POINT('',(-0.125858313802095,0.0506243338385417,-0.0087044627426338));
#4318=CARTESIAN_POINT('',(-0.126640916123512,0.0506243338385417,-0.00682091612351115));
#4319=CARTESIAN_POINT('',(-0.128524462742623,0.0506243338385417,-0.00603831380208527));
#4320=CARTESIAN_POINT('',(-0.12947,0.0506243338385417,-0.00603831380208341));
#4321=CARTESIAN_POINT('',(-0.126054440104167,0.0506056977708333,-0.00965));
#4322=CARTESIAN_POINT('',(-0.126054440104183,0.0506056977708334,-0.00875580848963547));
#4323=CARTESIAN_POINT('',(-0.126794544575314,0.0506056977708333,-0.00697454457531307));
#4324=CARTESIAN_POINT('',(-0.128575808489619,0.0506056977708333,-0.00623444010416841));
#4325=CARTESIAN_POINT('',(-0.12947,0.0506056977708333,-0.00623444010416675));
#4326=CARTESIAN_POINT('',(-0.126155677083333,0.050587794125,-0.00965));
#4327=CARTESIAN_POINT('',(-0.12615567708335,0.0505877941250002,-0.00878231226941587));
#4328=CARTESIAN_POINT('',(-0.126873844904791,0.0505877941249999,-0.00705384490479073));
#4329=CARTESIAN_POINT('',(-0.128602312269401,0.050587794125,-0.00633567708333507));
#4330=CARTESIAN_POINT('',(-0.12947,0.050587794125,-0.00633567708333341));
#4331=CARTESIAN_POINT('',(-0.126356197916667,0.050529200375,-0.00965));
#4332=CARTESIAN_POINT('',(-0.126356197916679,0.0505292003750006,-0.00883480850203588));
#4333=CARTESIAN_POINT('',(-0.127030915653852,0.0505292003749997,-0.00721091565385243));
#4334=CARTESIAN_POINT('',(-0.128654808502027,0.050529200375,-0.00653619791666838));
#4335=CARTESIAN_POINT('',(-0.12947,0.050529200375,-0.00653619791666675));
#4336=CARTESIAN_POINT('',(-0.12645515625,0.05048867303125,-0.00965));
#4337=CARTESIAN_POINT('',(-0.126455156250007,0.0504886730312511,-0.00886071573371863));
#4338=CARTESIAN_POINT('',(-0.127108431088454,0.0504886730312495,-0.00728843108845423));
#4339=CARTESIAN_POINT('',(-0.128680715733715,0.05048867303125,-0.00663515625000169));
#4340=CARTESIAN_POINT('',(-0.12947,0.05048867303125,-0.00663515625000008));
#4341=CARTESIAN_POINT('',(-0.12663826171875,0.050385401546875,-0.00965));
#4342=CARTESIAN_POINT('',(-0.126638261718746,0.0503854015468774,-0.00890865263444734));
#4343=CARTESIAN_POINT('',(-0.127251860140968,0.0503854015468738,-0.00743186014096586));
#4344=CARTESIAN_POINT('',(-0.128728652634449,0.050385401546875,-0.0068182617187516));
#4345=CARTESIAN_POINT('',(-0.12947,0.050385401546875,-0.00681826171875008));
#4346=CARTESIAN_POINT('',(-0.126722083333333,0.0503228201666667,-0.00965));
#4347=CARTESIAN_POINT('',(-0.126722083333324,0.0503228201666699,-0.00893059708233644));
#4348=CARTESIAN_POINT('',(-0.127317518773898,0.050322820166665,-0.00749751877389343));
#4349=CARTESIAN_POINT('',(-0.128750597082338,0.0503228201666667,-0.00690208333333486));
#4350=CARTESIAN_POINT('',(-0.12947,0.0503228201666667,-0.00690208333333341));
#4351=CARTESIAN_POINT('',(-0.126867916666667,0.0501769868333333,-0.00965));
#4352=CARTESIAN_POINT('',(-0.126867916666649,0.0501769868333387,-0.00896877616060552));
#4353=CARTESIAN_POINT('',(-0.127431752045948,0.0501769868333306,-0.00761175204593835));
#4354=CARTESIAN_POINT('',(-0.128788776160605,0.0501769868333333,-0.00704791666666811));
#4355=CARTESIAN_POINT('',(-0.12947,0.0501769868333333,-0.00704791666666675));
#4356=CARTESIAN_POINT('',(-0.126930498046875,0.05009316521875,-0.00965));
#4357=CARTESIAN_POINT('',(-0.126930498046854,0.0500931652187567,-0.00898515992801002));
#4358=CARTESIAN_POINT('',(-0.127480772908787,0.0500931652187466,-0.00766077290877459));
#4359=CARTESIAN_POINT('',(-0.128805159928008,0.05009316521875,-0.00711049804687642));
#4360=CARTESIAN_POINT('',(-0.12947,0.05009316521875,-0.00711049804687508));
#4361=CARTESIAN_POINT('',(-0.12703376953125,0.04991005975,-0.00965));
#4362=CARTESIAN_POINT('',(-0.127033769531228,0.0499100597500089,-0.00901219634002094));
#4363=CARTESIAN_POINT('',(-0.127561666894405,0.0499100597499955,-0.00774166689439113));
#4364=CARTESIAN_POINT('',(-0.128832196340018,0.04991005975,-0.00721376953125146));
#4365=CARTESIAN_POINT('',(-0.12947,0.04991005975,-0.00721376953125008));
#4366=CARTESIAN_POINT('',(-0.127074296875,0.0498111014166667,-0.00965));
#4367=CARTESIAN_POINT('',(-0.127074296874979,0.0498111014166764,-0.00902280637404892));
#4368=CARTESIAN_POINT('',(-0.127593412524693,0.0498111014166618,-0.00777341252468033));
#4369=CARTESIAN_POINT('',(-0.128842806374047,0.0498111014166667,-0.00725429687500152));
#4370=CARTESIAN_POINT('',(-0.12947,0.0498111014166667,-0.00725429687500008));
#4371=CARTESIAN_POINT('',(-0.127132890625,0.0496105805833333,-0.00965));
#4372=CARTESIAN_POINT('',(-0.127132890624983,0.0496105805833432,-0.00903814618228221));
#4373=CARTESIAN_POINT('',(-0.127639309821493,0.0496105805833284,-0.00781930982148396));
#4374=CARTESIAN_POINT('',(-0.128858146182283,0.0496105805833333,-0.00731289062500156));
#4375=CARTESIAN_POINT('',(-0.12947,0.0496105805833333,-0.00731289062500008));
#4376=CARTESIAN_POINT('',(-0.127150794270833,0.0495093436041667,-0.00965));
#4377=CARTESIAN_POINT('',(-0.127150794270819,0.0495093436041758,-0.00904283334590909));
#4378=CARTESIAN_POINT('',(-0.127653333995514,0.0495093436041621,-0.00783333399550728));
#4379=CARTESIAN_POINT('',(-0.128862833345912,0.0495093436041667,-0.00733079427083488));
#4380=CARTESIAN_POINT('',(-0.12947,0.0495093436041667,-0.00733079427083341));
#4381=CARTESIAN_POINT('',(-0.127169430338542,0.0493132173020833,-0.00965));
#4382=CARTESIAN_POINT('',(-0.127169430338533,0.049313217302089,-0.00904771225713891));
#4383=CARTESIAN_POINT('',(-0.127667931885743,0.0493132173020805,-0.00784793188574082));
#4384=CARTESIAN_POINT('',(-0.128867712257144,0.0493132173020833,-0.00734943033854283));
#4385=CARTESIAN_POINT('',(-0.12947,0.0493132173020833,-0.00734943033854175));
#4386=CARTESIAN_POINT('',(-0.12717,0.0492186535,-0.00965));
#4387=CARTESIAN_POINT('',(-0.127169999999994,0.0492186535000029,-0.00904786139416341));
#4388=CARTESIAN_POINT('',(-0.127668378109461,0.0492186534999985,-0.00784837810945993));
#4389=CARTESIAN_POINT('',(-0.128867861394169,0.0492186535,-0.0073500000000008));
#4390=CARTESIAN_POINT('',(-0.12947,0.0492186535,-0.00735000000000008));
#4391=CARTESIAN_POINT('',(-0.12717,0.0491249035,-0.00965));
#4392=CARTESIAN_POINT('',(-0.12717,0.0491249035,-0.00904786139416341));
#4393=CARTESIAN_POINT('',(-0.127668378109458,0.0491249035,-0.00784837810946029));
#4394=CARTESIAN_POINT('',(-0.128867861394169,0.0491249035,-0.00735000000000008));
#4395=CARTESIAN_POINT('',(-0.12947,0.0491249035,-0.00735000000000008));
#4396=CARTESIAN_POINT('',(0.1458749577,-0.0448307909503048,-0.00760975248635397));
#4397=CARTESIAN_POINT('',(0.1458749577,0.0448307909503046,-0.013344257280037));
#4398=CARTESIAN_POINT('',(0.1458749577,-0.0448595130113049,-0.00805883493223997));
#4399=CARTESIAN_POINT('',(0.1458749577,0.0448020688893045,-0.013793339725923));
#4400=CARTESIAN_POINT('',(0.1458749577,-0.0448882350723051,-0.00850791737816492));
#4401=CARTESIAN_POINT('',(0.1458749577,0.0447733468283043,-0.0142424221718479));
#4402=CARTESIAN_POINT('',(0.1455749577,-0.0449584445554425,-0.00960567446795264));
#4403=CARTESIAN_POINT('',(0.1455749577,0.0447031373451668,-0.0153401792616356));
#4404=CARTESIAN_POINT('',(0.1448749577,-0.045003123316929,-0.010304247161631));
#4405=CARTESIAN_POINT('',(0.1448749577,0.0446584585836803,-0.016038751955314));
#4406=CARTESIAN_POINT('',(0.1437749577,-0.0450222713580114,-0.0106036354589273));
#4407=CARTESIAN_POINT('',(0.1437749577,0.044639310542598,-0.0163381402526103));
#4408=CARTESIAN_POINT('',(0.1433249577,-0.0450222713580114,-0.0106036354589273));
#4409=CARTESIAN_POINT('',(0.1433249577,0.044639310542598,-0.0163381402526103));
#4410=CARTESIAN_POINT('',(0.1428749577,-0.0450222713580114,-0.0106036354589273));
#4411=CARTESIAN_POINT('',(0.1428749577,0.044639310542598,-0.0163381402526103));
#4412=CARTESIAN_POINT('',(0.1428749577,0.044639310542598,-0.0163381402526103));
#4413=CARTESIAN_POINT('',(0.1432499577,0.044639310542598,-0.0163381402526103));
#4414=CARTESIAN_POINT('',(0.1440546452,0.044641803777164,-0.0162991574014016));
#4415=CARTESIAN_POINT('',(0.14521480145,0.0446814462053815,-0.0156793300671587));
#4416=CARTESIAN_POINT('',(0.1458358952,0.0447554952693929,-0.0145215393864441));
#4417=CARTESIAN_POINT('',(0.1458749577,0.0448068558994711,-0.0137184926516087));
#4418=CARTESIAN_POINT('',(0.1458749577,0.0448307909503046,-0.013344257280037));
#4419=CARTESIAN_POINT('',(0.1458749577,-0.0448307909503046,-0.00760975248635399));
#4420=CARTESIAN_POINT('',(0.1458749577,-0.044854726001138,-0.00798398785792566));
#4421=CARTESIAN_POINT('',(0.1458358952,-0.0449060866312163,-0.00878703459276107));
#4422=CARTESIAN_POINT('',(0.14521480145,-0.0449801356952278,-0.00994482527347571));
#4423=CARTESIAN_POINT('',(0.1440546452,-0.0450197781234453,-0.0105646526077186));
#4424=CARTESIAN_POINT('',(0.1432499577,-0.0450222713580114,-0.0106036354589273));
#4425=CARTESIAN_POINT('',(0.1428749577,-0.0450222713580114,-0.0106036354589273));
#4426=CARTESIAN_POINT('',(0.140080845150305,-0.0506249035,-0.00743104883791646));
#4427=CARTESIAN_POINT('',(0.140193883130977,-0.0506249035,-0.00743104883780713));
#4428=CARTESIAN_POINT('',(0.140309479600965,-0.0506240085850723,-0.00743109607852923));
#4429=CARTESIAN_POINT('',(0.140546962168526,-0.0506198242511395,-0.00743132128390996));
#4430=CARTESIAN_POINT('',(0.140668974461471,-0.0506165324613889,-0.00743149837714521));
#4431=CARTESIAN_POINT('',(0.140868653459887,-0.0506074256288159,-0.00743191979098538));
#4432=CARTESIAN_POINT('',(0.140937462795753,-0.0506037557776204,-0.00743208694768532));
#4433=CARTESIAN_POINT('',(0.141046346954765,-0.0505967444664261,-0.00743239338402638));
#4434=CARTESIAN_POINT('',(0.141102899096618,-0.0505927540755632,-0.007432561214127));
#4435=CARTESIAN_POINT('',(0.141167201907741,-0.0505872838767031,-0.00743275802048433));
#4436=CARTESIAN_POINT('',(0.141210835191807,-0.0505834139408855,-0.0074328964142313));
#4437=CARTESIAN_POINT('',(0.141232702653692,-0.0505814161043221,-0.00743296904933856));
#4438=CARTESIAN_POINT('',(0.141277902452179,-0.0505770595060918,-0.00743312304200545));
#4439=CARTESIAN_POINT('',(0.141325893332607,-0.050572147184222,-0.00743328638320711));
#4440=CARTESIAN_POINT('',(0.141430235712484,-0.0505594839890762,-0.00743357436980435));
#4441=CARTESIAN_POINT('',(0.141489146897449,-0.050551303603586,-0.00743389516435135));
#4442=CARTESIAN_POINT('',(0.141536332093471,-0.0505444317441524,-0.00743412399819324));
#4443=CARTESIAN_POINT('',(0.141607487609142,-0.0505336797877299,-0.00743448027933532));
#4444=CARTESIAN_POINT('',(0.141653280643507,-0.0505261656812576,-0.00743473575785939));
#4445=CARTESIAN_POINT('',(0.141746310663612,-0.0505098119814864,-0.00743528289976769));
#4446=CARTESIAN_POINT('',(0.14179397717034,-0.0505009231706864,-0.00743557444636718));
#4447=CARTESIAN_POINT('',(0.142034610276228,-0.0504530298140231,-0.00743712876944007));
#4448=CARTESIAN_POINT('',(0.142232240381282,-0.0504039615605953,-0.00743868199755873));
#4449=CARTESIAN_POINT('',(0.14253390668514,-0.0503103568970824,-0.00744150706733768));
#4450=CARTESIAN_POINT('',(0.142736347370851,-0.0502412742105352,-0.00744355803707112));
#4451=CARTESIAN_POINT('',(0.142936401392787,-0.0501603826604219,-0.00744593957768494));
#4452=CARTESIAN_POINT('',(0.14309280629568,-0.0500907668411504,-0.00744787602933249));
#4453=CARTESIAN_POINT('',(0.143146051762019,-0.0500660701226289,-0.00744854651740316));
#4454=CARTESIAN_POINT('',(0.143255625216233,-0.0500129424244649,-0.00744994220683996));
#4455=CARTESIAN_POINT('',(0.143311853668842,-0.0499845119501222,-0.00745066749855886));
#4456=CARTESIAN_POINT('',(0.143484663460341,-0.0498925011754193,-0.00745293412738729));
#4457=CARTESIAN_POINT('',(0.14360565396956,-0.0498220342090668,-0.00745456745578948));
#4458=CARTESIAN_POINT('',(0.143856139166085,-0.0496580480387255,-0.00745811480185487));
#4459=CARTESIAN_POINT('',(0.144113989594076,-0.0494716788880191,-0.00746193788669747));
#4460=CARTESIAN_POINT('',(0.144496585376075,-0.0491206170663241,-0.00746853408571962));
#4461=CARTESIAN_POINT('',(0.144829874085782,-0.0487226688740164,-0.00747583731997363));
#4462=CARTESIAN_POINT('',(0.145057095934445,-0.048384697278367,-0.00748369753418013));
#4463=CARTESIAN_POINT('',(0.145253483092288,-0.0480360818261965,-0.00749203697554503));
#4464=CARTESIAN_POINT('',(0.145354770543054,-0.0478171892077122,-0.00749773305085321));
#4465=CARTESIAN_POINT('',(0.145445219924635,-0.0476034502025459,-0.00750349058742578));
#4466=CARTESIAN_POINT('',(0.145485233598605,-0.0474988138078639,-0.00750640028673703));
#4467=CARTESIAN_POINT('',(0.145556739326555,-0.047295838993716,-0.00751227278088047));
#4468=CARTESIAN_POINT('',(0.145588040816841,-0.0471982122359114,-0.00751523493010989));
#4469=CARTESIAN_POINT('',(0.145643519285124,-0.0470099360379278,-0.0075212053828253));
#4470=CARTESIAN_POINT('',(0.14569221946034,-0.0468264779084392,-0.00752722417142282));
#4471=CARTESIAN_POINT('',(0.145755462837577,-0.0465311242399923,-0.00753641313617224));
#4472=CARTESIAN_POINT('',(0.145795873057981,-0.0462864295607373,-0.00754482116617633));
#4473=CARTESIAN_POINT('',(0.145815839812668,-0.0461288630538756,-0.00755017008048908));
#4474=CARTESIAN_POINT('',(0.145825534444098,-0.0460450383343619,-0.00755322610908406));
#4475=CARTESIAN_POINT('',(0.145827806144865,-0.0460247322279576,-0.00755399007203857));
#4476=CARTESIAN_POINT('',(0.145834275465286,-0.0459643351962846,-0.00755628186641861));
#4477=CARTESIAN_POINT('',(0.145842015321644,-0.0458846667217328,-0.00755933735245654));
#4478=CARTESIAN_POINT('',(0.145853488620762,-0.0457337706058443,-0.00756392072692481));
#4479=CARTESIAN_POINT('',(0.145859418564867,-0.045621515146054,-0.00756850744207171));
#4480=CARTESIAN_POINT('',(0.145862389331747,-0.0455532475439538,-0.00757156161412441));
#4481=CARTESIAN_POINT('',(0.145866260774684,-0.0454543774078798,-0.00757614263025723));
#4482=CARTESIAN_POINT('',(0.145868061299121,-0.0453930583643712,-0.00757919718360063));
#4483=CARTESIAN_POINT('',(0.14587092639317,-0.045273988587446,-0.00758530679433392));
#4484=CARTESIAN_POINT('',(0.145871991128318,-0.0452162606491417,-0.00758836167868717));
#4485=CARTESIAN_POINT('',(0.14587438472586,-0.0450465668568405,-0.00759752733042264));
#4486=CARTESIAN_POINT('',(0.1458749577,-0.0449377567720445,-0.0076036394442795));
#4487=CARTESIAN_POINT('',(0.1458749577,-0.0448307909503046,-0.00760975248635401));
#4488=CARTESIAN_POINT('',(0.140080845150305,-0.0506249035,-0.00751899439697457));
#4489=CARTESIAN_POINT('',(0.14019385438802,-0.050624903500517,-0.00751899439686376));
#4490=CARTESIAN_POINT('',(0.140309417482428,-0.0506240091697375,-0.00751904188584237));
#4491=CARTESIAN_POINT('',(0.140546821448237,-0.0506198273249971,-0.00751926831085702));
#4492=CARTESIAN_POINT('',(0.140668788290978,-0.0506165374992728,-0.00751944638191499));
#4493=CARTESIAN_POINT('',(0.140868368369744,-0.0506074400938799,-0.00751987225601775));
#4494=CARTESIAN_POINT('',(0.140937140551278,-0.0506037741983209,-0.00752004130764946));
#4495=CARTESIAN_POINT('',(0.141045958515417,-0.0505967712007865,-0.00752035185240308));
#4496=CARTESIAN_POINT('',(0.141102473701053,-0.0505927859240919,-0.00752052220825216));
#4497=CARTESIAN_POINT('',(0.14116672552423,-0.0505873246666943,-0.00752072330047989));
#4498=CARTESIAN_POINT('',(0.141210323419456,-0.0505834611056028,-0.00752086481697615));
#4499=CARTESIAN_POINT('',(0.141232173083403,-0.0505814664912961,-0.0075209390757977));
#4500=CARTESIAN_POINT('',(0.141277334635819,-0.0505771171744798,-0.0075210968078173));
#4501=CARTESIAN_POINT('',(0.141325282240303,-0.0505722136588508,-0.00752126466194188));
#4502=CARTESIAN_POINT('',(0.141429501591944,-0.0505595808677826,-0.00752156706506009));
#4503=CARTESIAN_POINT('',(0.141488372276904,-0.0505514122479136,-0.00752189377002333));
#4504=CARTESIAN_POINT('',(0.141535516113701,-0.0505445526281623,-0.00752212860892675));
#4505=CARTESIAN_POINT('',(0.141606609022796,-0.0505338199104783,-0.00752249433933864));
#4506=CARTESIAN_POINT('',(0.141652363499434,-0.0505263188511906,-0.00752275626921036));
#4507=CARTESIAN_POINT('',(0.141745314181346,-0.0505099940087535,-0.0075233177070628));
#4508=CARTESIAN_POINT('',(0.141792939120211,-0.0505011211982884,-0.00752361718567257));
#4509=CARTESIAN_POINT('',(0.14203336168615,-0.0504533148084786,-0.00752521473943617));
#4510=CARTESIAN_POINT('',(0.142230818394196,-0.0504043374891837,-0.00752681373096212));
#4511=CARTESIAN_POINT('',(0.142532224619499,-0.0503109108449688,-0.00752972954621518));
#4512=CARTESIAN_POINT('',(0.142734493144333,-0.050241960533454,-0.00753184818330483));
#4513=CARTESIAN_POINT('',(0.142934386929317,-0.0501612224174293,-0.00753431114129679));
#4514=CARTESIAN_POINT('',(0.143090668307979,-0.0500917428516881,-0.00753632114691694));
#4515=CARTESIAN_POINT('',(0.143143871930261,-0.0500670951057904,-0.00753701823177876));
#4516=CARTESIAN_POINT('',(0.14325335983566,-0.0500140745000664,-0.00753847251600542));
#4517=CARTESIAN_POINT('',(0.143309544806631,-0.0499857020953006,-0.0075392298117688));
#4518=CARTESIAN_POINT('',(0.143482224595224,-0.0498938814022557,-0.00754160252877627));
#4519=CARTESIAN_POINT('',(0.143603128622269,-0.0498235630578905,-0.00754332032333698));
#4520=CARTESIAN_POINT('',(0.143853457720759,-0.049659925056339,-0.00754707237379999));
#4521=CARTESIAN_POINT('',(0.14411117052868,-0.0494739520513218,-0.00755113471120742));
#4522=CARTESIAN_POINT('',(0.144493688969628,-0.049123605529279,-0.00755819994688502));
#4523=CARTESIAN_POINT('',(0.144827087703378,-0.0487263783082304,-0.00756604181853652));
#4524=CARTESIAN_POINT('',(0.145054488878208,-0.0483888873414386,-0.00757430126499257));
#4525=CARTESIAN_POINT('',(0.145251116287091,-0.0480407074773723,-0.00758305696848103));
#4526=CARTESIAN_POINT('',(0.145352578543256,-0.0478220399733529,-0.00758899937419238));
#4527=CARTESIAN_POINT('',(0.145443205095562,-0.0476085014139091,-0.00759499078611445));
#4528=CARTESIAN_POINT('',(0.145483308809259,-0.0475039533981356,-0.00759801156362427));
#4529=CARTESIAN_POINT('',(0.145554989854692,-0.0473011347197752,-0.00760409394849171));
#4530=CARTESIAN_POINT('',(0.145586375474233,-0.0472035750382657,-0.00760715405037847));
#4531=CARTESIAN_POINT('',(0.145642013608971,-0.0470154154067097,-0.00761330931900031));
#4532=CARTESIAN_POINT('',(0.145690868909204,-0.046832057998985,-0.00761950453746706));
#4533=CARTESIAN_POINT('',(0.145754387509637,-0.0465368471927802,-0.00762898222747743));
#4534=CARTESIAN_POINT('',(0.145795010542792,-0.0462922388585757,-0.00763760579015387));
#4535=CARTESIAN_POINT('',(0.145815119236891,-0.0461347177586474,-0.00764310125036738));
#4536=CARTESIAN_POINT('',(0.14582488335051,-0.0460509139039774,-0.00764622533480843));
#4537=CARTESIAN_POINT('',(0.145827171193853,-0.0460306125291594,-0.00764700464505191));
#4538=CARTESIAN_POINT('',(0.145833688043339,-0.0459702289264659,-0.00764934137687078));
#4539=CARTESIAN_POINT('',(0.145841489911882,-0.0458905765596483,-0.00765245527281947));
#4540=CARTESIAN_POINT('',(0.14585311848081,-0.045739715356797,-0.00765721427937568));
#4541=CARTESIAN_POINT('',(0.145859128703734,-0.0456274707388048,-0.00766184425921219));
#4542=CARTESIAN_POINT('',(0.145862140082522,-0.0455592088849353,-0.00766493256888861));
#4543=CARTESIAN_POINT('',(0.145866065501507,-0.0454603460334215,-0.00766956005487667));
#4544=CARTESIAN_POINT('',(0.145867892981353,-0.0453990297941349,-0.00767263535703261));
#4545=CARTESIAN_POINT('',(0.1458708049011,-0.0452799646000212,-0.00767878221386653));
#4546=CARTESIAN_POINT('',(0.145871889461111,-0.0452222384939938,-0.00768185437863797));
#4547=CARTESIAN_POINT('',(0.14587433558866,-0.0450525491778757,-0.00769106641961609));
#4548=CARTESIAN_POINT('',(0.145874934985262,-0.0449437407034651,-0.0076972009245145));
#4549=CARTESIAN_POINT('',(0.1458749577,-0.0448367761726634,-0.00770333415103672));
#4550=CARTESIAN_POINT('',(0.140080845150305,-0.0506248320756533,-0.00760704949387755));
#4551=CARTESIAN_POINT('',(0.140193825244279,-0.0506248320765582,-0.00760704949376525));
#4552=CARTESIAN_POINT('',(0.140309354497617,-0.0506239383353823,-0.0076070972366032));
#4553=CARTESIAN_POINT('',(0.140546678765435,-0.0506197589935972,-0.00760732487260397));
#4554=CARTESIAN_POINT('',(0.140668599524133,-0.0506164711422377,-0.00760750391102166));
#4555=CARTESIAN_POINT('',(0.140868079299276,-0.0506073832293936,-0.00760793424165301));
#4556=CARTESIAN_POINT('',(0.140936813806254,-0.0506037213149711,-0.00760810518270185));
#4557=CARTESIAN_POINT('',(0.141045564646592,-0.0505967266751488,-0.00760841980276857));
#4558=CARTESIAN_POINT('',(0.141102042356691,-0.0505927465399617,-0.00760859266447616));
#4559=CARTESIAN_POINT('',(0.141166242472778,-0.0505872942825547,-0.0076087980314195));
#4560=CARTESIAN_POINT('',(0.141209804479282,-0.050583437132777,-0.00760894265126379));
#4561=CARTESIAN_POINT('',(0.141231636093582,-0.0505814457557185,-0.00760901851620613));
#4562=CARTESIAN_POINT('',(0.141276758857722,-0.0505771037489416,-0.00760917993607348));
#4563=CARTESIAN_POINT('',(0.141324662571429,-0.0505722090751703,-0.00760935224294028));
#4564=CARTESIAN_POINT('',(0.141428757141421,-0.0505596069035506,-0.00760966905931687));
#4565=CARTESIAN_POINT('',(0.141487586742059,-0.0505514501085323,-0.00761000161924559));
#4566=CARTESIAN_POINT('',(0.141534688623077,-0.0505446028013959,-0.00761024243059276));
#4567=CARTESIAN_POINT('',(0.141605718020171,-0.0505338894370096,-0.00761061755855112));
#4568=CARTESIAN_POINT('',(0.141651433377306,-0.0505264015003676,-0.00761088589930893));
#4569=CARTESIAN_POINT('',(0.141744303557268,-0.0505101056827838,-0.00761146154391695));
#4570=CARTESIAN_POINT('',(0.141791886315098,-0.0505012489662704,-0.00761176890626005));
#4571=CARTESIAN_POINT('',(0.14203209520961,-0.0504535300531931,-0.00761340942670311));
#4572=CARTESIAN_POINT('',(0.142229375855904,-0.0504046441805645,-0.00761505384966127));
#4573=CARTESIAN_POINT('',(0.142530517754455,-0.0503113966399068,-0.00761805987661784));
#4574=CARTESIAN_POINT('',(0.142732611221442,-0.0502425795421074,-0.00762024583939836));
#4575=CARTESIAN_POINT('',(0.142932341820053,-0.0501619957488786,-0.00762278956706124));
#4576=CARTESIAN_POINT('',(0.143088497244957,-0.0500926532380146,-0.00762487253323465));
#4577=CARTESIAN_POINT('',(0.143141658176084,-0.0500680547545278,-0.0076255959997069));
#4578=CARTESIAN_POINT('',(0.143251058738073,-0.0500151418840896,-0.00762710841084239));
#4579=CARTESIAN_POINT('',(0.143307199281929,-0.0499868279015552,-0.00762789745681883));
#4580=CARTESIAN_POINT('',(0.143479746078122,-0.0498951984626602,-0.00763037541971534));
#4581=CARTESIAN_POINT('',(0.143600561416861,-0.0498250296742933,-0.00763217700151208));
#4582=CARTESIAN_POINT('',(0.143850729596682,-0.0496617421278408,-0.00763613211875679));
#4583=CARTESIAN_POINT('',(0.144108299591743,-0.0494761679745266,-0.00764043183001484));
#4584=CARTESIAN_POINT('',(0.14449073238287,-0.049126542432294,-0.00764796300613282));
#4585=CARTESIAN_POINT('',(0.144824233583175,-0.0487300431848583,-0.00765634073103226));
#4586=CARTESIAN_POINT('',(0.145051810057422,-0.0483930389369788,-0.00766499954723239));
#4587=CARTESIAN_POINT('',(0.145248673779865,-0.0480453004633732,-0.00767417032160548));
#4588=CARTESIAN_POINT('',(0.145350309073651,-0.0478268617240765,-0.00768035894332579));
#4589=CARTESIAN_POINT('',(0.14544111137657,-0.0476135271507022,-0.00768658441897446));
#4590=CARTESIAN_POINT('',(0.145481304612131,-0.0475090692440161,-0.00768971656814227));
#4591=CARTESIAN_POINT('',(0.14555316005916,-0.047306409931283,-0.00769600931323117));
#4592=CARTESIAN_POINT('',(0.145584629376277,-0.0472089187921751,-0.00769916745877769));
#4593=CARTESIAN_POINT('',(0.14564042620914,-0.0470208783412597,-0.0077055071819082));
#4594=CARTESIAN_POINT('',(0.145689435658971,-0.0468376240558079,-0.00771187816981591));
#4595=CARTESIAN_POINT('',(0.145753228993954,-0.0465425605748189,-0.00772164559520492));
#4596=CARTESIAN_POINT('',(0.145794064758392,-0.0462980418857039,-0.00773048566574926));
#4597=CARTESIAN_POINT('',(0.145814315012094,-0.0461405682577928,-0.00773612744215828));
#4598=CARTESIAN_POINT('',(0.145824148711039,-0.0460567863281163,-0.0077393200578639));
#4599=CARTESIAN_POINT('',(0.145826452757673,-0.0460364899377995,-0.00774011490152074));
#4600=CARTESIAN_POINT('',(0.14583301733279,-0.0459761205091499,-0.00774249714817224));
#4601=CARTESIAN_POINT('',(0.145840881481064,-0.04589648521553,-0.00774567020775918));
#4602=CARTESIAN_POINT('',(0.145852663598585,-0.0457456608320606,-0.00775060160007769));
#4603=CARTESIAN_POINT('',(0.145858757052861,-0.0456334287625986,-0.00775528115770175));
#4604=CARTESIAN_POINT('',(0.145861809555543,-0.0455651733036769,-0.00775840472209153));
#4605=CARTESIAN_POINT('',(0.145865789545072,-0.0454663185713259,-0.00776307997329992));
#4606=CARTESIAN_POINT('',(0.145867644478416,-0.045405005585018,-0.00776617708131585));
#4607=CARTESIAN_POINT('',(0.1458706039947,-0.0452859457300596,-0.00777236281580755));
#4608=CARTESIAN_POINT('',(0.145871708585711,-0.0452282217492987,-0.0077754526954076));
#4609=CARTESIAN_POINT('',(0.1458742077437,-0.0450585376724609,-0.00778471217364358));
#4610=CARTESIAN_POINT('',(0.145874833893727,-0.0449497312040023,-0.00779086975422435));
#4611=CARTESIAN_POINT('',(0.14587487953398,-0.0448427682883583,-0.00779702359615215));
#4612=CARTESIAN_POINT('',(0.140080845150305,-0.0506199323654677,-0.00778604999603641));
#4613=CARTESIAN_POINT('',(0.140193741704207,-0.050619932366975,-0.00778604999592113));
#4614=CARTESIAN_POINT('',(0.140309173938161,-0.0506190400564117,-0.00778609825041818));
#4615=CARTESIAN_POINT('',(0.140546269754302,-0.0506148667791632,-0.00778632825881474));
#4616=CARTESIAN_POINT('',(0.140668058422369,-0.0506115837105466,-0.00778650918617984));
#4617=CARTESIAN_POINT('',(0.140867250366765,-0.050602518811957,-0.00778694830803149));
#4618=CARTESIAN_POINT('',(0.140935876747773,-0.0505988665487548,-0.00778712296764184));
#4619=CARTESIAN_POINT('',(0.14104443487055,-0.0505918921672765,-0.00778744556299433));
#4620=CARTESIAN_POINT('',(0.141100804945048,-0.0505879244957605,-0.0077876233296089));
#4621=CARTESIAN_POINT('',(0.141164856344469,-0.0505824940657114,-0.00778783711262696));
#4622=CARTESIAN_POINT('',(0.141208315117233,-0.0505786524635675,-0.00778798781810535));
#4623=CARTESIAN_POINT('',(0.141230094814776,-0.0505766689355421,-0.00778806681643232));
#4624=CARTESIAN_POINT('',(0.141275105972138,-0.0505723446522099,-0.00778823540710078));
#4625=CARTESIAN_POINT('',(0.141322883326769,-0.0505674714185211,-0.0077884163763654));
#4626=CARTESIAN_POINT('',(0.141426617895232,-0.050554943550665,-0.00778876164329219));
#4627=CARTESIAN_POINT('',(0.141485328691204,-0.0505468154551938,-0.00778910564431361));
#4628=CARTESIAN_POINT('',(0.141532309196924,-0.0505399980377059,-0.00778935817768389));
#4629=CARTESIAN_POINT('',(0.141603154725914,-0.0505293316610264,-0.00778975174920288));
#4630=CARTESIAN_POINT('',(0.141648756614551,-0.0505218755937022,-0.00779003266081575));
#4631=CARTESIAN_POINT('',(0.141741392865488,-0.0505056502893405,-0.0077906361639098));
#4632=CARTESIAN_POINT('',(0.141788852859368,-0.0504968326820911,-0.00779095898832789));
#4633=CARTESIAN_POINT('',(0.142028438466564,-0.050449326433258,-0.00779268377578802));
#4634=CARTESIAN_POINT('',(0.142225201183096,-0.0504006630634986,-0.00779441718630951));
#4635=CARTESIAN_POINT('',(0.1425255510471,-0.0503078528632067,-0.00779760018183846));
#4636=CARTESIAN_POINT('',(0.142727114891128,-0.0502393614880637,-0.00779991833921955));
#4637=CARTESIAN_POINT('',(0.142926339771485,-0.0501591562628851,-0.00780262014829402));
#4638=CARTESIAN_POINT('',(0.14308209680765,-0.0500901509182794,-0.0078048458938911));
#4639=CARTESIAN_POINT('',(0.143135121459215,-0.0500656737487181,-0.00780562098626332));
#4640=CARTESIAN_POINT('',(0.143244239917889,-0.0500130265643908,-0.00780724715863261));
#4641=CARTESIAN_POINT('',(0.143300235237945,-0.0499848568504365,-0.00780809834721372));
#4642=CARTESIAN_POINT('',(0.143472338979259,-0.0498937007516472,-0.00781078229882462));
#4643=CARTESIAN_POINT('',(0.143592847845779,-0.0498239032714308,-0.00781274785191474));
#4644=CARTESIAN_POINT('',(0.143842417055895,-0.0496614912965135,-0.00781710038572846));
#4645=CARTESIAN_POINT('',(0.144099407086619,-0.049476918860932,-0.00782186473040472));
#4646=CARTESIAN_POINT('',(0.144481210944867,-0.0491291365755575,-0.00783030919924539));
#4647=CARTESIAN_POINT('',(0.144814512227611,-0.0487345553446586,-0.00783973891578111));
#4648=CARTESIAN_POINT('',(0.145042190892914,-0.0483988770854836,-0.00784918653470939));
#4649=CARTESIAN_POINT('',(0.145239312438,-0.0480523800709451,-0.00785917425317954));
#4650=CARTESIAN_POINT('',(0.14534118774011,-0.0478346132904159,-0.00786584875176066));
#4651=CARTESIAN_POINT('',(0.145432248497314,-0.0476218914433341,-0.00787253676290293));
#4652=CARTESIAN_POINT('',(0.145472580446762,-0.0475177118678563,-0.0078758894335247));
#4653=CARTESIAN_POINT('',(0.1455447140401,-0.0473155559184977,-0.0078825985199294));
#4654=CARTESIAN_POINT('',(0.145576320755412,-0.0472182871936572,-0.00788595043659962));
#4655=CARTESIAN_POINT('',(0.145632383173025,-0.0470306430364648,-0.00789265356433408));
#4656=CARTESIAN_POINT('',(0.145681656605334,-0.0468477438129207,-0.00789937016537329));
#4657=CARTESIAN_POINT('',(0.145745937662636,-0.046553228774373,-0.00790971181288195));
#4658=CARTESIAN_POINT('',(0.145787162150939,-0.0463090793503965,-0.00791898145244005));
#4659=CARTESIAN_POINT('',(0.145807676246018,-0.0461518248458693,-0.00792491161747703));
#4660=CARTESIAN_POINT('',(0.145817640372855,-0.0460681474260201,-0.00792824056398849));
#4661=CARTESIAN_POINT('',(0.145819974858171,-0.0460478750912876,-0.00792906647743807));
#4662=CARTESIAN_POINT('',(0.145826629314529,-0.0459875754108933,-0.00793153983144738));
#4663=CARTESIAN_POINT('',(0.145834611371942,-0.0459080280519311,-0.00793483132619312));
#4664=CARTESIAN_POINT('',(0.145846685442969,-0.0457574102478601,-0.00794009608004709));
#4665=CARTESIAN_POINT('',(0.145852941948274,-0.0456452727110319,-0.00794488712282376));
#4666=CARTESIAN_POINT('',(0.145856074523193,-0.0455770648308968,-0.00794808269908559));
#4667=CARTESIAN_POINT('',(0.145860160884863,-0.0454782725129514,-0.00795285504632116));
#4668=CARTESIAN_POINT('',(0.145862069768271,-0.0454169890968445,-0.00795599748394562));
#4669=CARTESIAN_POINT('',(0.145865122905169,-0.0452979799384973,-0.00796226349148358));
#4670=CARTESIAN_POINT('',(0.145866266896678,-0.0452402771043541,-0.00796538928226169));
#4671=CARTESIAN_POINT('',(0.145868870507737,-0.0450706482406372,-0.00797474467620251));
#4672=CARTESIAN_POINT('',(0.145869549655525,-0.0449618682788444,-0.00798094929139202));
#4673=CARTESIAN_POINT('',(0.145869640723029,-0.0448549279081782,-0.00798714476399268));
#4674=CARTESIAN_POINT('',(0.140080845150305,-0.0506151136028752,-0.00787697570680423));
#4675=CARTESIAN_POINT('',(0.140193687362977,-0.0506151136045967,-0.00787697570668746));
#4676=CARTESIAN_POINT('',(0.140309056482629,-0.0506142221344479,-0.00787702421893826));
#4677=CARTESIAN_POINT('',(0.140546003695764,-0.0506100524162561,-0.00787725538865924));
#4678=CARTESIAN_POINT('',(0.140667706444355,-0.0506067721540287,-0.00787743723755326));
#4679=CARTESIAN_POINT('',(0.140866711051892,-0.0505977207675815,-0.00787788069363911));
#4680=CARTESIAN_POINT('',(0.140935267052979,-0.0505940741704477,-0.00787805718222081));
#4681=CARTESIAN_POINT('',(0.141043699709518,-0.0505871116811488,-0.00787838367727878));
#4682=CARTESIAN_POINT('',(0.141099999695228,-0.0505831513265949,-0.00787856384277516));
#4683=CARTESIAN_POINT('',(0.14116395418383,-0.0505777337148202,-0.00787878176675313));
#4684=CARTESIAN_POINT('',(0.141207345680145,-0.0505739012425062,-0.00787893545428479));
#4685=CARTESIAN_POINT('',(0.141229091545055,-0.0505719223229808,-0.00787901597979325));
#4686=CARTESIAN_POINT('',(0.141274029958085,-0.050567608445621,-0.00787918805328196));
#4687=CARTESIAN_POINT('',(0.141321724928481,-0.0505627478011641,-0.00787937323203139));
#4688=CARTESIAN_POINT('',(0.14142522451761,-0.0505502635866487,-0.00787973253473078));
#4689=CARTESIAN_POINT('',(0.141483857672975,-0.0505421523538294,-0.00788008212153535));
#4690=CARTESIAN_POINT('',(0.141530758840707,-0.0505353525008558,-0.00788034040401324));
#4691=CARTESIAN_POINT('',(0.14160148413728,-0.0505247137388937,-0.00788074302080614));
#4692=CARTESIAN_POINT('',(0.141647011753536,-0.0505172764048644,-0.00788103009190909));
#4693=CARTESIAN_POINT('',(0.141739494735909,-0.0505010925592361,-0.00788164724567005));
#4694=CARTESIAN_POINT('',(0.141786874230312,-0.0504922979508477,-0.00788197764783347));
#4695=CARTESIAN_POINT('',(0.142026050647084,-0.0504449167999243,-0.00788374373238598));
#4696=CARTESIAN_POINT('',(0.142222471854815,-0.0503963843922555,-0.00788552069587429));
#4697=CARTESIAN_POINT('',(0.1425222945791,-0.05030383224152,-0.00788879044135801));
#4698=CARTESIAN_POINT('',(0.142723504244365,-0.050235533235249,-0.00789117346220306));
#4699=CARTESIAN_POINT('',(0.142922386976756,-0.0501555520903001,-0.00789395257768885));
#4700=CARTESIAN_POINT('',(0.143077871890256,-0.0500867467086006,-0.00789624813738633));
#4701=CARTESIAN_POINT('',(0.143130803061747,-0.0500623415369387,-0.00789704847232663));
#4702=CARTESIAN_POINT('',(0.143239726988688,-0.0500098521854422,-0.00789873027519735));
#4703=CARTESIAN_POINT('',(0.143295621631558,-0.0499817682534691,-0.00789961185407322));
#4704=CARTESIAN_POINT('',(0.143467415684644,-0.0498908940278251,-0.00790239654156572));
#4705=CARTESIAN_POINT('',(0.143587707038684,-0.0498213181310219,-0.00790444227323039));
#4706=CARTESIAN_POINT('',(0.143836838775424,-0.049659430866254,-0.00790898914351526));
#4707=CARTESIAN_POINT('',(0.144093392263434,-0.0494754608239554,-0.00791398073202317));
#4708=CARTESIAN_POINT('',(0.144474653762458,-0.0491287998971351,-0.00792287251931497));
#4709=CARTESIAN_POINT('',(0.144807653449168,-0.0487354076694687,-0.00793281833145766));
#4710=CARTESIAN_POINT('',(0.145035259473823,-0.0484005678998555,-0.00794265534022968));
#4711=CARTESIAN_POINT('',(0.145232402917304,-0.0480548701677335,-0.00795304489388622));
#4712=CARTESIAN_POINT('',(0.145334345373954,-0.0478375461173342,-0.0079599590277464));
#4713=CARTESIAN_POINT('',(0.145425488992712,-0.0476252325699127,-0.00796687548482317));
#4714=CARTESIAN_POINT('',(0.145465870200809,-0.047521241006731,-0.00797033729190433));
#4715=CARTESIAN_POINT('',(0.145538107652744,-0.0473194286618292,-0.00797725233464616));
#4716=CARTESIAN_POINT('',(0.145569768115336,-0.0472223136278523,-0.00798069996789655));
#4717=CARTESIAN_POINT('',(0.145625937497155,-0.0470349462497681,-0.00798758202798095));
#4718=CARTESIAN_POINT('',(0.145675320825267,-0.046852298652501,-0.00799446845742115));
#4719=CARTESIAN_POINT('',(0.14573981495133,-0.0465581842020275,-0.0080050945557057));
#4720=CARTESIAN_POINT('',(0.145781215473196,-0.0463143140051106,-0.00801457722839163));
#4721=CARTESIAN_POINT('',(0.145801851865658,-0.0461572308967681,-0.00802064945149556));
#4722=CARTESIAN_POINT('',(0.14581187684218,-0.0460736359373199,-0.00802404618782123));
#4723=CARTESIAN_POINT('',(0.145814225564525,-0.0460533826447942,-0.00802488763504242));
#4724=CARTESIAN_POINT('',(0.145820922180914,-0.0459931384538179,-0.0080274065737709));
#4725=CARTESIAN_POINT('',(0.145828959872273,-0.0459136618463552,-0.00803075732987358));
#4726=CARTESIAN_POINT('',(0.145841172349029,-0.0457632135311264,-0.00803618305787483));
#4727=CARTESIAN_POINT('',(0.145847508677345,-0.0456511578381095,-0.0080410359702794));
#4728=CARTESIAN_POINT('',(0.145850680200147,-0.0455829910713481,-0.00804426829420962));
#4729=CARTESIAN_POINT('',(0.14585481836228,-0.0454842529551451,-0.00804908996051587));
#4730=CARTESIAN_POINT('',(0.14585675374144,-0.045422995809686,-0.0080522559141356));
#4731=CARTESIAN_POINT('',(0.145859852900522,-0.0453040319280124,-0.00805856330453961));
#4732=CARTESIAN_POINT('',(0.145861016260343,-0.0452463480811131,-0.00806170728755035));
#4733=CARTESIAN_POINT('',(0.14586367129045,-0.0450767691009805,-0.0080711111495062));
#4734=CARTESIAN_POINT('',(0.145864376680402,-0.0449680135946154,-0.00807733971764729));
#4735=CARTESIAN_POINT('',(0.145864490247517,-0.0448610941148921,-0.00808355620110654));
#4736=CARTESIAN_POINT('',(0.140080845150305,-0.0505976670157811,-0.00806207487288774));
#4737=CARTESIAN_POINT('',(0.140193537714108,-0.0505976670178212,-0.00806207487276809));
#4738=CARTESIAN_POINT('',(0.140308733011926,-0.0505967776294115,-0.00806212389375416));
#4739=CARTESIAN_POINT('',(0.140545270992716,-0.0505926167302872,-0.00806235729978367));
#4740=CARTESIAN_POINT('',(0.140666737137836,-0.0505893434216909,-0.0080625409182482));
#4741=CARTESIAN_POINT('',(0.140865225565738,-0.0505803255165262,-0.00806299277618831));
#4742=CARTESIAN_POINT('',(0.140933587631779,-0.0505766929606872,-0.00806317280234585));
#4743=CARTESIAN_POINT('',(0.141041674497542,-0.050569759951387,-0.00806350679913999));
#4744=CARTESIAN_POINT('',(0.141097781279497,-0.0505658177361472,-0.00806369158021406));
#4745=CARTESIAN_POINT('',(0.141161468444739,-0.0505604318996036,-0.00806391751639608));
#4746=CARTESIAN_POINT('',(0.141204674351848,-0.0505566220643369,-0.00806407695183656));
#4747=CARTESIAN_POINT('',(0.141226326888921,-0.0505546545744446,-0.00806416040619197));
#4748=CARTESIAN_POINT('',(0.141271064602123,-0.0505503665116196,-0.00806433913708347));
#4749=CARTESIAN_POINT('',(0.141318532214209,-0.0505455370996482,-0.00806453236625328));
#4750=CARTESIAN_POINT('',(0.14142138264243,-0.0505331611270948,-0.00806491889303776));
#4751=CARTESIAN_POINT('',(0.141479801067667,-0.0505250917439924,-0.00806527920951457));
#4752=CARTESIAN_POINT('',(0.141526482765231,-0.0505183354748606,-0.00806554858264174));
#4753=CARTESIAN_POINT('',(0.141596875351322,-0.0505077652425102,-0.00806596864796166));
#4754=CARTESIAN_POINT('',(0.141642197249911,-0.0505003744112318,-0.00806626759072695));
#4755=CARTESIAN_POINT('',(0.141734255340609,-0.0504842935088204,-0.00806691105540302));
#4756=CARTESIAN_POINT('',(0.141781411508412,-0.0504755560186557,-0.00806725606563784));
#4757=CARTESIAN_POINT('',(0.142019451497929,-0.0504284856568831,-0.00806910175927948));
#4758=CARTESIAN_POINT('',(0.142214920503273,-0.0503802788558191,-0.00807096257702166));
#4759=CARTESIAN_POINT('',(0.142513261125162,-0.0502883700082138,-0.0080743995917378));
#4760=CARTESIAN_POINT('',(0.142713470770695,-0.0502205510354463,-0.00807690779174758));
#4761=CARTESIAN_POINT('',(0.142911377690551,-0.0501411306069606,-0.00807983563474977));
#4762=CARTESIAN_POINT('',(0.143066080170298,-0.050072826689518,-0.00808226549111005));
#4763=CARTESIAN_POINT('',(0.143118741605792,-0.0500486022146159,-0.00808311438224782));
#4764=CARTESIAN_POINT('',(0.143227101739047,-0.0499965094064625,-0.00808490320722616));
#4765=CARTESIAN_POINT('',(0.143282703315601,-0.0499686412126942,-0.00808584325440093));
#4766=CARTESIAN_POINT('',(0.143453589823604,-0.0498784770743003,-0.00808882174699629));
#4767=CARTESIAN_POINT('',(0.143573235960901,-0.049809460698648,-0.00809102171689649));
#4768=CARTESIAN_POINT('',(0.143821041165882,-0.0496489044953828,-0.00809594244325256));
#4769=CARTESIAN_POINT('',(0.144076241591225,-0.049466468335907,-0.00810137126252998));
#4770=CARTESIAN_POINT('',(0.144455670239347,-0.0491226980087655,-0.00811112487634218));
#4771=CARTESIAN_POINT('',(0.144787402322089,-0.0487324308077432,-0.00812206654364411));
#4772=CARTESIAN_POINT('',(0.14501445281071,-0.048399838040877,-0.00813265925377603));
#4773=CARTESIAN_POINT('',(0.145211284536818,-0.0480563202155759,-0.00814382607649912));
#4774=CARTESIAN_POINT('',(0.145313184627476,-0.0478402294767052,-0.00815120489173113));
#4775=CARTESIAN_POINT('',(0.145404338427458,-0.0476290648345339,-0.0081585649099636));
#4776=CARTESIAN_POINT('',(0.145444750393788,-0.0475256085999813,-0.00816223901640246));
#4777=CARTESIAN_POINT('',(0.145517076581723,-0.0473247834464771,-0.00816955453532706));
#4778=CARTESIAN_POINT('',(0.14554879392861,-0.0472281145540806,-0.00817318803984028));
#4779=CARTESIAN_POINT('',(0.145605089892118,-0.0470415578273649,-0.00818041653542121));
#4780=CARTESIAN_POINT('',(0.145654618200883,-0.046859655976139,-0.00818763115780195));
#4781=CARTESIAN_POINT('',(0.145719432124354,-0.046566756155056,-0.00819881106481057));
#4782=CARTESIAN_POINT('',(0.14576112037625,-0.0463237542771604,-0.00820870892558519));
#4783=CARTESIAN_POINT('',(0.145781967574774,-0.0461672168320299,-0.00821505630195817));
#4784=CARTESIAN_POINT('',(0.145792098474733,-0.046083885828259,-0.00821858547703853));
#4785=CARTESIAN_POINT('',(0.145794472061638,-0.0460636936089195,-0.00821945742198151));
#4786=CARTESIAN_POINT('',(0.145801242718998,-0.0460036279646894,-0.00822206591857852));
#4787=CARTESIAN_POINT('',(0.145809379277237,-0.0459243806710308,-0.00822553310835362));
#4788=CARTESIAN_POINT('',(0.145821843239079,-0.045774489229607,-0.00823126482949219));
#4789=CARTESIAN_POINT('',(0.145828328287618,-0.0456627099692394,-0.00823625003200137));
#4790=CARTESIAN_POINT('',(0.145831572752083,-0.0455946822498749,-0.00823955581638599));
#4791=CARTESIAN_POINT('',(0.145835808249789,-0.0454961279992775,-0.00824447567788609));
#4792=CARTESIAN_POINT('',(0.145837793928192,-0.0454349610462223,-0.00824768930557968));
#4793=CARTESIAN_POINT('',(0.145840980731057,-0.0453161530857637,-0.00825408014769471));
#4794=CARTESIAN_POINT('',(0.145842181133135,-0.045258534856478,-0.00825726026742363));
#4795=CARTESIAN_POINT('',(0.145844934814159,-0.0450891288581164,-0.0082667601930582));
#4796=CARTESIAN_POINT('',(0.145845690973474,-0.04498045906845,-0.00827303655990292));
#4797=CARTESIAN_POINT('',(0.145845848187767,-0.0448736129998176,-0.00827929464172919));
#4798=CARTESIAN_POINT('',(0.140080845150305,-0.0505850487145259,-0.00815622863371538));
#4799=CARTESIAN_POINT('',(0.14019344246157,-0.0505850487166701,-0.00815622863359432));
#4800=CARTESIAN_POINT('',(0.140308527115868,-0.0505841605689905,-0.00815627790551592));
#4801=CARTESIAN_POINT('',(0.140544804618,-0.0505800049273522,-0.00815651238644429));
#4802=CARTESIAN_POINT('',(0.140666120166236,-0.0505767357640091,-0.00815669685289164));
#4803=CARTESIAN_POINT('',(0.140864279941627,-0.0505677378184212,-0.00815715277799429));
#4804=CARTESIAN_POINT('',(0.140932518524037,-0.0505641136337934,-0.00815733451258328));
#4805=CARTESIAN_POINT('',(0.141040385192784,-0.0505571982038598,-0.00815767211114093));
#4806=CARTESIAN_POINT('',(0.141096368931047,-0.0505532668057704,-0.0081578591087442));
#4807=CARTESIAN_POINT('',(0.141159885782505,-0.0505478999170907,-0.00815808891577118));
#4808=CARTESIAN_POINT('',(0.141202973445426,-0.0505441035825512,-0.00815825111683442));
#4809=CARTESIAN_POINT('',(0.141224566521773,-0.050542142910507,-0.00815833597277292));
#4810=CARTESIAN_POINT('',(0.141269176353648,-0.0505378702488116,-0.00815851787811387));
#4811=CARTESIAN_POINT('',(0.141316499075722,-0.0505330594711011,-0.00815871494804843));
#4812=CARTESIAN_POINT('',(0.141418935562916,-0.0505207480561944,-0.00815911466162619));
#4813=CARTESIAN_POINT('',(0.141477216978367,-0.0505127036481126,-0.00815948012164803));
#4814=CARTESIAN_POINT('',(0.141523758625286,-0.0505059733857888,-0.00815975483584513));
#4815=CARTESIAN_POINT('',(0.141593938856998,-0.0504954440486411,-0.00816018330367789));
#4816=CARTESIAN_POINT('',(0.141639129386915,-0.0504880809734417,-0.00816048795813655));
#4817=CARTESIAN_POINT('',(0.141730916013012,-0.0504720615258785,-0.00816114408199728));
#4818=CARTESIAN_POINT('',(0.141777929437127,-0.0504633581386251,-0.00816149612196186));
#4819=CARTESIAN_POINT('',(0.142015242615281,-0.0504164733784917,-0.00816338012435501));
#4820=CARTESIAN_POINT('',(0.142210101286248,-0.0503684611278293,-0.00816528124021994));
#4821=CARTESIAN_POINT('',(0.142507487513535,-0.0502769373465457,-0.00816879876729964));
#4822=CARTESIAN_POINT('',(0.142707051704447,-0.0502094058983405,-0.00817136727756446));
#4823=CARTESIAN_POINT('',(0.14290432534365,-0.0501303219410639,-0.00817436653634235));
#4824=CARTESIAN_POINT('',(0.143058517824623,-0.0500623193764972,-0.00817686087049504));
#4825=CARTESIAN_POINT('',(0.143111003112531,-0.0500382035468402,-0.00817773307354074));
#4826=CARTESIAN_POINT('',(0.143218994212005,-0.0499863493312047,-0.00817957328630172));
#4827=CARTESIAN_POINT('',(0.143274403518926,-0.0499586110292927,-0.00818054140938378));
#4828=CARTESIAN_POINT('',(0.143444692544324,-0.0498688748921929,-0.00818361296425664));
#4829=CARTESIAN_POINT('',(0.143563911248791,-0.0498001962855394,-0.00818588698833504));
#4830=CARTESIAN_POINT('',(0.143810827973048,-0.0496404460273407,-0.008190987220975));
#4831=CARTESIAN_POINT('',(0.144065112487203,-0.0494589408846581,-0.00819662601145432));
#4832=CARTESIAN_POINT('',(0.144443251567482,-0.0491169388801473,-0.00820679409950462));
#4833=CARTESIAN_POINT('',(0.14477401843037,-0.0487286066628453,-0.00821821548357744));
#4834=CARTESIAN_POINT('',(0.145000586491319,-0.0483974216289338,-0.00822917446208521));
#4835=CARTESIAN_POINT('',(0.14519708499097,-0.0480552836418473,-0.00824071668066241));
#4836=CARTESIAN_POINT('',(0.145298875744934,-0.0478399830204603,-0.00824832051641439));
#4837=CARTESIAN_POINT('',(0.145389957022469,-0.0476295585433163,-0.00825589562403558));
#4838=CARTESIAN_POINT('',(0.145430350555008,-0.0475264494152719,-0.00825967288003616));
#4839=CARTESIAN_POINT('',(0.145502661734231,-0.047326267455418,-0.00826718289404919));
#4840=CARTESIAN_POINT('',(0.145534382264793,-0.0472298908327364,-0.0082709065423613));
#4841=CARTESIAN_POINT('',(0.145590697923364,-0.0470438676443066,-0.00827830252334347));
#4842=CARTESIAN_POINT('',(0.145640261379902,-0.0468624595994871,-0.0082856754949742));
#4843=CARTESIAN_POINT('',(0.145705182113013,-0.0465703732905691,-0.0082971247239659));
#4844=CARTESIAN_POINT('',(0.145746982102357,-0.0463279601116456,-0.00830722471168334));
#4845=CARTESIAN_POINT('',(0.145767917825168,-0.0461717966783607,-0.00831370516889293));
#4846=CARTESIAN_POINT('',(0.145778093806,-0.0460886470454332,-0.00831729898318672));
#4847=CARTESIAN_POINT('',(0.145780478022074,-0.0460684968281966,-0.00831818588947209));
#4848=CARTESIAN_POINT('',(0.145787280564795,-0.0460085541565015,-0.00832083835141246));
#4849=CARTESIAN_POINT('',(0.145795460360504,-0.0459294653151869,-0.00832436270333942));
#4850=CARTESIAN_POINT('',(0.145808037402522,-0.0457799609875519,-0.00833023944184215));
#4851=CARTESIAN_POINT('',(0.145814591351604,-0.0456683761757298,-0.0083352950270909));
#4852=CARTESIAN_POINT('',(0.14581786980939,-0.0456004463199235,-0.00833863751477124));
#4853=CARTESIAN_POINT('',(0.145822150841073,-0.0455020216396885,-0.00834360624065834));
#4854=CARTESIAN_POINT('',(0.145824160322152,-0.0454409185618152,-0.00834684401867722));
#4855=CARTESIAN_POINT('',(0.145827388744724,-0.0453222211651156,-0.00835327691711481));
#4856=CARTESIAN_POINT('',(0.145828606819559,-0.0452646495320924,-0.00835647497721244));
#4857=CARTESIAN_POINT('',(0.145831407728869,-0.0450953665416611,-0.00836602248807877));
#4858=CARTESIAN_POINT('',(0.145832188413214,-0.0449867579679795,-0.00837232269470072));
#4859=CARTESIAN_POINT('',(0.145832366772948,-0.0448799643806181,-0.00837860135962676));
#4860=CARTESIAN_POINT('',(0.140080845150305,-0.050550207918192,-0.00834645776326328));
#4861=CARTESIAN_POINT('',(0.140193202250228,-0.05055020792048,-0.00834645776313954));
#4862=CARTESIAN_POINT('',(0.140308007870174,-0.0505493227327084,-0.00834650751747196));
#4863=CARTESIAN_POINT('',(0.140543628488871,-0.0505451796413437,-0.00834674402333911));
#4864=CARTESIAN_POINT('',(0.14066456426215,-0.0505419203733458,-0.00834693008356034));
#4865=CARTESIAN_POINT('',(0.140861895028825,-0.0505329700671973,-0.00834739371582868));
#4866=CARTESIAN_POINT('',(0.140929822120673,-0.0505293658651124,-0.00834757868150649));
#4867=CARTESIAN_POINT('',(0.141037133291831,-0.0505224924106606,-0.00834792305893876));
#4868=CARTESIAN_POINT('',(0.141092806598276,-0.0505185868421963,-0.00834811422902679));
#4869=CARTESIAN_POINT('',(0.141155893625941,-0.0505132651911927,-0.0083483513591307));
#4870=CARTESIAN_POINT('',(0.141198682866482,-0.0505095010961131,-0.00834851877467873));
#4871=CARTESIAN_POINT('',(0.141220125879342,-0.0505075567091547,-0.00834860626125494));
#4872=CARTESIAN_POINT('',(0.14126441294795,-0.050503320842492,-0.00834879410671386));
#4873=CARTESIAN_POINT('',(0.141311369933283,-0.0504985545852697,-0.00834899836689464));
#4874=CARTESIAN_POINT('',(0.141412761042147,-0.0504863973188246,-0.00834942308166794));
#4875=CARTESIAN_POINT('',(0.141470696279137,-0.0504784125883681,-0.00834979820972054));
#4876=CARTESIAN_POINT('',(0.141516884031263,-0.050471744457331,-0.0083500830018135));
#4877=CARTESIAN_POINT('',(0.141586527580782,-0.050461312827036,-0.00835052732344827));
#4878=CARTESIAN_POINT('',(0.141631385967921,-0.0504540160793903,-0.00835084274649236));
#4879=CARTESIAN_POINT('',(0.141722485976685,-0.0504381435115934,-0.00835152273819808));
#4880=CARTESIAN_POINT('',(0.14176913823984,-0.0504295216412682,-0.00835188803406761));
#4881=CARTESIAN_POINT('',(0.142004611611523,-0.0503830806190868,-0.00835384427352765));
#4882=CARTESIAN_POINT('',(0.142197922653986,-0.0503355337245486,-0.00835582129380911));
#4883=CARTESIAN_POINT('',(0.142492880091494,-0.0502449324487996,-0.0083594906717991));
#4884=CARTESIAN_POINT('',(0.142690798751272,-0.0501780902108931,-0.00836217302056054));
#4885=CARTESIAN_POINT('',(0.142886451131712,-0.0500998141548727,-0.0083653067038869));
#4886=CARTESIAN_POINT('',(0.143039333640424,-0.0500325360957668,-0.00836792238986031));
#4887=CARTESIAN_POINT('',(0.143091365836448,-0.0500086815874324,-0.00836883846659358));
#4888=CARTESIAN_POINT('',(0.143198406036528,-0.0499574016047708,-0.00837077540257735));
#4889=CARTESIAN_POINT('',(0.143253319062136,-0.049929976102012,-0.00837179637350315));
#4890=CARTESIAN_POINT('',(0.143422061871637,-0.0498412716498832,-0.00837504309976108));
#4891=CARTESIAN_POINT('',(0.143540169323862,-0.0497734083234114,-0.0083774565025951));
#4892=CARTESIAN_POINT('',(0.143784757602366,-0.0496156084687461,-0.0083828945990583));
#4893=CARTESIAN_POINT('',(0.144036623512301,-0.049436361145357,-0.00838892865023136));
#4894=CARTESIAN_POINT('',(0.144411265778995,-0.0490986762942209,-0.00839987791025373));
#4895=CARTESIAN_POINT('',(0.144739283184867,-0.0487151161718034,-0.00841220466498774));
#4896=CARTESIAN_POINT('',(0.144964377829224,-0.048387436169511,-0.00842385841102387));
#4897=CARTESIAN_POINT('',(0.145159767414061,-0.0480487626131656,-0.00843611064476233));
#4898=CARTESIAN_POINT('',(0.145261118251747,-0.047835464638389,-0.0084441410090082));
#4899=CARTESIAN_POINT('',(0.1453518591071,-0.047626924325322,-0.00845212428253916));
#4900=CARTESIAN_POINT('',(0.145392130316665,-0.0475247031580589,-0.00845609759625613));
#4901=CARTESIAN_POINT('',(0.145464261029454,-0.047326172681566,-0.00846397715957867));
#4902=CARTESIAN_POINT('',(0.145495923730976,-0.0472305496137619,-0.00846787188866837));
#4903=CARTESIAN_POINT('',(0.145552167754683,-0.0470459068996407,-0.0084755849111388));
#4904=CARTESIAN_POINT('',(0.145601706059745,-0.0468657823244723,-0.00848325713534583));
#4905=CARTESIAN_POINT('',(0.145666703063038,-0.0465758278823707,-0.00849521864685247));
#4906=CARTESIAN_POINT('',(0.145708642257795,-0.0463349709469654,-0.00850570344108909));
#4907=CARTESIAN_POINT('',(0.145729710237443,-0.046179803907836,-0.00851243590295196));
#4908=CARTESIAN_POINT('',(0.145739955258988,-0.046097138243853,-0.00851615303032402));
#4909=CARTESIAN_POINT('',(0.145742355877603,-0.0460771001672693,-0.00851706859662976));
#4910=CARTESIAN_POINT('',(0.145749208315514,-0.0460174861473865,-0.0085198053260491));
#4911=CARTESIAN_POINT('',(0.145757457724001,-0.0459388217280502,-0.00852343924419883));
#4912=CARTESIAN_POINT('',(0.145770226909674,-0.0457903589847132,-0.00852958594130269));
#4913=CARTESIAN_POINT('',(0.145776901915884,-0.0456793009011632,-0.00853478478962899));
#4914=CARTESIAN_POINT('',(0.145780241063368,-0.0456116364160645,-0.00853819860978646));
#4915=CARTESIAN_POINT('',(0.14578460389905,-0.0455135633959006,-0.00854326200513356));
#4916=CARTESIAN_POINT('',(0.145786656801709,-0.0454526342168789,-0.00854654721858728));
#4917=CARTESIAN_POINT('',(0.145789961581593,-0.0453342380941179,-0.00855306239824627));
#4918=CARTESIAN_POINT('',(0.145791212353564,-0.0452767935721569,-0.00855629515183665));
#4919=CARTESIAN_POINT('',(0.145794101096863,-0.0451078464521112,-0.00856593452239831));
#4920=CARTESIAN_POINT('',(0.145794927945024,-0.0449994054839355,-0.00857228099771888));
#4921=CARTESIAN_POINT('',(0.145795146300368,-0.0448927556952502,-0.00857859936220275));
#4922=CARTESIAN_POINT('',(0.140080845150305,-0.0505279949463597,-0.00844251343749547));
#4923=CARTESIAN_POINT('',(0.140193057346525,-0.0505279949486872,-0.00844251343737048));
#4924=CARTESIAN_POINT('',(0.140307694639651,-0.0505271114794991,-0.0084425634231322));
#4925=CARTESIAN_POINT('',(0.140542919004251,-0.0505229756783971,-0.00844280087895399));
#4926=CARTESIAN_POINT('',(0.140663625686568,-0.0505197221585023,-0.00844298768490752));
#4927=CARTESIAN_POINT('',(0.140860456287304,-0.0505107995226531,-0.00844345495672151));
#4928=CARTESIAN_POINT('',(0.140928195443716,-0.0505072069278847,-0.00844364144488365));
#4929=CARTESIAN_POINT('',(0.141035171441822,-0.0505003578610954,-0.00844398899915983));
#4930=CARTESIAN_POINT('',(0.141090657431418,-0.0504964672999045,-0.00844418212503673));
#4931=CARTESIAN_POINT('',(0.141153485047829,-0.0504911719296201,-0.00844442270697344));
#4932=CARTESIAN_POINT('',(0.141196094178748,-0.0504874265667829,-0.00844459257115071));
#4933=CARTESIAN_POINT('',(0.141217446623324,-0.0504854916437774,-0.00844468128669917));
#4934=CARTESIAN_POINT('',(0.14126153888416,-0.050481277163585,-0.00844487189769352));
#4935=CARTESIAN_POINT('',(0.141308275106829,-0.0504765367835971,-0.00844507950718494));
#4936=CARTESIAN_POINT('',(0.141409035018936,-0.0504644690769923,-0.00844551603484128));
#4937=CARTESIAN_POINT('',(0.141466761166987,-0.0504565190370961,-0.00844589568703558));
#4938=CARTESIAN_POINT('',(0.141512735156499,-0.0504498870180184,-0.00844618521548271));
#4939=CARTESIAN_POINT('',(0.14158205450189,-0.0504395121796817,-0.00844663698766638));
#4940=CARTESIAN_POINT('',(0.141626712191537,-0.0504322539901336,-0.00844695746712365));
#4941=CARTESIAN_POINT('',(0.141717397206079,-0.0504164668176196,-0.00844764866642616));
#4942=CARTESIAN_POINT('',(0.141763831135396,-0.0504078923448598,-0.00844802018787457));
#4943=CARTESIAN_POINT('',(0.14199819193744,-0.0503617093693894,-0.00845001035240476));
#4944=CARTESIAN_POINT('',(0.142190566044986,-0.0503144331864612,-0.00845202297581571));
#4945=CARTESIAN_POINT('',(0.142484049655391,-0.0502243691626729,-0.00845576368543831));
#4946=CARTESIAN_POINT('',(0.142680968625004,-0.0501579284704339,-0.00845849955699561));
#4947=CARTESIAN_POINT('',(0.142875633411251,-0.050080123679436,-0.00846169624376536));
#4948=CARTESIAN_POINT('',(0.143027716258789,-0.0500132686244403,-0.0084643687989971));
#4949=CARTESIAN_POINT('',(0.143079471618852,-0.049989566738568,-0.00846530543578853));
#4950=CARTESIAN_POINT('',(0.143185930181491,-0.0499386222783681,-0.00846728770338892));
#4951=CARTESIAN_POINT('',(0.143240539314916,-0.0499113796185389,-0.00846833344415429));
#4952=CARTESIAN_POINT('',(0.143408333765376,-0.0498232786372763,-0.00847166227257605));
#4953=CARTESIAN_POINT('',(0.143525757669621,-0.0497558926532484,-0.00847414099450471));
#4954=CARTESIAN_POINT('',(0.143768906560754,-0.0495992368507631,-0.0084797374351911));
#4955=CARTESIAN_POINT('',(0.144019270386422,-0.0494213158571276,-0.00848595676012002));
#4956=CARTESIAN_POINT('',(0.144391706331208,-0.0490861789182419,-0.0084972726840452));
#4957=CARTESIAN_POINT('',(0.144717940288,-0.0487054548672972,-0.00851002504988815));
#4958=CARTESIAN_POINT('',(0.144942044411152,-0.0483798713834385,-0.00852200725193647));
#4959=CARTESIAN_POINT('',(0.14513665869694,-0.0480432816334301,-0.00853459406695604));
#4960=CARTESIAN_POINT('',(0.145237679138883,-0.0478311957238649,-0.00854282591360302));
#4961=CARTESIAN_POINT('',(0.145328152252384,-0.0476237989692851,-0.00855100223782256));
#4962=CARTESIAN_POINT('',(0.14536831963939,-0.0475221184464703,-0.0085550684463576));
#4963=CARTESIAN_POINT('',(0.14544028500834,-0.0473245958663977,-0.008563123039144));
#4964=CARTESIAN_POINT('',(0.145471886743809,-0.0472294339027542,-0.00856709869432865));
#4965=CARTESIAN_POINT('',(0.14552803951517,-0.0470456377906813,-0.00857496125514075));
#4966=CARTESIAN_POINT('',(0.145577517583905,-0.0468663025654,-0.00858277436738452));
#4967=CARTESIAN_POINT('',(0.145642484128733,-0.0465776659487984,-0.00859497880345791));
#4968=CARTESIAN_POINT('',(0.145684450832436,-0.0463377761649493,-0.00860564624925285));
#4969=CARTESIAN_POINT('',(0.145705562560243,-0.0461832312529483,-0.00861249762056689));
#4970=CARTESIAN_POINT('',(0.145715831548749,-0.0461008680626336,-0.00861627341207674));
#4971=CARTESIAN_POINT('',(0.145718237942373,-0.0460809000957233,-0.00861720267445268));
#4972=CARTESIAN_POINT('',(0.145725108394534,-0.0460214916703246,-0.00861997969820163));
#4973=CARTESIAN_POINT('',(0.145733384182865,-0.0459430931106621,-0.00862366601025868));
#4974=CARTESIAN_POINT('',(0.145746232432837,-0.0457952845666602,-0.0086299376469736));
#4975=CARTESIAN_POINT('',(0.145752959598963,-0.0456845586225443,-0.00863520933790075));
#4976=CARTESIAN_POINT('',(0.145756325442363,-0.0456170615741298,-0.00863865777774935));
#4977=CARTESIAN_POINT('',(0.145760724546933,-0.0455192105501742,-0.00864376696643326));
#4978=CARTESIAN_POINT('',(0.145762797067683,-0.0454583913482479,-0.00864707545724323));
#4979=CARTESIAN_POINT('',(0.145766136583279,-0.0453401858548842,-0.00865363084927866));
#4980=CARTESIAN_POINT('',(0.145767402378443,-0.0452828218136156,-0.00865688035187625));
#4981=CARTESIAN_POINT('',(0.145770331723861,-0.0451140874657688,-0.00866656398646953));
#4982=CARTESIAN_POINT('',(0.14577118020864,-0.0450057528418279,-0.00867293288473668));
#4983=CARTESIAN_POINT('',(0.145771417412027,-0.0448991943316706,-0.00867927036126993));
#4984=CARTESIAN_POINT('',(0.140080845150305,-0.0504457140989292,-0.00872993455973536));
#4985=CARTESIAN_POINT('',(0.140192542947616,-0.0504457141013244,-0.00872993455960686));
#4986=CARTESIAN_POINT('',(0.14030658268052,-0.050444836540666,-0.00872998519054119));
#4987=CARTESIAN_POINT('',(0.140540400369679,-0.0504407258164674,-0.00873022525236467));
#4988=CARTESIAN_POINT('',(0.140660293800242,-0.050437492069335,-0.00873041410033118));
#4989=CARTESIAN_POINT('',(0.140855348615976,-0.0504286646032668,-0.00873089140616133));
#4990=CARTESIAN_POINT('',(0.140922420517096,-0.0504251119338849,-0.00873108208482232));
#4991=CARTESIAN_POINT('',(0.14102820644901,-0.0504183467698199,-0.00873143834724286));
#4992=CARTESIAN_POINT('',(0.141083027321691,-0.0504145078402041,-0.00873163683502745));
#4993=CARTESIAN_POINT('',(0.141144933681281,-0.0504093028770234,-0.00873188692035438));
#4994=CARTESIAN_POINT('',(0.141186903173671,-0.0504056219632612,-0.0087320635067681));
#4995=CARTESIAN_POINT('',(0.141207933978076,-0.0504037196071453,-0.00873215558309854));
#4996=CARTESIAN_POINT('',(0.141251334380165,-0.0503995787317145,-0.00873235373690204));
#4997=CARTESIAN_POINT('',(0.141297286514681,-0.0503949274134074,-0.00873257048507885));
#4998=CARTESIAN_POINT('',(0.141395804031519,-0.0503831678179694,-0.00873303959361004));
#4999=CARTESIAN_POINT('',(0.141452787175661,-0.0503753371807934,-0.00873343163321073));
#5000=CARTESIAN_POINT('',(0.141498001515845,-0.0503688294404564,-0.00873373417260133));
#5001=CARTESIAN_POINT('',(0.141566168641799,-0.0503586500590027,-0.00873420641103259));
#5002=CARTESIAN_POINT('',(0.141610112900735,-0.050351524588313,-0.00873454077122711));
#5003=CARTESIAN_POINT('',(0.141699322410798,-0.0503360313799462,-0.00873526273816691));
#5004=CARTESIAN_POINT('',(0.141744979924445,-0.0503276200799603,-0.00873565135248954));
#5005=CARTESIAN_POINT('',(0.141975383336834,-0.050282325578916,-0.00873773465972068));
#5006=CARTESIAN_POINT('',(0.142164421778533,-0.0502359817582138,-0.00873984494129055));
#5007=CARTESIAN_POINT('',(0.142452648473357,-0.0501477698764713,-0.00874378153056525));
#5008=CARTESIAN_POINT('',(0.142645998407324,-0.0500827139615427,-0.00874666447627007));
#5009=CARTESIAN_POINT('',(0.142837129802644,-0.0500065360881596,-0.00875003387866057));
#5010=CARTESIAN_POINT('',(0.142986346852391,-0.0499411424873055,-0.00875286231877571));
#5011=CARTESIAN_POINT('',(0.143037109389709,-0.0499179680495817,-0.00875385531187239));
#5012=CARTESIAN_POINT('',(0.143141480190342,-0.0498681835559772,-0.00875596184699438));
#5013=CARTESIAN_POINT('',(0.143194997579938,-0.0498415732430357,-0.0087570754923438));
#5014=CARTESIAN_POINT('',(0.143359380637569,-0.0497555605349624,-0.00876062939583726));
#5015=CARTESIAN_POINT('',(0.143474340163481,-0.0496898277111229,-0.0087632871689144));
#5016=CARTESIAN_POINT('',(0.143712279652412,-0.0495371402649808,-0.00876931767257579));
#5017=CARTESIAN_POINT('',(0.143957187702317,-0.0493638256582131,-0.00877604494379261));
#5018=CARTESIAN_POINT('',(0.144321513704448,-0.0490375725490983,-0.00878836715204154));
#5019=CARTESIAN_POINT('',(0.144641058849953,-0.0486667945853529,-0.00880228893336703));
#5020=CARTESIAN_POINT('',(0.144861355371388,-0.0483486025328657,-0.00881517743059565));
#5021=CARTESIAN_POINT('',(0.145052912769571,-0.0480193929530855,-0.00882868521553826));
#5022=CARTESIAN_POINT('',(0.145152574095933,-0.0478116212810038,-0.00883747267231045));
#5023=CARTESIAN_POINT('',(0.145241918049456,-0.0476083040348481,-0.00884618185342315));
#5024=CARTESIAN_POINT('',(0.145281630842423,-0.0475085570538243,-0.00885050480845955));
#5025=CARTESIAN_POINT('',(0.145352847464566,-0.0473146458203475,-0.00885904301532998));
#5026=CARTESIAN_POINT('',(0.145384158069197,-0.0472211394586534,-0.00886324206212262));
#5027=CARTESIAN_POINT('',(0.145439849322826,-0.0470403884508667,-0.00887151652938153));
#5028=CARTESIAN_POINT('',(0.145488984513758,-0.0468638987374637,-0.00887971718585994));
#5029=CARTESIAN_POINT('',(0.145553623877835,-0.0465800313487832,-0.00889259343230106));
#5030=CARTESIAN_POINT('',(0.145595526460481,-0.0463436560796001,-0.00890376636210206));
#5031=CARTESIAN_POINT('',(0.145616690299972,-0.0461913800494852,-0.00891094536887466));
#5032=CARTESIAN_POINT('',(0.145626993701951,-0.0461101207351385,-0.00891488378279321));
#5033=CARTESIAN_POINT('',(0.14562940878667,-0.0460904086910955,-0.00891585113738592));
#5034=CARTESIAN_POINT('',(0.145636308543642,-0.0460317510898419,-0.00891874027956163));
#5035=CARTESIAN_POINT('',(0.145644633216682,-0.0459543244189985,-0.00892257238184861));
#5036=CARTESIAN_POINT('',(0.145657656800732,-0.0458089126594911,-0.00892918325121291));
#5037=CARTESIAN_POINT('',(0.145664508997412,-0.0456994064878892,-0.00893466642285387));
#5038=CARTESIAN_POINT('',(0.14566794114315,-0.0456325248070282,-0.00893821222596357));
#5039=CARTESIAN_POINT('',(0.145672431458257,-0.0455354900008626,-0.00894344989751651));
#5040=CARTESIAN_POINT('',(0.145674554722716,-0.0454750756606413,-0.00894682436328019));
#5041=CARTESIAN_POINT('',(0.145677985005136,-0.0453575722216113,-0.00895349340423774));
#5042=CARTESIAN_POINT('',(0.145679290637953,-0.0453005047407251,-0.00895678983365618));
#5043=CARTESIAN_POINT('',(0.145682328579944,-0.0451325547525065,-0.00896659731869045));
#5044=CARTESIAN_POINT('',(0.145683236037838,-0.0450246125959087,-0.00897302921307533));
#5045=CARTESIAN_POINT('',(0.145683525000742,-0.0449183910739778,-0.00897942012912818));
#5046=CARTESIAN_POINT('',(0.140080845150305,-0.0503698328729656,-0.00892045055828466));
#5047=CARTESIAN_POINT('',(0.14019209292249,-0.0503698328753423,-0.0089204505581542));
#5048=CARTESIAN_POINT('',(0.140305609863841,-0.0503689602648582,-0.00892050155249617));
#5049=CARTESIAN_POINT('',(0.140538196915683,-0.0503648705662182,-0.00892074302328964));
#5050=CARTESIAN_POINT('',(0.140657378875306,-0.0503616533981619,-0.00892093297002722));
#5051=CARTESIAN_POINT('',(0.140850879875212,-0.0503529057136942,-0.00892141577163045));
#5052=CARTESIAN_POINT('',(0.140917367914112,-0.0503493865177128,-0.00892160873570185));
#5053=CARTESIAN_POINT('',(0.141022112455314,-0.0503426917185256,-0.00892196969653291));
#5054=CARTESIAN_POINT('',(0.141076351271123,-0.0503388960906973,-0.00892217107848233));
#5055=CARTESIAN_POINT('',(0.141137451250055,-0.0503337669364039,-0.00892242635036592));
#5056=CARTESIAN_POINT('',(0.141178860854018,-0.0503301400761751,-0.00892260657827569));
#5057=CARTESIAN_POINT('',(0.141199610123355,-0.0503282650410204,-0.00892270045650396));
#5058=CARTESIAN_POINT('',(0.141242404903369,-0.0503241859269773,-0.00892290262599577));
#5059=CARTESIAN_POINT('',(0.141287670624647,-0.0503196093412953,-0.0089231242447374));
#5060=CARTESIAN_POINT('',(0.141384224449119,-0.0503081081283166,-0.00892361121728253));
#5061=CARTESIAN_POINT('',(0.141440556717115,-0.0503003776919038,-0.00892400992066962));
#5062=CARTESIAN_POINT('',(0.141485105557104,-0.0502939742240454,-0.00892431951987454));
#5063=CARTESIAN_POINT('',(0.141552263160737,-0.0502839588447234,-0.00892480286242957));
#5064=CARTESIAN_POINT('',(0.141595582170236,-0.0502769447537078,-0.00892514474100152));
#5065=CARTESIAN_POINT('',(0.141683498208834,-0.0502616982789697,-0.00892588337413429));
#5066=CARTESIAN_POINT('',(0.14172847494149,-0.0502534239488647,-0.00892628125032076));
#5067=CARTESIAN_POINT('',(0.141955407293258,-0.0502088753795448,-0.0089284150251952));
#5068=CARTESIAN_POINT('',(0.142141516583155,-0.0501633146694584,-0.00893057809056403));
#5069=CARTESIAN_POINT('',(0.142425115890734,-0.0500766605267995,-0.00893462086438368));
#5070=CARTESIAN_POINT('',(0.142615320461142,-0.0500127698280711,-0.00893758367743921));
#5071=CARTESIAN_POINT('',(0.142803329384257,-0.0499379629240033,-0.00894104628864877));
#5072=CARTESIAN_POINT('',(0.142950008513734,-0.0498738021985404,-0.00894395883372282));
#5073=CARTESIAN_POINT('',(0.142999891020648,-0.0498510728847272,-0.0089449822313535));
#5074=CARTESIAN_POINT('',(0.143102409193178,-0.0498022678166796,-0.00894715582508944));
#5075=CARTESIAN_POINT('',(0.143154956743664,-0.0497761916906255,-0.008948306118205));
#5076=CARTESIAN_POINT('',(0.143316304407632,-0.0496919445144225,-0.00895198149134292));
#5077=CARTESIAN_POINT('',(0.14342906494679,-0.0496276109268645,-0.00895473587464131));
#5078=CARTESIAN_POINT('',(0.143662333631803,-0.0494782895367506,-0.00896100060418226));
#5079=CARTESIAN_POINT('',(0.143902328270845,-0.0493088888891125,-0.00896800205872814));
#5080=CARTESIAN_POINT('',(0.144259243542488,-0.0489902246827323,-0.00898086892806651));
#5081=CARTESIAN_POINT('',(0.144572530211781,-0.0486280096240985,-0.008995425595231));
#5082=CARTESIAN_POINT('',(0.14478916429467,-0.0483162258748935,-0.00900881156270003));
#5083=CARTESIAN_POINT('',(0.144977700919703,-0.0479934532988724,-0.00902282172291819));
#5084=CARTESIAN_POINT('',(0.145075961402025,-0.0477894690037686,-0.00903191368750671));
#5085=CARTESIAN_POINT('',(0.145164114251578,-0.0475897434053528,-0.00904091561139294));
#5086=CARTESIAN_POINT('',(0.145203331478249,-0.0474917042321607,-0.00904538009807631));
#5087=CARTESIAN_POINT('',(0.145273709020332,-0.0473009903466558,-0.00905418470041888));
#5088=CARTESIAN_POINT('',(0.145304679953574,-0.0472089536715137,-0.0090585065032381));
#5089=CARTESIAN_POINT('',(0.145359810976634,-0.0470309118613983,-0.00906700606590755));
#5090=CARTESIAN_POINT('',(0.145408499448388,-0.0468569608874242,-0.00907541774678503));
#5091=CARTESIAN_POINT('',(0.145472603380379,-0.0465773693893183,-0.00908866490158618));
#5092=CARTESIAN_POINT('',(0.145514265819169,-0.0463441611343732,-0.00910011741717732));
#5093=CARTESIAN_POINT('',(0.1455353578847,-0.0461939387067288,-0.00910747560504504));
#5094=CARTESIAN_POINT('',(0.145545633743429,-0.046113679368191,-0.00911150434799368));
#5095=CARTESIAN_POINT('',(0.1455480429913,-0.0460941992223783,-0.00911249303759301));
#5096=CARTESIAN_POINT('',(0.145554928956764,-0.046036222335857,-0.00911544504580384));
#5097=CARTESIAN_POINT('',(0.145563245452847,-0.045959677883883,-0.00911935890112627));
#5098=CARTESIAN_POINT('',(0.145576302740971,-0.0458164476271077,-0.00912614818720353));
#5099=CARTESIAN_POINT('',(0.145583195671074,-0.0457080548204116,-0.00913176227574651));
#5100=CARTESIAN_POINT('',(0.145586653397874,-0.0456417353500069,-0.00913536412203176));
#5101=CARTESIAN_POINT('',(0.145591180755199,-0.045545446620965,-0.00914067532655504));
#5102=CARTESIAN_POINT('',(0.145593326873735,-0.045485402904946,-0.00914408847639026));
#5103=CARTESIAN_POINT('',(0.145596799482765,-0.045368542464952,-0.00915082370743588));
#5104=CARTESIAN_POINT('',(0.145598124601762,-0.0453117467807261,-0.00915414690197445));
#5105=CARTESIAN_POINT('',(0.145601217084439,-0.0451445160107198,-0.00916402479346833));
#5106=CARTESIAN_POINT('',(0.145602155820632,-0.0450369342098261,-0.00917049285811892));
#5107=CARTESIAN_POINT('',(0.145602472815922,-0.0449310222379433,-0.00917691410343629));
#5108=CARTESIAN_POINT('',(0.140080845150305,-0.0502248128793694,-0.00918737863779913));
#5109=CARTESIAN_POINT('',(0.140191264618973,-0.0502248128817075,-0.00918737863766665));
#5110=CARTESIAN_POINT('',(0.140303819308422,-0.0502239490822436,-0.00918743000869917));
#5111=CARTESIAN_POINT('',(0.140534141285585,-0.0502198968223692,-0.00918767291227856));
#5112=CARTESIAN_POINT('',(0.140652013741705,-0.0502167091767869,-0.0091878639740209));
#5113=CARTESIAN_POINT('',(0.140842654476264,-0.0502081035537821,-0.00918835240109536));
#5114=CARTESIAN_POINT('',(0.140908067723805,-0.0502046439640446,-0.00918854769945083));
#5115=CARTESIAN_POINT('',(0.141010895159238,-0.0501980744812366,-0.00918891343306392));
#5116=CARTESIAN_POINT('',(0.141064062415244,-0.0501943559735863,-0.00918911775561254));
#5117=CARTESIAN_POINT('',(0.141123677623506,-0.0501893618304354,-0.0091893783268727));
#5118=CARTESIAN_POINT('',(0.141164056302951,-0.0501858312455076,-0.00918956226149851));
#5119=CARTESIAN_POINT('',(0.141184287184159,-0.0501840048774398,-0.00918965796423041));
#5120=CARTESIAN_POINT('',(0.141225966793585,-0.050180035791157,-0.00918986418492127));
#5121=CARTESIAN_POINT('',(0.141269968498618,-0.0501755923448212,-0.00919009072006804));
#5122=CARTESIAN_POINT('',(0.141362905364077,-0.050164551349755,-0.00919059598775531));
#5123=CARTESIAN_POINT('',(0.14141803846532,-0.0501569994531403,-0.00919100145017394));
#5124=CARTESIAN_POINT('',(0.141461361139041,-0.0501507817663926,-0.00919131824169759));
#5125=CARTESIAN_POINT('',(0.141526658578265,-0.0501410586015772,-0.00919181289628371));
#5126=CARTESIAN_POINT('',(0.141568825251286,-0.0501342429882377,-0.0091921624274294));
#5127=CARTESIAN_POINT('',(0.141654356946637,-0.050119436240884,-0.0091929180248567));
#5128=CARTESIAN_POINT('',(0.141698078540563,-0.0501114060383105,-0.00919332533013418));
#5129=CARTESIAN_POINT('',(0.141918609840212,-0.0500681871659543,-0.00919551048277189));
#5130=CARTESIAN_POINT('',(0.142099312707806,-0.0500240228763298,-0.00919772721649743));
#5131=CARTESIAN_POINT('',(0.142374355822005,-0.0499401495298763,-0.00920187811717645));
#5132=CARTESIAN_POINT('',(0.142558739407232,-0.0498783397442114,-0.00920492233098939));
#5133=CARTESIAN_POINT('',(0.14274095794899,-0.0498059839517903,-0.0092084796408138));
#5134=CARTESIAN_POINT('',(0.142882923300058,-0.0497440293658,-0.00921147762497131));
#5135=CARTESIAN_POINT('',(0.142931170202487,-0.0497220968141868,-0.00921253190872482));
#5136=CARTESIAN_POINT('',(0.143030242321859,-0.0496750456288994,-0.0092147736316117));
#5137=CARTESIAN_POINT('',(0.143080984449572,-0.0496499264605668,-0.00921596115993946));
#5138=CARTESIAN_POINT('',(0.143236674813873,-0.0495688441543846,-0.00921975994945823));
#5139=CARTESIAN_POINT('',(0.143345328449668,-0.0495070210728298,-0.00922261248136174));
#5140=CARTESIAN_POINT('',(0.143569843391957,-0.04936374942387,-0.00922911518041893));
#5141=CARTESIAN_POINT('',(0.143800600332785,-0.0492013928591433,-0.00923639525001843));
#5142=CARTESIAN_POINT('',(0.144143439311761,-0.0488964446230496,-0.00924981636783082));
#5143=CARTESIAN_POINT('',(0.144444645357703,-0.0485498004513729,-0.00926502011286624));
#5144=CARTESIAN_POINT('',(0.144654082742497,-0.048249732800523,-0.00927891588366124));
#5145=CARTESIAN_POINT('',(0.144836582170137,-0.0479387819390097,-0.00929343928940115));
#5146=CARTESIAN_POINT('',(0.144931972972222,-0.0477417871390633,-0.00930284307789098));
#5147=CARTESIAN_POINT('',(0.145017654192213,-0.0475487039660894,-0.00931214513107134));
#5148=CARTESIAN_POINT('',(0.145055824963487,-0.0474538307154729,-0.0093167549595722));
#5149=CARTESIAN_POINT('',(0.145124405464755,-0.0472690544019138,-0.00932583303043322));
#5150=CARTESIAN_POINT('',(0.145154634471349,-0.0471797522508452,-0.00933028070036482));
#5151=CARTESIAN_POINT('',(0.145208519030164,-0.0470067594362571,-0.00933901043931005));
#5152=CARTESIAN_POINT('',(0.145256183123564,-0.0468375494169543,-0.00934763752792066));
#5153=CARTESIAN_POINT('',(0.145318959802888,-0.046565970818282,-0.00936126585882292));
#5154=CARTESIAN_POINT('',(0.145359928010155,-0.0463387188369548,-0.00937300594493092));
#5155=CARTESIAN_POINT('',(0.145380726551558,-0.0461923709172562,-0.00938054742904546));
#5156=CARTESIAN_POINT('',(0.145390872830304,-0.0461139992086575,-0.00938466926805119));
#5157=CARTESIAN_POINT('',(0.145393252996048,-0.0460949568795091,-0.0093856800326967));
#5158=CARTESIAN_POINT('',(0.145400059799135,-0.0460382656493028,-0.00938869712139828));
#5159=CARTESIAN_POINT('',(0.145408291767292,-0.0459633888610222,-0.00939269561263481));
#5160=CARTESIAN_POINT('',(0.1454212444115,-0.0458242911328453,-0.00939966387519771));
#5161=CARTESIAN_POINT('',(0.145428122332557,-0.045718009873513,-0.0094054194767058));
#5162=CARTESIAN_POINT('',(0.145431583352951,-0.0456527577603986,-0.00940908004091349));
#5163=CARTESIAN_POINT('',(0.145436121023235,-0.0455578859720997,-0.00941446808730753));
#5164=CARTESIAN_POINT('',(0.145438280330265,-0.0454985467739206,-0.00941792210162452));
#5165=CARTESIAN_POINT('',(0.145441781001678,-0.0453829090587975,-0.00942472704555594));
#5166=CARTESIAN_POINT('',(0.145443121164613,-0.0453266305114158,-0.00942807816518153));
#5167=CARTESIAN_POINT('',(0.145446259133065,-0.0451607686526311,-0.00943802940314994));
#5168=CARTESIAN_POINT('',(0.145447227986546,-0.0450538733245043,-0.00944453531985338));
#5169=CARTESIAN_POINT('',(0.145447573162557,-0.0449485512489714,-0.00945098813676194));
#5170=CARTESIAN_POINT('',(0.140080845150305,-0.0501713303285396,-0.00927321002343737));
#5171=CARTESIAN_POINT('',(0.140190963266678,-0.0501713303308618,-0.00927321002330436));
#5172=CARTESIAN_POINT('',(0.140303167868678,-0.0501704696966104,-0.00927326149206635));
#5173=CARTESIAN_POINT('',(0.140532665769557,-0.0501664308877416,-0.00927350476047202));
#5174=CARTESIAN_POINT('',(0.140650061805147,-0.050163253849153,-0.00927369610551728));
#5175=CARTESIAN_POINT('',(0.140839661873783,-0.0501546992663255,-0.00927418597421697));
#5176=CARTESIAN_POINT('',(0.140904684071786,-0.0501512610923637,-0.00927438186951478));
#5177=CARTESIAN_POINT('',(0.141006813980929,-0.050144736636327,-0.00927474881714114));
#5178=CARTESIAN_POINT('',(0.141059591350776,-0.050141045838584,-0.00927495388782189));
#5179=CARTESIAN_POINT('',(0.141118666295009,-0.0501361002057537,-0.00927521581475551));
#5180=CARTESIAN_POINT('',(0.14115866984962,-0.0501326042142696,-0.00927540069413113));
#5181=CARTESIAN_POINT('',(0.141178712104214,-0.0501307953338294,-0.0092754968594611));
#5182=CARTESIAN_POINT('',(0.141219985929034,-0.050126865785494,-0.00927570410357686));
#5183=CARTESIAN_POINT('',(0.141263527677249,-0.0501224701826355,-0.00927593188141962));
#5184=CARTESIAN_POINT('',(0.141355148269324,-0.0501115945545774,-0.00927644183994654));
#5185=CARTESIAN_POINT('',(0.141409844931853,-0.0501041068202132,-0.00927684901903316));
#5186=CARTESIAN_POINT('',(0.141452721332788,-0.0500979558964134,-0.00927716764521896));
#5187=CARTESIAN_POINT('',(0.141517341730906,-0.0500883377447312,-0.00927766518522322));
#5188=CARTESIAN_POINT('',(0.141559088957464,-0.0500815934616586,-0.00927801666670421));
#5189=CARTESIAN_POINT('',(0.141643752696672,-0.0500669447535205,-0.00927877658780882));
#5190=CARTESIAN_POINT('',(0.141687017362885,-0.0500590022939165,-0.00927918629666365));
#5191=CARTESIAN_POINT('',(0.141905218179797,-0.0500162613602793,-0.00928138454577383));
#5192=CARTESIAN_POINT('',(0.142083952052948,-0.0499725990539123,-0.00928361494298175));
#5193=CARTESIAN_POINT('',(0.142355876985505,-0.0498897257742035,-0.00928779341264026));
#5194=CARTESIAN_POINT('',(0.142538138511785,-0.0498286644698547,-0.00929085839926585));
#5195=CARTESIAN_POINT('',(0.142718244573572,-0.0497571906948471,-0.00929443980036111));
#5196=CARTESIAN_POINT('',(0.142858489226318,-0.0496960302411461,-0.00929745951760927));
#5197=CARTESIAN_POINT('',(0.1429061389288,-0.0496743845298667,-0.00929852165766947));
#5198=CARTESIAN_POINT('',(0.14300395243434,-0.0496279648570255,-0.0093007807122337));
#5199=CARTESIAN_POINT('',(0.143054034969737,-0.0496031903080733,-0.00930197771359164));
#5200=CARTESIAN_POINT('',(0.143207657605041,-0.0495232480174789,-0.00930580790143501));
#5201=CARTESIAN_POINT('',(0.14331480904849,-0.0494623295553264,-0.00930868540078589));
#5202=CARTESIAN_POINT('',(0.143536118074136,-0.0493212392654908,-0.00931524863895147));
#5203=CARTESIAN_POINT('',(0.143763487980817,-0.0491614239172155,-0.0093225996001974));
#5204=CARTESIAN_POINT('',(0.144101146915036,-0.0488614318397923,-0.00933616193921439));
#5205=CARTESIAN_POINT('',(0.14439788211297,-0.0485204270716278,-0.00935153081272607));
#5206=CARTESIAN_POINT('',(0.144604639789908,-0.0482246113452208,-0.00936555737693132));
#5207=CARTESIAN_POINT('',(0.144784878444636,-0.0479179579385744,-0.0093802120644357));
#5208=CARTESIAN_POINT('',(0.144879185942336,-0.0477235085553752,-0.00938969579527028));
#5209=CARTESIAN_POINT('',(0.144963930298217,-0.0475328463061334,-0.00939907488072024));
#5210=CARTESIAN_POINT('',(0.145001702250416,-0.0474391279245986,-0.00940372207273406));
#5211=CARTESIAN_POINT('',(0.145069594912568,-0.047256518909969,-0.00941287042056057));
#5212=CARTESIAN_POINT('',(0.145099538262157,-0.0471682156029719,-0.00941735039941851));
#5213=CARTESIAN_POINT('',(0.14515294031399,-0.0469970681364449,-0.00942613906706004));
#5214=CARTESIAN_POINT('',(0.145200204469607,-0.046829592160779,-0.00943482120848394));
#5215=CARTESIAN_POINT('',(0.145262452228222,-0.0465609480612699,-0.00944854759992618));
#5216=CARTESIAN_POINT('',(0.145303133883651,-0.0463358802259249,-0.00946036172681519));
#5217=CARTESIAN_POINT('',(0.145323803881067,-0.0461909546900059,-0.00946795015523542));
#5218=CARTESIAN_POINT('',(0.145333892391901,-0.0461132760861387,-0.00947209601023065));
#5219=CARTESIAN_POINT('',(0.145336259508,-0.0460943945246529,-0.00947311249102246));
#5220=CARTESIAN_POINT('',(0.145343030270439,-0.0460381754556366,-0.00947614644012662));
#5221=CARTESIAN_POINT('',(0.145351222132427,-0.0459639113095631,-0.00948016685876471));
#5222=CARTESIAN_POINT('',(0.145364114206608,-0.0458263328804701,-0.00948718007548874));
#5223=CARTESIAN_POINT('',(0.145370974616792,-0.0457208282487511,-0.00949297381617873));
#5224=CARTESIAN_POINT('',(0.145374430948012,-0.0456559688504485,-0.00949664976546384));
#5225=CARTESIAN_POINT('',(0.145378964588348,-0.0455616184663953,-0.00950205789680151));
#5226=CARTESIAN_POINT('',(0.145381124815128,-0.0455025385989304,-0.00950552269981429));
#5227=CARTESIAN_POINT('',(0.145384628999288,-0.045387351023321,-0.00951234599844559));
#5228=CARTESIAN_POINT('',(0.145385971834958,-0.0453312628943691,-0.00951570440628259));
#5229=CARTESIAN_POINT('',(0.145389118966746,-0.0451659051543196,-0.00952567475979941));
#5230=CARTESIAN_POINT('',(0.145390095086405,-0.0450592627062315,-0.00953219058354651));
#5231=CARTESIAN_POINT('',(0.145390447365114,-0.0449541579611192,-0.00953865162271578));
#5232=CARTESIAN_POINT('',(0.140080845150305,-0.0500544372426848,-0.00943647082031823));
#5233=CARTESIAN_POINT('',(0.140190312575248,-0.050054437244973,-0.00943647082018449));
#5234=CARTESIAN_POINT('',(0.140301761250716,-0.0500535833667579,-0.00943652242204003));
#5235=CARTESIAN_POINT('',(0.14052947977474,-0.0500495732676329,-0.00943676617476918));
#5236=CARTESIAN_POINT('',(0.140645847107295,-0.0500464188685597,-0.00943695789477264));
#5237=CARTESIAN_POINT('',(0.140833200036414,-0.0500379732320087,-0.00943744969421135));
#5238=CARTESIAN_POINT('',(0.14089737782536,-0.0500345807702212,-0.00943764638669122));
#5239=CARTESIAN_POINT('',(0.140998001515597,-0.0500281524243748,-0.00943801494365087));
#5240=CARTESIAN_POINT('',(0.141049936963939,-0.050024520774381,-0.00943822100636499));
#5241=CARTESIAN_POINT('',(0.141107845198972,-0.0500196786925884,-0.009438484744584));
#5242=CARTESIAN_POINT('',(0.14114703866108,-0.0500162565449452,-0.00943867087984275));
#5243=CARTESIAN_POINT('',(0.141166673571934,-0.0500144849937378,-0.00943876765567925));
#5244=CARTESIAN_POINT('',(0.141207071083105,-0.0500106398440793,-0.00943897624354521));
#5245=CARTESIAN_POINT('',(0.141249619508719,-0.0500063463704909,-0.00943920565433456));
#5246=CARTESIAN_POINT('',(0.141338397254724,-0.049995823760606,-0.009439721899581));
#5247=CARTESIAN_POINT('',(0.141392151228044,-0.0499884730037252,-0.00944013134961827));
#5248=CARTESIAN_POINT('',(0.141434063684323,-0.0499824646112313,-0.00944045241745887));
#5249=CARTESIAN_POINT('',(0.141497221641764,-0.0499730706543737,-0.00944095379728303));
#5250=CARTESIAN_POINT('',(0.141538062780445,-0.0499664786614462,-0.00944130787119359));
#5251=CARTESIAN_POINT('',(0.141620851436714,-0.0499521673810831,-0.00944207353971636));
#5252=CARTESIAN_POINT('',(0.141663128927029,-0.0499444122664877,-0.00944248644433989));
#5253=CARTESIAN_POINT('',(0.141876294411007,-0.0499026918593474,-0.00944470210587228));
#5254=CARTESIAN_POINT('',(0.14205077274627,-0.0498601015338898,-0.00944695063849079));
#5255=CARTESIAN_POINT('',(0.142315954401725,-0.0497793647685308,-0.00945116577522783));
#5256=CARTESIAN_POINT('',(0.142493625493278,-0.049719902739837,-0.00945425842321941));
#5257=CARTESIAN_POINT('',(0.142669158726722,-0.0496503142774638,-0.00945787176747523));
#5258=CARTESIAN_POINT('',(0.14280567668364,-0.0495908518112144,-0.00946092029652738));
#5259=CARTESIAN_POINT('',(0.142852032682041,-0.0495698194801956,-0.00946199285146769));
#5260=CARTESIAN_POINT('',(0.142947118940277,-0.0495247504389824,-0.00946427488603086));
#5261=CARTESIAN_POINT('',(0.142995771851867,-0.0495007130401696,-0.0094654844487613));
#5262=CARTESIAN_POINT('',(0.143144911064228,-0.0494232098378808,-0.00946935627116769));
#5263=CARTESIAN_POINT('',(0.143248803112461,-0.0493642274484808,-0.00947226687320683));
#5264=CARTESIAN_POINT('',(0.14346314816079,-0.0492278085745455,-0.00947891038308407));
#5265=CARTESIAN_POINT('',(0.143683153081509,-0.0490734379257696,-0.00948635536616801));
#5266=CARTESIAN_POINT('',(0.144009511303325,-0.0487840806743416,-0.00950010536631747));
#5267=CARTESIAN_POINT('',(0.144296444075157,-0.0484552026486409,-0.00951569413911151));
#5268=CARTESIAN_POINT('',(0.144497295324908,-0.0481685473367723,-0.00952989614824265));
#5269=CARTESIAN_POINT('',(0.14467252621496,-0.0478711664421506,-0.00954472622131754));
#5270=CARTESIAN_POINT('',(0.144764417689148,-0.0476822182789756,-0.00955431708123694));
#5271=CARTESIAN_POINT('',(0.144847065463929,-0.0474967919242778,-0.00956379955521986));
#5272=CARTESIAN_POINT('',(0.144883940891311,-0.0474055732257626,-0.00956849700196076));
#5273=CARTESIAN_POINT('',(0.144950281789304,-0.0472276579656379,-0.00957773982955991));
#5274=CARTESIAN_POINT('',(0.144979577560017,-0.0471415192379319,-0.00958226317780175));
#5275=CARTESIAN_POINT('',(0.145031880879561,-0.0469743729069778,-0.0095911306670793));
#5276=CARTESIAN_POINT('',(0.145078227997433,-0.0468106592156767,-0.00959988627418098));
#5277=CARTESIAN_POINT('',(0.145139243776414,-0.0465483892848417,-0.00961374468548732));
#5278=CARTESIAN_POINT('',(0.145179240401166,-0.0463280712108155,-0.00962565860305336));
#5279=CARTESIAN_POINT('',(0.145199590219846,-0.0461862420017416,-0.00963330985521056));
#5280=CARTESIAN_POINT('',(0.145209533303119,-0.0461100724373589,-0.0096374881619221));
#5281=CARTESIAN_POINT('',(0.145211867448766,-0.0460915409190388,-0.00963851240508935));
#5282=CARTESIAN_POINT('',(0.14521854634263,-0.0460363500213306,-0.00964156926507998));
#5283=CARTESIAN_POINT('',(0.145226633458743,-0.0459634203186041,-0.00964561948128772));
#5284=CARTESIAN_POINT('',(0.145239350047312,-0.0458291534424317,-0.00965269126383887));
#5285=CARTESIAN_POINT('',(0.145246150379333,-0.0457253421841861,-0.00965853946456083));
#5286=CARTESIAN_POINT('',(0.145249585297125,-0.045661339341721,-0.009662236628095));
#5287=CARTESIAN_POINT('',(0.145254095277239,-0.0455681263266506,-0.00966767236792367));
#5288=CARTESIAN_POINT('',(0.145256250120267,-0.0455096123083731,-0.00967115219095012));
#5289=CARTESIAN_POINT('',(0.145259749123892,-0.0453954070316477,-0.0096780009548866));
#5290=CARTESIAN_POINT('',(0.145261092340812,-0.0453397345078132,-0.00968136936170916));
#5291=CARTESIAN_POINT('',(0.145264245024712,-0.045175477172106,-0.00969136589229949));
#5292=CARTESIAN_POINT('',(0.145265229753353,-0.0450693868662292,-0.00969789535739803));
#5293=CARTESIAN_POINT('',(0.145265591294098,-0.0449647566959176,-0.0097043676456957));
#5294=CARTESIAN_POINT('',(0.140080845150305,-0.049991036230906,-0.00951388053707278));
#5295=CARTESIAN_POINT('',(0.140189963291214,-0.0499910362331759,-0.00951388053693883));
#5296=CARTESIAN_POINT('',(0.14030100619161,-0.0499901859451902,-0.00951393217411247));
#5297=CARTESIAN_POINT('',(0.140527769565743,-0.0499861911022788,-0.00951417604625358));
#5298=CARTESIAN_POINT('',(0.140643584702904,-0.0499830487337385,-0.00951436785785358));
#5299=CARTESIAN_POINT('',(0.140829731348696,-0.0499746609937231,-0.00951486014594854));
#5300=CARTESIAN_POINT('',(0.140893455849617,-0.0499712928243192,-0.00951505703849508));
#5301=CARTESIAN_POINT('',(0.14099327097476,-0.049964915553439,-0.00951542599050757));
#5302=CARTESIAN_POINT('',(0.141044754459032,-0.0499613153360857,-0.00951563229695625));
#5303=CARTESIAN_POINT('',(0.141102036347649,-0.0499565282859174,-0.00951589649038798));
#5304=CARTESIAN_POINT('',(0.141140794910658,-0.0499531453821811,-0.00951608293654728));
#5305=CARTESIAN_POINT('',(0.141160211138865,-0.049951393669294,-0.00951617986020985));
#5306=CARTESIAN_POINT('',(0.14120013819516,-0.0499475933729321,-0.00951638876826804));
#5307=CARTESIAN_POINT('',(0.141242153339055,-0.0499433541761437,-0.00951661856913719));
#5308=CARTESIAN_POINT('',(0.14132940475292,-0.0499330191864497,-0.00951713640874426));
#5309=CARTESIAN_POINT('',(0.141382652555481,-0.049925741232757,-0.00951754641272013));
#5310=CARTESIAN_POINT('',(0.141424047421426,-0.0499198085961018,-0.00951786808708165));
#5311=CARTESIAN_POINT('',(0.141486420102981,-0.0499105338012441,-0.00951837042056727));
#5312=CARTESIAN_POINT('',(0.141526774676862,-0.0499040227548174,-0.00951872513609325));
#5313=CARTESIAN_POINT('',(0.141608556364844,-0.0498898908333785,-0.00951949222729333));
#5314=CARTESIAN_POINT('',(0.141650303690411,-0.0498822353043706,-0.0095199059235119));
#5315=CARTESIAN_POINT('',(0.141860764749658,-0.0498410573954065,-0.00952212589774879));
#5316=CARTESIAN_POINT('',(0.142032956900686,-0.0497990369734885,-0.00952437889913123));
#5317=CARTESIAN_POINT('',(0.142294514028758,-0.0497194364684823,-0.00952860312705318));
#5318=CARTESIAN_POINT('',(0.142469717130877,-0.0496608250940584,-0.00953170265815237));
#5319=CARTESIAN_POINT('',(0.142642790399867,-0.0495922397618814,-0.00953532384896853));
#5320=CARTESIAN_POINT('',(0.14277730267159,-0.0495336810023198,-0.00953837945196404));
#5321=CARTESIAN_POINT('',(0.142822962274195,-0.0495129751576125,-0.0095394545637563));
#5322=CARTESIAN_POINT('',(0.14291658012713,-0.0494686251175866,-0.00954174224281752));
#5323=CARTESIAN_POINT('',(0.142964463126727,-0.0494449801851655,-0.00954295489179341));
#5324=CARTESIAN_POINT('',(0.143111187019395,-0.0493687758427839,-0.00954683694349447));
#5325=CARTESIAN_POINT('',(0.143213322136187,-0.049310824737995,-0.00954975567529174));
#5326=CARTESIAN_POINT('',(0.143423909701502,-0.0491768955145489,-0.00955641890445607));
#5327=CARTESIAN_POINT('',(0.14363993727917,-0.0490254278760744,-0.00956388700199562));
#5328=CARTESIAN_POINT('',(0.143960175757174,-0.0487417483734775,-0.00957768340824179));
#5329=CARTESIAN_POINT('',(0.144241777738995,-0.0484193566470366,-0.00959332690906055));
#5330=CARTESIAN_POINT('',(0.144439402737131,-0.0481376090450334,-0.00960757352656702));
#5331=CARTESIAN_POINT('',(0.144611887024726,-0.0478452024213796,-0.00962244766542191));
#5332=CARTESIAN_POINT('',(0.144702445963627,-0.0476592095975664,-0.00963206568650856));
#5333=CARTESIAN_POINT('',(0.144783934179301,-0.0474765977731178,-0.00964157449092236));
#5334=CARTESIAN_POINT('',(0.144820311967565,-0.0473867236787157,-0.0096462848155408));
#5335=CARTESIAN_POINT('',(0.144885789054399,-0.0472113344808763,-0.00965555182118988));
#5336=CARTESIAN_POINT('',(0.144914722949901,-0.0471263613073877,-0.00966008621900553));
#5337=CARTESIAN_POINT('',(0.144966410121722,-0.0469613704299712,-0.00966897358347745));
#5338=CARTESIAN_POINT('',(0.14501224020255,-0.04679968466604,-0.00967774758815406));
#5339=CARTESIAN_POINT('',(0.145072553003603,-0.046540853875565,-0.00969163992281941));
#5340=CARTESIAN_POINT('',(0.145112151190495,-0.0463231010238857,-0.0097035795622634));
#5341=CARTESIAN_POINT('',(0.145132309390034,-0.0461829455026956,-0.0097112466794864));
#5342=CARTESIAN_POINT('',(0.145142164820777,-0.0461075917486328,-0.00971543341219772));
#5343=CARTESIAN_POINT('',(0.145144479047256,-0.0460892494769395,-0.00971645969898631));
#5344=CARTESIAN_POINT('',(0.145151102117613,-0.0460346145045559,-0.00971952260165485));
#5345=CARTESIAN_POINT('',(0.145159124598558,-0.0459624064930089,-0.00972358067786705));
#5346=CARTESIAN_POINT('',(0.145171726272361,-0.045829931599499,-0.00973066607045831));
#5347=CARTESIAN_POINT('',(0.145178484040426,-0.0457270369468212,-0.0097365305542932));
#5348=CARTESIAN_POINT('',(0.145181902233501,-0.0456634978749166,-0.00974023353750871));
#5349=CARTESIAN_POINT('',(0.145186392582208,-0.0455709007310829,-0.00974567678914856));
#5350=CARTESIAN_POINT('',(0.145188541120921,-0.0455126931847041,-0.0097491608357396));
#5351=CARTESIAN_POINT('',(0.14519203142937,-0.0453990199865668,-0.00975601669775899));
#5352=CARTESIAN_POINT('',(0.145193372353618,-0.0453435726153124,-0.00975938781123887));
#5353=CARTESIAN_POINT('',(0.145196521422712,-0.0451799114749561,-0.00976939139292233));
#5354=CARTESIAN_POINT('',(0.145197507491985,-0.0450741203859655,-0.00977592458635387));
#5355=CARTESIAN_POINT('',(0.145197871189946,-0.044969747421157,-0.00978239989711054));
#5356=CARTESIAN_POINT('',(0.140080845150305,-0.049786248343968,-0.00973218450382291));
#5357=CARTESIAN_POINT('',(0.140188845460424,-0.0497862483461798,-0.00973218450368886));
#5358=CARTESIAN_POINT('',(0.140298589733391,-0.0497854094451206,-0.00973223615047204));
#5359=CARTESIAN_POINT('',(0.140522296294668,-0.0497814629783209,-0.00973247999946312));
#5360=CARTESIAN_POINT('',(0.140636344216908,-0.049778358756691,-0.00973267178756587));
#5361=CARTESIAN_POINT('',(0.140818630210159,-0.0497701546212116,-0.00973316406260688));
#5362=CARTESIAN_POINT('',(0.140880903977877,-0.0497668634872523,-0.00973336093915041));
#5363=CARTESIAN_POINT('',(0.140978131286843,-0.0497606481763463,-0.00973372980333098));
#5364=CARTESIAN_POINT('',(0.141028168241799,-0.0497571476336933,-0.00973393605698023));
#5365=CARTESIAN_POINT('',(0.141083445402178,-0.0497525351063479,-0.009734200218037));
#5366=CARTESIAN_POINT('',(0.141120811990589,-0.0497492766533391,-0.00973438661205161));
#5367=CARTESIAN_POINT('',(0.141139528285314,-0.0497475878487965,-0.00973448348958922));
#5368=CARTESIAN_POINT('',(0.141177949548782,-0.0497439297811083,-0.0097346922635956));
#5369=CARTESIAN_POINT('',(0.141218257780502,-0.049739862697413,-0.00973492190769882));
#5370=CARTESIAN_POINT('',(0.141300623465291,-0.0497301227552037,-0.00973543972524091));
#5371=CARTESIAN_POINT('',(0.141352250922393,-0.0497230756898446,-0.00973584958311869));
#5372=CARTESIAN_POINT('',(0.141391988868603,-0.0497173833172174,-0.00973617116913148));
#5373=CARTESIAN_POINT('',(0.141451847658395,-0.0497084864564912,-0.00973667336259736));
#5374=CARTESIAN_POINT('',(0.14149064451402,-0.0497022321456503,-0.0097370279694994));
#5375=CARTESIAN_POINT('',(0.141569202264686,-0.0496886691109026,-0.0097377948212249));
#5376=CARTESIAN_POINT('',(0.141609252126034,-0.0496813294539243,-0.0097382083876492));
#5377=CARTESIAN_POINT('',(0.141811053697933,-0.0496418723472692,-0.0097404276523401));
#5378=CARTESIAN_POINT('',(0.141975923871357,-0.0496016597927891,-0.00974267977007874));
#5379=CARTESIAN_POINT('',(0.142225867310899,-0.0495256650245719,-0.0097469025628224));
#5380=CARTESIAN_POINT('',(0.142393160709528,-0.0494697534137747,-0.00975000116683542));
#5381=CARTESIAN_POINT('',(0.142558345794392,-0.0494043526544026,-0.00975362064562826));
#5382=CARTESIAN_POINT('',(0.142686423977171,-0.0493486635565164,-0.00975667468251724));
#5383=CARTESIAN_POINT('',(0.142729849211297,-0.0493289945403199,-0.00975774922667307));
#5384=CARTESIAN_POINT('',(0.142818754741998,-0.0492869281264084,-0.00976003567140592));
#5385=CARTESIAN_POINT('',(0.142864166481881,-0.049264529853043,-0.00976124765086203));
#5386=CARTESIAN_POINT('',(0.14300313534884,-0.0491924520773864,-0.00976512748273922));
#5387=CARTESIAN_POINT('',(0.14309962640782,-0.0491377782806744,-0.00976804442820248));
#5388=CARTESIAN_POINT('',(0.143298132688728,-0.0490117647996293,-0.00977470335609789));
#5389=CARTESIAN_POINT('',(0.143501361994192,-0.0488695307864065,-0.00978216652282881));
#5390=CARTESIAN_POINT('',(0.143801859553006,-0.0486039325164736,-0.00979595478306672));
#5391=CARTESIAN_POINT('',(0.144066201374675,-0.0483022322166847,-0.00981159092640927));
#5392=CARTESIAN_POINT('',(0.144253340487073,-0.0480361640814001,-0.00982583761961239));
#5393=CARTESIAN_POINT('',(0.144416865648383,-0.047759668084281,-0.00984070850652919));
#5394=CARTESIAN_POINT('',(0.144503057218166,-0.0475831403798742,-0.00985032608433857));
#5395=CARTESIAN_POINT('',(0.144580736100082,-0.0474095477110134,-0.00985983520422021));
#5396=CARTESIAN_POINT('',(0.144615474121441,-0.0473239850390625,-0.00986454618335872));
#5397=CARTESIAN_POINT('',(0.144678097995963,-0.0471566991284326,-0.00987381421388856));
#5398=CARTESIAN_POINT('',(0.144705832697931,-0.0470754667031757,-0.0098783487727144));
#5399=CARTESIAN_POINT('',(0.144755471890313,-0.0469173963141926,-0.00988723512217279));
#5400=CARTESIAN_POINT('',(0.144799575627252,-0.0467622248436397,-0.0098960073773767));
#5401=CARTESIAN_POINT('',(0.144857518985106,-0.0465144514508348,-0.00990990202055626));
#5402=CARTESIAN_POINT('',(0.144895753902832,-0.0463049533897318,-0.00992184391452625));
#5403=CARTESIAN_POINT('',(0.14491524187709,-0.0461701878291985,-0.00992951037221372));
#5404=CARTESIAN_POINT('',(0.144924789350612,-0.0460974616620362,-0.00993369822664342));
#5405=CARTESIAN_POINT('',(0.144927033502092,-0.0460797289462143,-0.00993472495999807));
#5406=CARTESIAN_POINT('',(0.144933459387261,-0.0460268847500746,-0.00993778924959444));
#5407=CARTESIAN_POINT('',(0.144941251079775,-0.045957001963074,-0.00994184913597561));
#5408=CARTESIAN_POINT('',(0.144953424095571,-0.045830303471488,-0.00994892644244767));
#5409=CARTESIAN_POINT('',(0.144960018330239,-0.0457303644647434,-0.00995480638190929));
#5410=CARTESIAN_POINT('',(0.144963368360767,-0.0456683211260299,-0.00995851207313127));
#5411=CARTESIAN_POINT('',(0.144967776415396,-0.0455777104193094,-0.00996395845673926));
#5412=CARTESIAN_POINT('',(0.144969895347056,-0.0455204915828763,-0.00996744507427382));
#5413=CARTESIAN_POINT('',(0.144973341416299,-0.0454085350635475,-0.00997430489854402));
#5414=CARTESIAN_POINT('',(0.14497466797719,-0.0453538142007356,-0.00997767705872714));
#5415=CARTESIAN_POINT('',(0.144977786885396,-0.0451920769788093,-0.00998768316003007));
#5416=CARTESIAN_POINT('',(0.144978768058834,-0.0450872516579802,-0.00999421800775853));
#5417=CARTESIAN_POINT('',(0.144979130720108,-0.0449837089259392,-0.0100006943531311));
#5418=CARTESIAN_POINT('',(0.140080845150305,-0.0496293052460913,-0.00985963557546447));
#5419=CARTESIAN_POINT('',(0.140188001813658,-0.04962930524826,-0.00985963557533104));
#5420=CARTESIAN_POINT('',(0.140296765982359,-0.0496284748110735,-0.00985968709880835));
#5421=CARTESIAN_POINT('',(0.140518165512685,-0.0496245642842339,-0.00985993041553321));
#5422=CARTESIAN_POINT('',(0.140630879690181,-0.0496214884015559,-0.00986012178340955));
#5423=CARTESIAN_POINT('',(0.140810251821979,-0.0496134206998665,-0.00986061204927817));
#5424=CARTESIAN_POINT('',(0.140871430627907,-0.0496101868069397,-0.00986080808118088));
#5425=CARTESIAN_POINT('',(0.140966704706274,-0.0496040918274473,-0.00986117516118912));
#5426=CARTESIAN_POINT('',(0.141015649829875,-0.049600665341486,-0.00986138031693779));
#5427=CARTESIAN_POINT('',(0.1410694137311,-0.0495961825031495,-0.00986164256452073));
#5428=CARTESIAN_POINT('',(0.141105729586551,-0.0495930165234476,-0.00986182758954095));
#5429=CARTESIAN_POINT('',(0.141123917536636,-0.0495913744580305,-0.00986192377202291));
#5430=CARTESIAN_POINT('',(0.141161202131389,-0.0495878220563509,-0.00986213096989543));
#5431=CARTESIAN_POINT('',(0.141200221840559,-0.0495838828444691,-0.00986235870738564));
#5432=CARTESIAN_POINT('',(0.141278898994641,-0.0495745851465503,-0.00986287001200507));
#5433=CARTESIAN_POINT('',(0.141329303011692,-0.0495677096586939,-0.00986327732066817));
#5434=CARTESIAN_POINT('',(0.141367789879809,-0.049562195848855,-0.00986359626364529));
#5435=CARTESIAN_POINT('',(0.14142575045786,-0.0495535798728038,-0.00986409429905437));
#5436=CARTESIAN_POINT('',(0.141463370988824,-0.0495475163772411,-0.00986444607861716));
#5437=CARTESIAN_POINT('',(0.141539493942153,-0.0495343761847773,-0.00986520666403242));
#5438=CARTESIAN_POINT('',(0.1415782617423,-0.0495272713205039,-0.00986561675094511));
#5439=CARTESIAN_POINT('',(0.141773522278508,-0.0494890934048985,-0.00986781705383439));
#5440=CARTESIAN_POINT('',(0.141932859579646,-0.0494502249299388,-0.00987004921649497));
#5441=CARTESIAN_POINT('',(0.142174020268809,-0.0493769125077459,-0.00987423216263076));
#5442=CARTESIAN_POINT('',(0.142335329759752,-0.0493230097363421,-0.0098773009279863));
#5443=CARTESIAN_POINT('',(0.142494541881919,-0.0492599796623235,-0.00988088503563035));
#5444=CARTESIAN_POINT('',(0.142617744841336,-0.0492064277447929,-0.00988390713710879));
#5445=CARTESIAN_POINT('',(0.142659476569986,-0.0491875310248965,-0.00988497013504063));
#5446=CARTESIAN_POINT('',(0.142744809225668,-0.0491471659624257,-0.00988723112914333));
#5447=CARTESIAN_POINT('',(0.142788346624276,-0.049125696660618,-0.00988842920401795));
#5448=CARTESIAN_POINT('',(0.142921430677072,-0.0490566948631189,-0.00989226294770925));
#5449=CARTESIAN_POINT('',(0.143013635053849,-0.0490044650821353,-0.00989514321837507));
#5450=CARTESIAN_POINT('',(0.143202952202832,-0.0488843596788049,-0.00990171325316588));
#5451=CARTESIAN_POINT('',(0.143396434284775,-0.0487490220069782,-0.00990907245028919));
#5452=CARTESIAN_POINT('',(0.143681835406379,-0.0484969562585707,-0.00992265559721917));
#5453=CARTESIAN_POINT('',(0.143932897044834,-0.0482107871428162,-0.0099380544927436));
#5454=CARTESIAN_POINT('',(0.144111918416765,-0.0479565185984776,-0.00995212038076065));
#5455=CARTESIAN_POINT('',(0.144268467481334,-0.0476920195586476,-0.00996680577066218));
#5456=CARTESIAN_POINT('',(0.14435123256294,-0.0475226443034331,-0.00997631224503173));
#5457=CARTESIAN_POINT('',(0.144425911798751,-0.0473558734426437,-0.00998571520393808));
#5458=CARTESIAN_POINT('',(0.144459352511151,-0.0472735751487757,-0.00999037529791832));
#5459=CARTESIAN_POINT('',(0.14451971058594,-0.0471124291163742,-0.00999954736966571));
#5460=CARTESIAN_POINT('',(0.144546488177403,-0.0470340333326623,-0.0100040374374859));
#5461=CARTESIAN_POINT('',(0.144594485204209,-0.0468812142535486,-0.0100128410555705));
#5462=CARTESIAN_POINT('',(0.144637195123817,-0.0467309899648313,-0.0100215350513701));
#5463=CARTESIAN_POINT('',(0.144693198622709,-0.0464916265042361,-0.0100352968629293));
#5464=CARTESIAN_POINT('',(0.144730293049325,-0.0462884158458699,-0.0100471390863434));
#5465=CARTESIAN_POINT('',(0.144749202930762,-0.0461577607877011,-0.0100547398167258));
#5466=CARTESIAN_POINT('',(0.14475848325759,-0.0460870389175621,-0.0100588958157567));
#5467=CARTESIAN_POINT('',(0.144760666524766,-0.0460697711969348,-0.0100599151848719));
#5468=CARTESIAN_POINT('',(0.144766920170909,-0.0460182932865962,-0.0100629578374592));
#5469=CARTESIAN_POINT('',(0.144774507436293,-0.0459501851436638,-0.0100669895922989));
#5470=CARTESIAN_POINT('',(0.144786279339918,-0.0458278987164312,-0.010073994919093));
#5471=CARTESIAN_POINT('',(0.144792716315339,-0.045730218632366,-0.0100798408553299));
#5472=CARTESIAN_POINT('',(0.144795996486606,-0.0456693187555911,-0.0100835285548149));
#5473=CARTESIAN_POINT('',(0.144800317917544,-0.0455802268359753,-0.0100889509620016));
#5474=CARTESIAN_POINT('',(0.144802402681254,-0.0455237642183478,-0.0100924257783783));
#5475=CARTESIAN_POINT('',(0.144805794762532,-0.0454131208776266,-0.0100992650265423));
#5476=CARTESIAN_POINT('',(0.144807101631225,-0.045358955860922,-0.010102628378135));
#5477=CARTESIAN_POINT('',(0.144810174339899,-0.0451986908031862,-0.0101126111028061));
#5478=CARTESIAN_POINT('',(0.144811140259336,-0.0450946047289392,-0.0101191342577133));
#5479=CARTESIAN_POINT('',(0.144811492126689,-0.0449916975741112,-0.0101256004885541));
#5480=CARTESIAN_POINT('',(0.140080845150305,-0.0492864683817977,-0.0100753175252441));
#5481=CARTESIAN_POINT('',(0.140186179397995,-0.0492864683838743,-0.0100753175251131));
#5482=CARTESIAN_POINT('',(0.140292826369349,-0.0492856560259621,-0.0100753685798599));
#5483=CARTESIAN_POINT('',(0.140509242333293,-0.0492818222166519,-0.0100756099106803));
#5484=CARTESIAN_POINT('',(0.140619075408546,-0.0492788068216217,-0.0100757997132309));
#5485=CARTESIAN_POINT('',(0.140792152867742,-0.0492710304212045,-0.0100762824355275));
#5486=CARTESIAN_POINT('',(0.140850966267867,-0.0492679187365049,-0.010076475302927));
#5487=CARTESIAN_POINT('',(0.140942020789662,-0.049262080624705,-0.0100768357325669));
#5488=CARTESIAN_POINT('',(0.140988607200957,-0.0492588122278465,-0.0100770367951752));
#5489=CARTESIAN_POINT('',(0.141039101804892,-0.0492546062900667,-0.0100772918712453));
#5490=CARTESIAN_POINT('',(0.141073147607091,-0.0492516377313808,-0.0100774717837683));
#5491=CARTESIAN_POINT('',(0.141090194096764,-0.0492500954350672,-0.0100775653830204));
#5492=CARTESIAN_POINT('',(0.141125022944082,-0.0492467685689734,-0.0100777667417234));
#5493=CARTESIAN_POINT('',(0.141161258770899,-0.0492431022969641,-0.0100779874122821));
#5494=CARTESIAN_POINT('',(0.141231966194992,-0.0492347489658909,-0.0100784742511944));
#5495=CARTESIAN_POINT('',(0.141279726516194,-0.0492282397889683,-0.0100788720708324));
#5496=CARTESIAN_POINT('',(0.141315509931617,-0.0492231072519343,-0.0100791811355541));
#5497=CARTESIAN_POINT('',(0.141369368560568,-0.0492150910395046,-0.0100796636310085));
#5498=CARTESIAN_POINT('',(0.141404446932074,-0.0492094349922009,-0.0100800048524056));
#5499=CARTESIAN_POINT('',(0.14147530769419,-0.049197197736739,-0.0100807420366154));
#5500=CARTESIAN_POINT('',(0.141511304495912,-0.0491905942678832,-0.010081139127442));
#5501=CARTESIAN_POINT('',(0.141692426367297,-0.0491551481890297,-0.010083268608659));
#5502=CARTESIAN_POINT('',(0.141839800733731,-0.0491191503586795,-0.0100854263259454));
#5503=CARTESIAN_POINT('',(0.142061960785183,-0.0490515695492842,-0.010089460407764));
#5504=CARTESIAN_POINT('',(0.142210321045663,-0.0490019600348,-0.0100924176039197));
#5505=CARTESIAN_POINT('',(0.142356599003671,-0.0489439981801301,-0.0100958698404977));
#5506=CARTESIAN_POINT('',(0.142469239587029,-0.0488950167790016,-0.0100987728909819));
#5507=CARTESIAN_POINT('',(0.142507301486618,-0.0488777718636657,-0.0100997928467626));
#5508=CARTESIAN_POINT('',(0.142584889723822,-0.0488410462822192,-0.0101019589542687));
#5509=CARTESIAN_POINT('',(0.142624363356116,-0.0488215645093193,-0.0101031051857724));
#5510=CARTESIAN_POINT('',(0.142744683755874,-0.0487591453609658,-0.0101067670872676));
#5511=CARTESIAN_POINT('',(0.142827584668191,-0.0487121475779087,-0.0101095106238448));
#5512=CARTESIAN_POINT('',(0.142996937086919,-0.0486046979791438,-0.0101157492108592));
#5513=CARTESIAN_POINT('',(0.143169221531848,-0.0484841406595278,-0.0101227206733284));
#5514=CARTESIAN_POINT('',(0.143421693666858,-0.0482611242015233,-0.010135537845419));
#5515=CARTESIAN_POINT('',(0.143643659930889,-0.0480083684047838,-0.0101500494042873));
#5516=CARTESIAN_POINT('',(0.143804819133366,-0.047779535372645,-0.0101634355339846));
#5517=CARTESIAN_POINT('',(0.143945954414381,-0.0475409342261604,-0.0101774255641794));
#5518=CARTESIAN_POINT('',(0.144021108885702,-0.0473870242066516,-0.0101865146231359));
#5519=CARTESIAN_POINT('',(0.144089108890937,-0.0472350139132964,-0.0101955182891874));
#5520=CARTESIAN_POINT('',(0.144119651751311,-0.0471597842697116,-0.0101999866912079));
#5521=CARTESIAN_POINT('',(0.144174935671495,-0.0470119406089794,-0.0102087973997825));
#5522=CARTESIAN_POINT('',(0.144199562479515,-0.0469396941338245,-0.010213120111971));
#5523=CARTESIAN_POINT('',(0.144243857402261,-0.046798264240128,-0.0102216133211256));
#5524=CARTESIAN_POINT('',(0.144283410457271,-0.0466587759550423,-0.0102300141616264));
#5525=CARTESIAN_POINT('',(0.144334981652488,-0.0464376836717831,-0.0102432752218735));
#5526=CARTESIAN_POINT('',(0.14436943457015,-0.0462481471549729,-0.0102547414097935));
#5527=CARTESIAN_POINT('',(0.144386979876624,-0.0461264398294698,-0.0102620954372368));
#5528=CARTESIAN_POINT('',(0.144395627920417,-0.0460600816896832,-0.0102661310167607));
#5529=CARTESIAN_POINT('',(0.14439766701254,-0.0460438264122308,-0.0102671224368782));
#5530=CARTESIAN_POINT('',(0.144403511560339,-0.0459953236708504,-0.0102700829279016));
#5531=CARTESIAN_POINT('',(0.144410609407993,-0.0459310808627567,-0.0102740078561519));
#5532=CARTESIAN_POINT('',(0.144421388239908,-0.0458184089817439,-0.0102807473755952));
#5533=CARTESIAN_POINT('',(0.144427436172616,-0.0457256547247499,-0.0102864563435045));
#5534=CARTESIAN_POINT('',(0.144430536831453,-0.0456672484496385,-0.0102900748128165));
#5535=CARTESIAN_POINT('',(0.144434632918616,-0.0455814688843144,-0.010295405245252));
#5536=CARTESIAN_POINT('',(0.144436625769772,-0.045526656001131,-0.0102988341840879));
#5537=CARTESIAN_POINT('',(0.144439869525461,-0.0454188776672508,-0.0103055937504318));
#5538=CARTESIAN_POINT('',(0.144441120031092,-0.0453659254771058,-0.010308923375422));
#5539=CARTESIAN_POINT('',(0.144444056261712,-0.0452088728811631,-0.0103188167483863));
#5540=CARTESIAN_POINT('',(0.144444971267311,-0.0451064003565931,-0.0103252949776013));
#5541=CARTESIAN_POINT('',(0.144445284137303,-0.0450048805684897,-0.0103317225815133));
#5542=CARTESIAN_POINT('',(0.140080845150305,-0.0491011841031394,-0.0101632040557199));
#5543=CARTESIAN_POINT('',(0.140185203856174,-0.0491011841051672,-0.0101632040555908));
#5544=CARTESIAN_POINT('',(0.140290717483501,-0.0491003813305377,-0.0101632547658375));
#5545=CARTESIAN_POINT('',(0.140504465736792,-0.0490965881640315,-0.0101634946470884));
#5546=CARTESIAN_POINT('',(0.14061275655634,-0.049093604811581,-0.010163683307772));
#5547=CARTESIAN_POINT('',(0.140782464350938,-0.0490859827652637,-0.0101641605110635));
#5548=CARTESIAN_POINT('',(0.140840011495724,-0.0490829358326131,-0.0101643510650651));
#5549=CARTESIAN_POINT('',(0.140928807163738,-0.0490772338060856,-0.0101647066421447));
#5550=CARTESIAN_POINT('',(0.140974130871039,-0.0490740491640369,-0.0101649047179047));
#5551=CARTESIAN_POINT('',(0.141022875226344,-0.049069989950229,-0.0101651545505852));
#5552=CARTESIAN_POINT('',(0.141055705728313,-0.0490671259922705,-0.0101653307300746));
#5553=CARTESIAN_POINT('',(0.14107214112369,-0.0490656365510224,-0.0101654224464598));
#5554=CARTESIAN_POINT('',(0.141105655241428,-0.0490624291597607,-0.0101656195541504));
#5555=CARTESIAN_POINT('',(0.141140400638781,-0.0490589074779691,-0.0101658350789373));
#5556=CARTESIAN_POINT('',(0.14120684097771,-0.0490510546045407,-0.010166304014966));
#5557=CARTESIAN_POINT('',(0.141253185725573,-0.0490447395182744,-0.0101666949142698));
#5558=CARTESIAN_POINT('',(0.141287521554584,-0.0490398090208101,-0.0101669967639906));
#5559=CARTESIAN_POINT('',(0.141339183711412,-0.0490321106326869,-0.0101674679093558));
#5560=CARTESIAN_POINT('',(0.141372900750939,-0.0490266705021781,-0.0101678014215501));
#5561=CARTESIAN_POINT('',(0.141440943440263,-0.0490149117542358,-0.010168521518792));
#5562=CARTESIAN_POINT('',(0.141475456213282,-0.0490085740066406,-0.0101689091196586));
#5563=CARTESIAN_POINT('',(0.141649005501913,-0.0489745757708107,-0.0101709868860461));
#5564=CARTESIAN_POINT('',(0.141789971002856,-0.0489400994614092,-0.0101730902656372));
#5565=CARTESIAN_POINT('',(0.142001946844502,-0.0488755578376522,-0.0101770156346561));
#5566=CARTESIAN_POINT('',(0.142143364736985,-0.0488282251855286,-0.0101798913286695));
#5567=CARTESIAN_POINT('',(0.142282704435965,-0.0487729519564903,-0.0101832473359417));
#5568=CARTESIAN_POINT('',(0.142389676608923,-0.0487263958564259,-0.0101860635152191));
#5569=CARTESIAN_POINT('',(0.142425768697817,-0.0487100275452677,-0.0101870520634337));
#5570=CARTESIAN_POINT('',(0.142499199138123,-0.0486752336936447,-0.0101891489297709));
#5571=CARTESIAN_POINT('',(0.14253649055996,-0.0486568069826916,-0.0101902573289235));
#5572=CARTESIAN_POINT('',(0.142649954786958,-0.048597882926534,-0.0101937938292789));
#5573=CARTESIAN_POINT('',(0.142727855446587,-0.0485536639206642,-0.0101964375874376));
#5574=CARTESIAN_POINT('',(0.142886467765853,-0.0484529397716341,-0.0102024343009002));
#5575=CARTESIAN_POINT('',(0.143047339513191,-0.0483402404347797,-0.0102091227952741));
#5576=CARTESIAN_POINT('',(0.143282037789624,-0.0481326895067385,-0.0102213806799693));
#5577=CARTESIAN_POINT('',(0.143488240836458,-0.0478977567931685,-0.0102352439730927));
#5578=CARTESIAN_POINT('',(0.14363968749123,-0.0476825146113571,-0.010248132539086));
#5579=CARTESIAN_POINT('',(0.143772412700697,-0.0474577685245792,-0.0102616141328317));
#5580=CARTESIAN_POINT('',(0.143843396689589,-0.0473121438586107,-0.0102703977339812));
#5581=CARTESIAN_POINT('',(0.143907729076179,-0.0471680461295896,-0.010279109083973));
#5582=CARTESIAN_POINT('',(0.143936676579302,-0.047096608207184,-0.0102834370699546));
#5583=CARTESIAN_POINT('',(0.143989161235165,-0.046955903417943,-0.0102919831110937));
#5584=CARTESIAN_POINT('',(0.144012598233874,-0.0468869586898751,-0.0102961833005027));
#5585=CARTESIAN_POINT('',(0.144054839904189,-0.0467516464514129,-0.0103044494684925));
#5586=CARTESIAN_POINT('',(0.144092635641576,-0.0466179279282912,-0.0103126360155193));
#5587=CARTESIAN_POINT('',(0.144141722355513,-0.046406664408338,-0.0103255301756257));
#5588=CARTESIAN_POINT('',(0.144174679001385,-0.046224490317468,-0.0103367207627917));
#5589=CARTESIAN_POINT('',(0.144191440334389,-0.0461076043122518,-0.0103438943202643));
#5590=CARTESIAN_POINT('',(0.144199724372518,-0.0460435978440436,-0.0103478415795432));
#5591=CARTESIAN_POINT('',(0.144201680427381,-0.0460278882134256,-0.0103488124711211));
#5592=CARTESIAN_POINT('',(0.144207288833107,-0.0459809890621195,-0.0103517126026987));
#5593=CARTESIAN_POINT('',(0.144214102546965,-0.0459188300676933,-0.010355559050546));
#5594=CARTESIAN_POINT('',(0.14422429144578,-0.0458113435808689,-0.0103621053020257));
#5595=CARTESIAN_POINT('',(0.144230107962061,-0.0457212474426403,-0.0103677115530623));
#5596=CARTESIAN_POINT('',(0.144233099241804,-0.0456641868702691,-0.0103712789196627));
#5597=CARTESIAN_POINT('',(0.14423705696043,-0.0455801949796388,-0.0103765415349862));
#5598=CARTESIAN_POINT('',(0.144238992182264,-0.0455262726760174,-0.0103799364857367));
#5599=CARTESIAN_POINT('',(0.144242141792172,-0.0454200410725094,-0.0103866371007275));
#5600=CARTESIAN_POINT('',(0.144243355711434,-0.0453677437060434,-0.010389941874307));
#5601=CARTESIAN_POINT('',(0.144246201870438,-0.0452124256955547,-0.0103997694491403));
#5602=CARTESIAN_POINT('',(0.144247081279684,-0.0451108246043719,-0.0104062145336472));
#5603=CARTESIAN_POINT('',(0.144247366001383,-0.0450100541390082,-0.0104126137017495));
#5604=CARTESIAN_POINT('',(0.140080845150305,-0.048725739643753,-0.0102971483853914));
#5605=CARTESIAN_POINT('',(0.140183241527009,-0.0487257396456835,-0.0102971483852669));
#5606=CARTESIAN_POINT('',(0.140286475393495,-0.0487249559985126,-0.0102971982599788));
#5607=CARTESIAN_POINT('',(0.140494857473821,-0.0487212439331827,-0.0102974346178256));
#5608=CARTESIAN_POINT('',(0.140600046008185,-0.0487183245186311,-0.0102976205022568));
#5609=CARTESIAN_POINT('',(0.14076297544798,-0.0487110105081905,-0.0102980842986379));
#5610=CARTESIAN_POINT('',(0.140817975407802,-0.0487080927951318,-0.0102982692317863));
#5611=CARTESIAN_POINT('',(0.140902227147044,-0.0487026623305869,-0.0102986130128592));
#5612=CARTESIAN_POINT('',(0.140945010764973,-0.0486996448251377,-0.0102988038280718));
#5613=CARTESIAN_POINT('',(0.140990234154635,-0.0486958784263136,-0.0102990409212951));
#5614=CARTESIAN_POINT('',(0.141020619835216,-0.0486932232128382,-0.0102992080278441));
#5615=CARTESIAN_POINT('',(0.141035825892246,-0.048691839246459,-0.0102992951659242));
#5616=CARTESIAN_POINT('',(0.141066695144745,-0.0486888702684918,-0.0102994819338549));
#5617=CARTESIAN_POINT('',(0.141098442177009,-0.0486856371220304,-0.0102996849431345));
#5618=CARTESIAN_POINT('',(0.141156297799449,-0.0486787830697962,-0.0103001103912512));
#5619=CARTESIAN_POINT('',(0.141199794469823,-0.0486728553393608,-0.0103004844658073));
#5620=CARTESIAN_POINT('',(0.141231217785486,-0.0486683280779653,-0.0103007687811508));
#5621=CARTESIAN_POINT('',(0.141278460611168,-0.0486612640197781,-0.0103012123426576));
#5622=CARTESIAN_POINT('',(0.141309438508419,-0.0486562548359848,-0.0103015271179207));
#5623=CARTESIAN_POINT('',(0.14137181069781,-0.0486454511670054,-0.0103022056860446));
#5624=CARTESIAN_POINT('',(0.141403337214508,-0.0486396437998612,-0.0103025702223182));
#5625=CARTESIAN_POINT('',(0.141561647679283,-0.0486085355715554,-0.0103045222996455));
#5626=CARTESIAN_POINT('',(0.141689713748672,-0.048577096544554,-0.0103064936007191));
#5627=CARTESIAN_POINT('',(0.14188118353735,-0.048518623682154,-0.0103101547564003));
#5628=CARTESIAN_POINT('',(0.14200862028914,-0.0484758380843,-0.0103128323849295));
#5629=CARTESIAN_POINT('',(0.142133981083476,-0.048425935584986,-0.0103159544705716));
#5630=CARTESIAN_POINT('',(0.142229529040247,-0.0483842252952069,-0.0103185594738739));
#5631=CARTESIAN_POINT('',(0.142261650588649,-0.0483696085999738,-0.0103194716729423));
#5632=CARTESIAN_POINT('',(0.142326698766761,-0.0483386751219911,-0.0103214002214327));
#5633=CARTESIAN_POINT('',(0.142359590057856,-0.0483223570647572,-0.0103224166546101));
#5634=CARTESIAN_POINT('',(0.142459226391547,-0.0482704194857084,-0.0103256483188944));
#5635=CARTESIAN_POINT('',(0.142527038046725,-0.0482317563589329,-0.0103280495240258));
#5636=CARTESIAN_POINT('',(0.142663965046812,-0.0481444849265528,-0.0103334582630327));
#5637=CARTESIAN_POINT('',(0.142801779127915,-0.0480475091057974,-0.0103394588936951));
#5638=CARTESIAN_POINT('',(0.143000498834796,-0.0478709369743157,-0.0103503573709095));
#5639=CARTESIAN_POINT('',(0.143174703449553,-0.0476717579906337,-0.0103626451916408));
#5640=CARTESIAN_POINT('',(0.143306379099677,-0.0474838147434964,-0.0103743251616145));
#5641=CARTESIAN_POINT('',(0.143421941361523,-0.0472869254086461,-0.0103865713768679));
#5642=CARTESIAN_POINT('',(0.143484386707346,-0.0471579769896839,-0.0103946129553174));
#5643=CARTESIAN_POINT('',(0.143541198408922,-0.047029812470876,-0.0104026142911582));
#5644=CARTESIAN_POINT('',(0.14356686813688,-0.0469660136245356,-0.0104066012747125));
#5645=CARTESIAN_POINT('',(0.143613592790989,-0.0468396964594708,-0.0104145045436246));
#5646=CARTESIAN_POINT('',(0.14363457666061,-0.0467774086239363,-0.0104184071379186));
#5647=CARTESIAN_POINT('',(0.143672577429489,-0.0466544345251182,-0.0104261216955969));
#5648=CARTESIAN_POINT('',(0.143706734055537,-0.0465323571398183,-0.0104337875127444));
#5649=CARTESIAN_POINT('',(0.143750648812612,-0.046340938556198,-0.0104457907207974));
#5650=CARTESIAN_POINT('',(0.143780467241274,-0.0461736399660473,-0.0104563121253045));
#5651=CARTESIAN_POINT('',(0.143795568655756,-0.0460665009595683,-0.0104630472354889));
#5652=CARTESIAN_POINT('',(0.143803080481876,-0.0460072492905624,-0.0104667800928276));
#5653=CARTESIAN_POINT('',(0.143804860272248,-0.0459926429361797,-0.0104677011721712));
#5654=CARTESIAN_POINT('',(0.143809966626005,-0.04594898641386,-0.0104704548510811));
#5655=CARTESIAN_POINT('',(0.143816173864831,-0.0458910417816374,-0.0104741108795861));
#5656=CARTESIAN_POINT('',(0.143825087804589,-0.0457940457233575,-0.0104801867257492));
#5657=CARTESIAN_POINT('',(0.14383039834402,-0.0457093294812663,-0.0104855452914622));
#5658=CARTESIAN_POINT('',(0.143833148172731,-0.0456549926988172,-0.0104889888482563));
#5659=CARTESIAN_POINT('',(0.143836799079342,-0.045574619375618,-0.0104940871049404));
#5660=CARTESIAN_POINT('',(0.143838604533379,-0.0455225001081304,-0.0104973998016623));
#5661=CARTESIAN_POINT('',(0.143841540698156,-0.045419400131656,-0.0105039576912593));
#5662=CARTESIAN_POINT('',(0.143842670749249,-0.0453684286598667,-0.0105072022247461));
#5663=CARTESIAN_POINT('',(0.143845308552477,-0.0452166230599094,-0.0105168702748136));
#5664=CARTESIAN_POINT('',(0.143846102913731,-0.0451167868530296,-0.0105232350467709));
#5665=CARTESIAN_POINT('',(0.143846319410964,-0.0450175340350667,-0.0105295652672618));
#5666=CARTESIAN_POINT('',(0.140080845150305,-0.0485361889507835,-0.0103428618369249));
#5667=CARTESIAN_POINT('',(0.140182257966741,-0.0485361889526657,-0.0103428618368031));
#5668=CARTESIAN_POINT('',(0.140284349165467,-0.0485354148175519,-0.0103429112214048));
#5669=CARTESIAN_POINT('',(0.140490041608258,-0.0485317430758287,-0.0103431455094857));
#5670=CARTESIAN_POINT('',(0.140593675214937,-0.0485288554504803,-0.010343329762764));
#5671=CARTESIAN_POINT('',(0.14075320711108,-0.0485216946084341,-0.0103437856866342));
#5672=CARTESIAN_POINT('',(0.14080693032995,-0.0485188411477729,-0.0103439673187919));
#5673=CARTESIAN_POINT('',(0.140888904466395,-0.0485135457089313,-0.0103443041700541));
#5674=CARTESIAN_POINT('',(0.140930414875901,-0.0485106113076706,-0.010344490719959));
#5675=CARTESIAN_POINT('',(0.140973873338057,-0.0485069905122826,-0.010344720331764));
#5676=CARTESIAN_POINT('',(0.141003033517543,-0.0485044390955815,-0.0103448821088755));
#5677=CARTESIAN_POINT('',(0.141017623351995,-0.048503107574093,-0.0103449665568247));
#5678=CARTESIAN_POINT('',(0.141047166817976,-0.0485002571398428,-0.0103451472480314));
#5679=CARTESIAN_POINT('',(0.141077410844952,-0.0484971674606528,-0.010345342902122));
#5680=CARTESIAN_POINT('',(0.141130962950187,-0.0484908101070575,-0.0103457428151111));
#5681=CARTESIAN_POINT('',(0.141173031798871,-0.0484850749990221,-0.0103461070047301));
#5682=CARTESIAN_POINT('',(0.141202994975785,-0.0484807482636788,-0.010346381020916));
#5683=CARTESIAN_POINT('',(0.141248022207682,-0.0484739996564812,-0.0103468083804622));
#5684=CARTESIAN_POINT('',(0.141277626797453,-0.0484692047864226,-0.0103471121496207));
#5685=CARTESIAN_POINT('',(0.141337155880787,-0.048458876101688,-0.0103477663235218));
#5686=CARTESIAN_POINT('',(0.141367185078388,-0.0484533325122819,-0.0103481173117768));
#5687=CARTESIAN_POINT('',(0.141517854348439,-0.0484236616457981,-0.0103499955599147));
#5688=CARTESIAN_POINT('',(0.141639451048692,-0.0483937333361077,-0.0103518892727669));
#5689=CARTESIAN_POINT('',(0.141820632671734,-0.0483382799682915,-0.0103553952328197));
#5690=CARTESIAN_POINT('',(0.141941053605606,-0.048297757007181,-0.010357956526407));
#5691=CARTESIAN_POINT('',(0.142059396696762,-0.0482505277035959,-0.0103609411903362));
#5692=CARTESIAN_POINT('',(0.142149207590044,-0.0482112298880557,-0.0103634221332472));
#5693=CARTESIAN_POINT('',(0.142179334921537,-0.0481974853004873,-0.0103642894790963));
#5694=CARTESIAN_POINT('',(0.142240172380916,-0.0481684740665613,-0.0103661191457065));
#5695=CARTESIAN_POINT('',(0.142270852966307,-0.0481532061056965,-0.0103670815516982));
#5696=CARTESIAN_POINT('',(0.142363540245565,-0.0481047483327685,-0.0103701341339217));
#5697=CARTESIAN_POINT('',(0.142426279678551,-0.0480688531028891,-0.0103723928453168));
#5698=CARTESIAN_POINT('',(0.142552296957788,-0.0479882866603082,-0.0103774561645399));
#5699=CARTESIAN_POINT('',(0.142678503786149,-0.0478991503448372,-0.0103830526965373));
#5700=CARTESIAN_POINT('',(0.142859077472862,-0.0477380402410374,-0.0103931526278022));
#5701=CARTESIAN_POINT('',(0.14301709884675,-0.0475567328522628,-0.0104045150649796));
#5702=CARTESIAN_POINT('',(0.143138747921215,-0.0473824526185459,-0.0104154853920673));
#5703=CARTESIAN_POINT('',(0.143245584922253,-0.0471995190995668,-0.01042700609152));
#5704=CARTESIAN_POINT('',(0.143303675747115,-0.0470789341410974,-0.0104346119592426));
#5705=CARTESIAN_POINT('',(0.143356646348147,-0.04695876407314,-0.0104421964128119));
#5706=CARTESIAN_POINT('',(0.143380638844008,-0.0468988000306644,-0.0104459832007405));
#5707=CARTESIAN_POINT('',(0.143424411851236,-0.0467797079963351,-0.0104535091018159));
#5708=CARTESIAN_POINT('',(0.143444136264707,-0.0467207643863219,-0.0104572369656208));
#5709=CARTESIAN_POINT('',(0.143479956070632,-0.0466039905516001,-0.010464627590544));
#5710=CARTESIAN_POINT('',(0.143512236632608,-0.0464877654823259,-0.0104719875737066));
#5711=CARTESIAN_POINT('',(0.143553471877537,-0.0463063305899123,-0.0104834677493981));
#5712=CARTESIAN_POINT('',(0.143581653106831,-0.0461465207616617,-0.0104935963361842));
#5713=CARTESIAN_POINT('',(0.143595881084933,-0.0460442915236187,-0.0105000739747145));
#5714=CARTESIAN_POINT('',(0.143602985835384,-0.0459874352204859,-0.0105036809942214));
#5715=CARTESIAN_POINT('',(0.143604672652014,-0.0459733846943582,-0.0105045728460888));
#5716=CARTESIAN_POINT('',(0.143609513813121,-0.0459313619178678,-0.0105072405968859));
#5717=CARTESIAN_POINT('',(0.143615399567516,-0.0458755409570784,-0.0105107849010964));
#5718=CARTESIAN_POINT('',(0.143623630507755,-0.0457838328454765,-0.0105165841696157));
#5719=CARTESIAN_POINT('',(0.143628666853802,-0.0457018295951308,-0.0105217980151081));
#5720=CARTESIAN_POINT('',(0.143631284884649,-0.0456488664628792,-0.0105251690005318));
#5721=CARTESIAN_POINT('',(0.14363476769933,-0.0455703181399238,-0.0105301708969066));
#5722=CARTESIAN_POINT('',(0.143636501130175,-0.0455191083929315,-0.0105334354159827));
#5723=CARTESIAN_POINT('',(0.143639318187443,-0.0454175882152574,-0.0105399096858998));
#5724=CARTESIAN_POINT('',(0.143640401041231,-0.0453672856576926,-0.0105431188973061));
#5725=CARTESIAN_POINT('',(0.143642920767206,-0.0452172521706639,-0.0105526933976828));
#5726=CARTESIAN_POINT('',(0.143643665740304,-0.0451183065449924,-0.0105590110899614));
#5727=CARTESIAN_POINT('',(0.143643842216512,-0.0450198195849188,-0.0105653008752378));
#5728=CARTESIAN_POINT('',(0.140080845150305,-0.048260776669801,-0.010386699788834));
#5729=CARTESIAN_POINT('',(0.140180836259543,-0.0482607766716136,-0.0103866997887167));
#5730=CARTESIAN_POINT('',(0.140281275761415,-0.0482600162053887,-0.0103867483914594));
#5731=CARTESIAN_POINT('',(0.14048308041353,-0.0482564024176889,-0.0103869793704825));
#5732=CARTESIAN_POINT('',(0.140584466421133,-0.0482535604811874,-0.0103871610154062));
#5733=CARTESIAN_POINT('',(0.140739087174096,-0.0482466197705242,-0.0103876043620774));
#5734=CARTESIAN_POINT('',(0.140790964861763,-0.0482438586540533,-0.0103877807192605));
#5735=CARTESIAN_POINT('',(0.140869646698518,-0.0482387572848609,-0.0103881064901846));
#5736=CARTESIAN_POINT('',(0.140909316659234,-0.0482359423279831,-0.0103882862202795));
#5737=CARTESIAN_POINT('',(0.140950223820287,-0.0482325308003891,-0.0103885038772796));
#5738=CARTESIAN_POINT('',(0.140977612466209,-0.048230128570052,-0.0103886571348064));
#5739=CARTESIAN_POINT('',(0.140991311516028,-0.0482288724303856,-0.0103887372799559));
#5740=CARTESIAN_POINT('',(0.141018938471453,-0.0482261923910777,-0.0103889082479942));
#5741=CARTESIAN_POINT('',(0.141047009785671,-0.0482233089325714,-0.0103890921339481));
#5742=CARTESIAN_POINT('',(0.141094340584659,-0.0482176654659239,-0.0103894512541697));
#5743=CARTESIAN_POINT('',(0.141134345248312,-0.0482122072378252,-0.0103897996358909));
#5744=CARTESIAN_POINT('',(0.141162197504161,-0.0482081687342695,-0.0103900571894505));
#5745=CARTESIAN_POINT('',(0.141204021615946,-0.0482018735536582,-0.0103904586509475));
#5746=CARTESIAN_POINT('',(0.141231640729735,-0.0481973867447026,-0.0103907448257571));
#5747=CARTESIAN_POINT('',(0.141287059234222,-0.0481877408316834,-0.0103913600032359));
#5748=CARTESIAN_POINT('',(0.141314923544535,-0.0481825764185887,-0.0103916893341181));
#5749=CARTESIAN_POINT('',(0.141454544447219,-0.048154971793745,-0.0103934495613318));
#5750=CARTESIAN_POINT('',(0.141566785888264,-0.048127215319834,-0.0103952192276654));
#5751=CARTESIAN_POINT('',(0.141733085948216,-0.048076103729373,-0.0103984771042771));
#5752=CARTESIAN_POINT('',(0.141843357355892,-0.0480388344835029,-0.0104008524519942));
#5753=CARTESIAN_POINT('',(0.141951545181334,-0.0479954501465553,-0.0104036173919113));
#5754=CARTESIAN_POINT('',(0.142033052119532,-0.0479596228588569,-0.0104058999720595));
#5755=CARTESIAN_POINT('',(0.142060292699346,-0.0479471329368341,-0.0104066956010168));
#5756=CARTESIAN_POINT('',(0.142115034172945,-0.0479208873699473,-0.01040836716516));
#5757=CARTESIAN_POINT('',(0.14214251388894,-0.0479071303656675,-0.0104092431876005));
#5758=CARTESIAN_POINT('',(0.14222513797736,-0.0478636801931894,-0.0104120094374641));
#5759=CARTESIAN_POINT('',(0.142280530004091,-0.0478317687504944,-0.0104140403151312));
#5760=CARTESIAN_POINT('',(0.142390736344585,-0.0477608556956679,-0.0104185513463941));
#5761=CARTESIAN_POINT('',(0.142500114116636,-0.0476830089308372,-0.0104235017827787));
#5762=CARTESIAN_POINT('',(0.142654343291655,-0.0475441820030089,-0.0104323251518528));
#5763=CARTESIAN_POINT('',(0.142788824086454,-0.0473886569778175,-0.0104422085204758));
#5764=CARTESIAN_POINT('',(0.142895859175063,-0.0472341049195165,-0.0104520452819522));
#5765=CARTESIAN_POINT('',(0.142989957767193,-0.0470713369370655,-0.0104624066694891));
#5766=CARTESIAN_POINT('',(0.143041676995568,-0.0469628458209353,-0.0104693164875036));
#5767=CARTESIAN_POINT('',(0.143089021234481,-0.0468542397095288,-0.0104762350560241));
#5768=CARTESIAN_POINT('',(0.14311055361634,-0.0467998246561079,-0.0104797021303637));
#5769=CARTESIAN_POINT('',(0.143149992927251,-0.046691190123264,-0.0104866253482834));
#5770=CARTESIAN_POINT('',(0.143167865824194,-0.0466370882328266,-0.010490074118665));
#5771=CARTESIAN_POINT('',(0.143200476048266,-0.0465292931510113,-0.0104969471799592));
#5772=CARTESIAN_POINT('',(0.143229991316688,-0.0464215454124718,-0.0105038184249261));
#5773=CARTESIAN_POINT('',(0.143267262406493,-0.0462545793390069,-0.0105144633835824));
#5774=CARTESIAN_POINT('',(0.143293009883468,-0.046105627929934,-0.0105239647477804));
#5775=CARTESIAN_POINT('',(0.143305932524824,-0.0460105206457862,-0.0105300310286912));
#5776=CARTESIAN_POINT('',(0.143312427787897,-0.0459571392515321,-0.0105334371652527));
#5777=CARTESIAN_POINT('',(0.143313975295725,-0.0459438950742153,-0.0105342823807996));
#5778=CARTESIAN_POINT('',(0.143318418698708,-0.0459042425187477,-0.0105368130303539));
#5779=CARTESIAN_POINT('',(0.143323821111967,-0.0458515029055106,-0.0105401790753457));
#5780=CARTESIAN_POINT('',(0.143331021355788,-0.0457674692637781,-0.0105455356128425));
#5781=CARTESIAN_POINT('',(0.143335635852867,-0.0456894043671829,-0.0105505200581876));
#5782=CARTESIAN_POINT('',(0.14333805146019,-0.0456384354975494,-0.0105537754287725));
#5783=CARTESIAN_POINT('',(0.143341275606641,-0.0455625368237561,-0.0105586237582102));
#5784=CARTESIAN_POINT('',(0.143342896992918,-0.0455126477470005,-0.0105618116130748));
#5785=CARTESIAN_POINT('',(0.143345528233147,-0.0454134216177932,-0.0105681527629719));
#5786=CARTESIAN_POINT('',(0.143346537225494,-0.0453640904590288,-0.0105713056705726));
#5787=CARTESIAN_POINT('',(0.143348871430895,-0.0452166305497969,-0.0105807310225562));
#5788=CARTESIAN_POINT('',(0.143349537551693,-0.0451189784329133,-0.01058697369894));
#5789=CARTESIAN_POINT('',(0.143349649852384,-0.045021603871906,-0.0105931990110999));
#5790=CARTESIAN_POINT('',(0.140080845150305,-0.0481703439235973,-0.0103973122233153));
#5791=CARTESIAN_POINT('',(0.140180370672221,-0.0481703439253872,-0.0103973122231995));
#5792=CARTESIAN_POINT('',(0.140280269267929,-0.0481695879219693,-0.0103973605575214));
#5793=CARTESIAN_POINT('',(0.140480800728274,-0.0481659930573209,-0.0103975903995022));
#5794=CARTESIAN_POINT('',(0.140581450682087,-0.0481631660391741,-0.0103977711480829));
#5795=CARTESIAN_POINT('',(0.140734463094992,-0.0481562972045308,-0.0103982101743078));
#5796=CARTESIAN_POINT('',(0.140785736392733,-0.0481535662400066,-0.0103983847192825));
#5797=CARTESIAN_POINT('',(0.140863340036227,-0.0481485282393863,-0.0103987066826618));
#5798=CARTESIAN_POINT('',(0.140902407267427,-0.048145752284151,-0.0103988840692818));
#5799=CARTESIAN_POINT('',(0.140942478891085,-0.0481424090869092,-0.0103990976192971));
#5800=CARTESIAN_POINT('',(0.140969287368711,-0.0481400555698867,-0.0103992479494928));
#5801=CARTESIAN_POINT('',(0.140982694691257,-0.0481388240449057,-0.0103993266158653));
#5802=CARTESIAN_POINT('',(0.141009693997707,-0.0481361996461951,-0.0103994942417623));
#5803=CARTESIAN_POINT('',(0.141037053754298,-0.0481333835268918,-0.0103996740827513));
#5804=CARTESIAN_POINT('',(0.141082347053009,-0.0481279731610691,-0.010400019190414));
#5805=CARTESIAN_POINT('',(0.141121675675296,-0.0481226053458438,-0.010400362139706));
#5806=CARTESIAN_POINT('',(0.141148836580631,-0.0481186609605413,-0.0104006140369143));
#5807=CARTESIAN_POINT('',(0.141189611627885,-0.0481125138410547,-0.0104010066001504));
#5808=CARTESIAN_POINT('',(0.141216580461228,-0.0481081276272353,-0.0104012867295239));
#5809=CARTESIAN_POINT('',(0.141270652653582,-0.0480987046709248,-0.010401888507815));
#5810=CARTESIAN_POINT('',(0.141297807902692,-0.048093664077524,-0.0104022103972689));
#5811=CARTESIAN_POINT('',(0.141433810087558,-0.0480667341917094,-0.0104039300727036));
#5812=CARTESIAN_POINT('',(0.141542987154622,-0.0480396869632406,-0.0104056571145592));
#5813=CARTESIAN_POINT('',(0.141704411991989,-0.0479899933968854,-0.0104088297511605));
#5814=CARTESIAN_POINT('',(0.141811358175978,-0.0479537868540944,-0.0104111412114888));
#5815=CARTESIAN_POINT('',(0.141916218390274,-0.047911658475149,-0.0104138306481718));
#5816=CARTESIAN_POINT('',(0.141995004024152,-0.047876964931102,-0.0104160450650953));
#5817=CARTESIAN_POINT('',(0.142021298534673,-0.0478648848924192,-0.01041681605002));
#5818=CARTESIAN_POINT('',(0.142074042063551,-0.0478395428700317,-0.0104184332858107));
#5819=CARTESIAN_POINT('',(0.142100472641167,-0.0478262795143821,-0.0104192796245797));
#5820=CARTESIAN_POINT('',(0.142179798066516,-0.0477844654893585,-0.0104219474831141));
#5821=CARTESIAN_POINT('',(0.142232781292902,-0.0477538557918099,-0.0104239000708402));
#5822=CARTESIAN_POINT('',(0.142337802844063,-0.0476860975939128,-0.0104282213214699));
#5823=CARTESIAN_POINT('',(0.142441660748997,-0.0476119408736164,-0.0104329497443448));
#5824=CARTESIAN_POINT('',(0.142587243136708,-0.0474804001087829,-0.010441334484721));
#5825=CARTESIAN_POINT('',(0.142713989798603,-0.0473333099115043,-0.0104507096793255));
#5826=CARTESIAN_POINT('',(0.142816218681882,-0.0471852149447472,-0.0104601570685698));
#5827=CARTESIAN_POINT('',(0.142906124373917,-0.0470290496592503,-0.0104701201854505));
#5828=CARTESIAN_POINT('',(0.142955743993869,-0.046924519885536,-0.0104767909071583));
#5829=CARTESIAN_POINT('',(0.143001233199922,-0.0468197021774703,-0.0104834807531062));
#5830=CARTESIAN_POINT('',(0.143021953918504,-0.0467671053260738,-0.0104868380182794));
#5831=CARTESIAN_POINT('',(0.143059962701856,-0.0466618977877735,-0.0104935542345787));
#5832=CARTESIAN_POINT('',(0.143077224035187,-0.0466093827901415,-0.0104969071405564));
#5833=CARTESIAN_POINT('',(0.14310877356275,-0.0465045308835479,-0.0105036024052073));
#5834=CARTESIAN_POINT('',(0.143137374231949,-0.0463995623689142,-0.0105103057429895));
#5835=CARTESIAN_POINT('',(0.143173331804461,-0.0462373409590868,-0.0105206638467099));
#5836=CARTESIAN_POINT('',(0.143198270949365,-0.0460919511797636,-0.0105299497996406));
#5837=CARTESIAN_POINT('',(0.143210758905455,-0.0459991804408718,-0.0105358747709433));
#5838=CARTESIAN_POINT('',(0.143217051024577,-0.0459469391271303,-0.0105392119232993));
#5839=CARTESIAN_POINT('',(0.143218552083424,-0.0459339595075977,-0.0105400411266827));
#5840=CARTESIAN_POINT('',(0.143222862798865,-0.0458950846263382,-0.010542524704935));
#5841=CARTESIAN_POINT('',(0.143228103788318,-0.0458433560676341,-0.0105458295478556));
#5842=CARTESIAN_POINT('',(0.143234959174107,-0.0457618409001235,-0.0105510338800452));
#5843=CARTESIAN_POINT('',(0.143239431242554,-0.0456850685828333,-0.0105559397751851));
#5844=CARTESIAN_POINT('',(0.143241778556337,-0.0456347542668747,-0.0105591554759042));
#5845=CARTESIAN_POINT('',(0.143244915353591,-0.0455597252763434,-0.0105639511058335));
#5846=CARTESIAN_POINT('',(0.143246498713319,-0.0455102697063666,-0.0105671126679825));
#5847=CARTESIAN_POINT('',(0.143249066807174,-0.0454117966097011,-0.0105734081550508));
#5848=CARTESIAN_POINT('',(0.143250050662744,-0.0453627843271786,-0.0105765417392244));
#5849=CARTESIAN_POINT('',(0.143252321616679,-0.0452161692521377,-0.0105859158995131));
#5850=CARTESIAN_POINT('',(0.143252960659793,-0.0451189417832047,-0.0105921328346381));
#5851=CARTESIAN_POINT('',(0.143253050880006,-0.0450219324204824,-0.0105983360170226));
#5852=CARTESIAN_POINT('',(0.140080845150305,-0.0479920211379335,-0.0104136269726579));
#5853=CARTESIAN_POINT('',(0.14017945409578,-0.0479920211396787,-0.0104136269725455));
#5854=CARTESIAN_POINT('',(0.140278287837991,-0.0479912739051207,-0.0104136747633318));
#5855=CARTESIAN_POINT('',(0.140476312835105,-0.0479877162253672,-0.010413902301523));
#5856=CARTESIAN_POINT('',(0.140575513760459,-0.0479849185229408,-0.010414081233913));
#5857=CARTESIAN_POINT('',(0.140725359902275,-0.0479781909258458,-0.0104145115081664));
#5858=CARTESIAN_POINT('',(0.14077544336222,-0.0479755192109673,-0.010414682381877));
#5859=CARTESIAN_POINT('',(0.140850924406457,-0.0479706057350933,-0.0104149966304516));
#5860=CARTESIAN_POINT('',(0.140888805063833,-0.0479679064215353,-0.0104151692687791));
#5861=CARTESIAN_POINT('',(0.140927231779528,-0.0479646974968193,-0.010415374498753));
#5862=CARTESIAN_POINT('',(0.140952898089291,-0.0479624397056067,-0.01041551889799));
#5863=CARTESIAN_POINT('',(0.140965731093404,-0.0479612565517102,-0.0104155945677952));
#5864=CARTESIAN_POINT('',(0.140991494756027,-0.0479587414959835,-0.0104157554205283));
#5865=CARTESIAN_POINT('',(0.141017453674718,-0.0479560577093471,-0.0104159270641455));
#5866=CARTESIAN_POINT('',(0.141058735713838,-0.0479511053979602,-0.0104162437868931));
#5867=CARTESIAN_POINT('',(0.141096733386822,-0.0479459152581098,-0.0104165757285664));
#5868=CARTESIAN_POINT('',(0.141122533199764,-0.0479421558264133,-0.010416816165946));
#5869=CARTESIAN_POINT('',(0.141161242899327,-0.0479362996656056,-0.0104171907011847));
#5870=CARTESIAN_POINT('',(0.141186931479048,-0.0479321111358951,-0.0104174585821024));
#5871=CARTESIAN_POINT('',(0.141238353065164,-0.0479231263250544,-0.0104180332127802));
#5872=CARTESIAN_POINT('',(0.141264112310263,-0.0479183290582218,-0.0104183400255005));
#5873=CARTESIAN_POINT('',(0.141392989858823,-0.0478927251600969,-0.0104199775408064));
#5874=CARTESIAN_POINT('',(0.141496133447884,-0.0478670717637039,-0.0104216182198799));
#5875=CARTESIAN_POINT('',(0.141647958590146,-0.0478201651208004,-0.0104246181570428));
#5876=CARTESIAN_POINT('',(0.141748356875893,-0.0477860472138609,-0.010426800182696));
#5877=CARTESIAN_POINT('',(0.141846663881449,-0.0477463874849923,-0.0104293366367344));
#5878=CARTESIAN_POINT('',(0.141920089947782,-0.0477139224895529,-0.0104314129427551));
#5879=CARTESIAN_POINT('',(0.141944521132835,-0.0477026481548966,-0.0104321339944344));
#5880=CARTESIAN_POINT('',(0.141993329476133,-0.0476790822652866,-0.0104336411516463));
#5881=CARTESIAN_POINT('',(0.142017693579217,-0.0476667893164233,-0.0104344273463315));
#5882=CARTESIAN_POINT('',(0.142090521326314,-0.0476281917270982,-0.0104368958476763));
#5883=CARTESIAN_POINT('',(0.142138759286561,-0.0476001412124127,-0.0104386898066298));
#5884=CARTESIAN_POINT('',(0.142233565414947,-0.0475385859635348,-0.0104426265305602));
#5885=CARTESIAN_POINT('',(0.142326546237687,-0.047471685021104,-0.0104469051204959));
#5886=CARTESIAN_POINT('',(0.14245508270233,-0.0473544744883991,-0.0104544011728718));
#5887=CARTESIAN_POINT('',(0.142566573316044,-0.0472239791153867,-0.0104627468284957));
#5888=CARTESIAN_POINT('',(0.142659315657626,-0.0470885914164029,-0.0104714054982869));
#5889=CARTESIAN_POINT('',(0.142740941135013,-0.0469454229906658,-0.0104805617952187));
#5890=CARTESIAN_POINT('',(0.142786411501862,-0.0468486926223637,-0.0104867481884152));
#5891=CARTESIAN_POINT('',(0.142828233554689,-0.0467513345816559,-0.010492974736048));
#5892=CARTESIAN_POINT('',(0.142847349036423,-0.0467023183128511,-0.0104961095839602));
#5893=CARTESIAN_POINT('',(0.142882527782225,-0.0466038601039854,-0.0105024065160168));
#5894=CARTESIAN_POINT('',(0.142898578783777,-0.0465544707098953,-0.0105055652405226));
#5895=CARTESIAN_POINT('',(0.142928028467159,-0.046455416231987,-0.0105119003338598));
#5896=CARTESIAN_POINT('',(0.14295481765621,-0.0463559227049631,-0.0105182635163233));
#5897=CARTESIAN_POINT('',(0.142988170606645,-0.0462030495450318,-0.0105280406115166));
#5898=CARTESIAN_POINT('',(0.143011504546193,-0.0460646782303761,-0.0105368902716897));
#5899=CARTESIAN_POINT('',(0.143023127971073,-0.0459765124473065,-0.0105425289887631));
#5900=CARTESIAN_POINT('',(0.143029015808254,-0.0459265181021043,-0.0105457264295137));
#5901=CARTESIAN_POINT('',(0.143030424402376,-0.0459140598995902,-0.0105465232079941));
#5902=CARTESIAN_POINT('',(0.143034470899046,-0.0458767177612663,-0.0105489114676606));
#5903=CARTESIAN_POINT('',(0.14303939022014,-0.045826981993692,-0.0105520923775493));
#5904=CARTESIAN_POINT('',(0.143045557970763,-0.0457504311564355,-0.0105569882233151));
#5905=CARTESIAN_POINT('',(0.143049744004294,-0.0456762068943359,-0.0105617353407449));
#5906=CARTESIAN_POINT('',(0.143051954351409,-0.0456271829449503,-0.0105648707436344));
#5907=CARTESIAN_POINT('',(0.143054915878759,-0.0455538684462844,-0.010569559691564));
#5908=CARTESIAN_POINT('',(0.143056422678529,-0.0455052675249568,-0.0105726680500174));
#5909=CARTESIAN_POINT('',(0.143058863548937,-0.0454082790362847,-0.010578871126718));
#5910=CARTESIAN_POINT('',(0.143059796731716,-0.0453598954334935,-0.0105819655912906));
#5911=CARTESIAN_POINT('',(0.14306194004645,-0.0452149460129045,-0.0105912361102476));
#5912=CARTESIAN_POINT('',(0.143062524204854,-0.0451185557995912,-0.0105974009387017));
#5913=CARTESIAN_POINT('',(0.143062569627876,-0.0450222664881552,-0.0106035593165192));
#5914=CARTESIAN_POINT('',(0.140080845150305,-0.0479041501449658,-0.010419318526655));
#5915=CARTESIAN_POINT('',(0.140179003207507,-0.0479041501466891,-0.0104193185265443));
#5916=CARTESIAN_POINT('',(0.140277313119544,-0.0479034072171803,-0.0104193660422447));
#5917=CARTESIAN_POINT('',(0.140474105120971,-0.047899867795059,-0.0104195924138155));
#5918=CARTESIAN_POINT('',(0.140572593231087,-0.047897084486682,-0.0104197704264591));
#5919=CARTESIAN_POINT('',(0.140720881790201,-0.0478904262350722,-0.0104201962696683));
#5920=CARTESIAN_POINT('',(0.140770379933172,-0.0478877836111694,-0.0104203652845252));
#5921=CARTESIAN_POINT('',(0.140844816804918,-0.0478829312773757,-0.0104206756262659));
#5922=CARTESIAN_POINT('',(0.140882113748516,-0.0478802695951774,-0.0104208458600383));
#5923=CARTESIAN_POINT('',(0.140919731274566,-0.0478771265973982,-0.0104210468774133));
#5924=CARTESIAN_POINT('',(0.140944835710388,-0.0478749158078379,-0.0104211882733497));
#5925=CARTESIAN_POINT('',(0.140957386186515,-0.0478737564048742,-0.0104212624255307));
#5926=CARTESIAN_POINT('',(0.140982541990196,-0.0478712950391986,-0.0104214198476168));
#5927=CARTESIAN_POINT('',(0.141007811782685,-0.0478686762310936,-0.0104215873392817));
#5928=CARTESIAN_POINT('',(0.141047120503557,-0.047863948821289,-0.0104218896912324));
#5929=CARTESIAN_POINT('',(0.141084463414931,-0.0478588459238535,-0.010422216058325));
#5930=CARTESIAN_POINT('',(0.141109593635625,-0.0478551773065583,-0.0104224506928588));
#5931=CARTESIAN_POINT('',(0.141147287279068,-0.0478494640103472,-0.0104228160993552));
#5932=CARTESIAN_POINT('',(0.141172346026326,-0.0478453725472287,-0.0104230777779289));
#5933=CARTESIAN_POINT('',(0.14122246360962,-0.0478366028755491,-0.0104236386616789));
#5934=CARTESIAN_POINT('',(0.141247536065303,-0.0478319250880455,-0.0104239378399255));
#5935=CARTESIAN_POINT('',(0.141372908478073,-0.0478069722884974,-0.010425533751414));
#5936=CARTESIAN_POINT('',(0.141473083625517,-0.0477820033211088,-0.0104271306969524));
#5937=CARTESIAN_POINT('',(0.141620185347681,-0.0477364652625156,-0.0104300431842157));
#5938=CARTESIAN_POINT('',(0.14171736167621,-0.0477033730522495,-0.0104321596697202));
#5939=CARTESIAN_POINT('',(0.141812443801123,-0.0476649257370692,-0.0104346186528045));
#5940=CARTESIAN_POINT('',(0.14188323218993,-0.0476335552954928,-0.0104366250187841));
#5941=CARTESIAN_POINT('',(0.141906746322334,-0.0476226766907704,-0.0104373207840116));
#5942=CARTESIAN_POINT('',(0.141953617854354,-0.047599983189446,-0.0104387721970848));
#5943=CARTESIAN_POINT('',(0.141976964846739,-0.0475881668895076,-0.0104395279346839));
#5944=CARTESIAN_POINT('',(0.142046594286973,-0.0475511492265892,-0.0104418954811955));
#5945=CARTESIAN_POINT('',(0.142092496297973,-0.0475243558619637,-0.0104436091100946));
#5946=CARTESIAN_POINT('',(0.142182272902258,-0.047465848009016,-0.0104473511092439));
#5947=CARTESIAN_POINT('',(0.142269897688544,-0.0474025119865397,-0.0104514019046549));
#5948=CARTESIAN_POINT('',(0.142390036851513,-0.0472923439217525,-0.0104584479469201));
#5949=CARTESIAN_POINT('',(0.14249400717414,-0.0471700066997245,-0.0104662722945536));
#5950=CARTESIAN_POINT('',(0.142582070175643,-0.0470408677685037,-0.0104745316605434));
#5951=CARTESIAN_POINT('',(0.142659609201455,-0.0469040920719363,-0.0104832794527527));
#5952=CARTESIAN_POINT('',(0.142703030349863,-0.0468111989093503,-0.0104892206404371));
#5953=CARTESIAN_POINT('',(0.142743040656256,-0.0467175113140647,-0.010495212637822));
#5954=CARTESIAN_POINT('',(0.142761362726474,-0.0466702570336077,-0.0104982348898508));
#5955=CARTESIAN_POINT('',(0.142795142246367,-0.046575120421447,-0.010504319562315));
#5956=CARTESIAN_POINT('',(0.142810594600492,-0.046527269396846,-0.0105073799804354));
#5957=CARTESIAN_POINT('',(0.142839005345138,-0.0464310685405164,-0.0105135327189895));
#5958=CARTESIAN_POINT('',(0.142864897832316,-0.0463342701815768,-0.0105197236721446));
#5959=CARTESIAN_POINT('',(0.142896959926826,-0.0461859995928472,-0.0105292066456079));
#5960=CARTESIAN_POINT('',(0.142919497141401,-0.0460510843533319,-0.0105378354481712));
#5961=CARTESIAN_POINT('',(0.142930690798734,-0.0459651864836404,-0.0105433292364255));
#5962=CARTESIAN_POINT('',(0.142936377533258,-0.0459162987839101,-0.0105464559573969));
#5963=CARTESIAN_POINT('',(0.142937740119558,-0.0459040973843447,-0.0105472363248945));
#5964=CARTESIAN_POINT('',(0.142941655107414,-0.0458675101493394,-0.0105495763424369));
#5965=CARTESIAN_POINT('',(0.142946414210731,-0.0458187559034523,-0.0105526945280726));
#5966=CARTESIAN_POINT('',(0.142952239247544,-0.0457446503882382,-0.0105574341102127));
#5967=CARTESIAN_POINT('',(0.14295628168626,-0.0456716813274735,-0.0105621010078949));
#5968=CARTESIAN_POINT('',(0.142958423368814,-0.0456232930523302,-0.010565195787062));
#5969=CARTESIAN_POINT('',(0.142961296986443,-0.0455508231781272,-0.0105698307581633));
#5970=CARTESIAN_POINT('',(0.142962765256405,-0.0455026433069176,-0.0105729122083961));
#5971=CARTESIAN_POINT('',(0.142965142055737,-0.045406386234389,-0.0105790685423816));
#5972=CARTESIAN_POINT('',(0.142966049705143,-0.0453583123676879,-0.0105821432128615));
#5973=CARTESIAN_POINT('',(0.142968128638608,-0.0452141835888551,-0.0105913612877111));
#5974=CARTESIAN_POINT('',(0.142968684991969,-0.0451182058935328,-0.0105974997535083));
#5975=CARTESIAN_POINT('',(0.1429687077,-0.0450222713580114,-0.0106036354589274));
#5976=CARTESIAN_POINT('',(0.140080845150305,-0.0478163839077066,-0.0104249318104898));
#5977=CARTESIAN_POINT('',(0.140178552880125,-0.0478163839094081,-0.010424931810381));
#5978=CARTESIAN_POINT('',(0.140276339613601,-0.0478156452793099,-0.0104249790511027));
#5979=CARTESIAN_POINT('',(0.140471900153155,-0.0478121240911004,-0.0104252042564832));
#5980=CARTESIAN_POINT('',(0.140569676334767,-0.0478093551580889,-0.0104253813497185));
#5981=CARTESIAN_POINT('',(0.140716409248459,-0.0478027661616708,-0.0104258027635587));
#5982=CARTESIAN_POINT('',(0.140765322802447,-0.0478001525908952,-0.0104259699202587));
#5983=CARTESIAN_POINT('',(0.140838716800345,-0.0477953613197951,-0.0104262763565997));
#5984=CARTESIAN_POINT('',(0.140875430756096,-0.0477927372200945,-0.0104264441867003));
#5985=CARTESIAN_POINT('',(0.140912240098634,-0.0477896600634854,-0.0104266409930577));
#5986=CARTESIAN_POINT('',(0.140936783359138,-0.0477874962145176,-0.0104267793868046));
#5987=CARTESIAN_POINT('',(0.140949051658578,-0.0477863605316901,-0.0104268520219119));
#5988=CARTESIAN_POINT('',(0.140973600359113,-0.0477839527865383,-0.0104270060145788));
#5989=CARTESIAN_POINT('',(0.14099818188218,-0.0477813988728078,-0.0104271693557804));
#5990=CARTESIAN_POINT('',(0.141035519737355,-0.0477768960718159,-0.0104274573423777));
#5991=CARTESIAN_POINT('',(0.141072208700687,-0.0477718803036568,-0.0104277781369247));
#5992=CARTESIAN_POINT('',(0.141096670161063,-0.0477683023828085,-0.0104280069707666));
#5993=CARTESIAN_POINT('',(0.141133349010661,-0.0477627317656499,-0.0104283632519087));
#5994=CARTESIAN_POINT('',(0.141157778707728,-0.0477587372431177,-0.0104286187304327));
#5995=CARTESIAN_POINT('',(0.141206593907434,-0.0477501824313621,-0.010429165872341));
#5996=CARTESIAN_POINT('',(0.141230980426348,-0.0477456239681209,-0.0104294574189405));
#5997=CARTESIAN_POINT('',(0.141352852053714,-0.0477213214223019,-0.0104310117420134));
#5998=CARTESIAN_POINT('',(0.141450062440176,-0.0476970359965881,-0.0104325649701321));
#5999=CARTESIAN_POINT('',(0.141592446586538,-0.0476528647499896,-0.010435390039911));
#6000=CARTESIAN_POINT('',(0.141686404940217,-0.0476207969085024,-0.0104374410096444));
#6001=CARTESIAN_POINT('',(0.141778266161844,-0.047583560441453,-0.0104398225502583));
#6002=CARTESIAN_POINT('',(0.141846420120613,-0.04755328314215,-0.0104417590019058));
#6003=CARTESIAN_POINT('',(0.141869018328609,-0.0475427997572329,-0.0104424294899765));
#6004=CARTESIAN_POINT('',(0.141913955430052,-0.0475209775202224,-0.0104438251794133));
#6005=CARTESIAN_POINT('',(0.141936286560869,-0.0475096372554226,-0.0104445504711322));
#6006=CARTESIAN_POINT('',(0.1420027216171,-0.0474741974862271,-0.0104468170999606));
#6007=CARTESIAN_POINT('',(0.142046290537698,-0.0474486596562709,-0.0104484504283628));
#6008=CARTESIAN_POINT('',(0.142131043750628,-0.0473931952925265,-0.0104519977744282));
#6009=CARTESIAN_POINT('',(0.142213319009686,-0.047333419628008,-0.0104558208592708));
#6010=CARTESIAN_POINT('',(0.142325070969122,-0.047230285066239,-0.0104624170582929));
#6011=CARTESIAN_POINT('',(0.142421529903177,-0.0471160956881208,-0.0104697202925469));
#6012=CARTESIAN_POINT('',(0.142504919003723,-0.0469931976759669,-0.0104775805067535));
#6013=CARTESIAN_POINT('',(0.142578376268661,-0.0468628067299573,-0.0104859199481184));
#6014=CARTESIAN_POINT('',(0.142619750503941,-0.0467737460104828,-0.0104916160234265));
#6015=CARTESIAN_POINT('',(0.142657951081641,-0.0466837243162791,-0.0104973735599991));
#6016=CARTESIAN_POINT('',(0.142675480612309,-0.0466382298485809,-0.0105002832593104));
#6017=CARTESIAN_POINT('',(0.142707862430946,-0.0465464107406461,-0.0105061557534538));
#6018=CARTESIAN_POINT('',(0.142722716783355,-0.0465000961947015,-0.0105091179026832));
#6019=CARTESIAN_POINT('',(0.142750089702661,-0.0464067454600895,-0.0105150883553986));
#6020=CARTESIAN_POINT('',(0.142775086437466,-0.0463126389720502,-0.0105211071439962));
#6021=CARTESIAN_POINT('',(0.142805858986306,-0.0461689653428348,-0.0105302961087456));
#6022=CARTESIAN_POINT('',(0.142827600246928,-0.0460375019823602,-0.0105387041387497));
#6023=CARTESIAN_POINT('',(0.142838364536428,-0.0459538692824165,-0.0105440530530624));
#6024=CARTESIAN_POINT('',(0.142843850348356,-0.0459060868900362,-0.0105471090816574));
#6025=CARTESIAN_POINT('',(0.142845166967231,-0.0458941419829381,-0.0105478730446119));
#6026=CARTESIAN_POINT('',(0.14284895056027,-0.0458583087389359,-0.0105501648389919));
#6027=CARTESIAN_POINT('',(0.142853549580972,-0.0458105348296813,-0.0105532203250299));
#6028=CARTESIAN_POINT('',(0.142859032212184,-0.0457388716922258,-0.0105578036994982));
#6029=CARTESIAN_POINT('',(0.142862931113728,-0.0456671563217461,-0.0105623904146451));
#6030=CARTESIAN_POINT('',(0.142865004172111,-0.0456194029572448,-0.0105654445866977));
#6031=CARTESIAN_POINT('',(0.142867789931157,-0.0455477766934325,-0.0105700256028305));
#6032=CARTESIAN_POINT('',(0.142869219687277,-0.0455000173672795,-0.010573080156174));
#6033=CARTESIAN_POINT('',(0.142871532441425,-0.0454044908339798,-0.0105791897669072));
#6034=CARTESIAN_POINT('',(0.142872414568494,-0.0453567263323392,-0.0105822446512603));
#6035=CARTESIAN_POINT('',(0.142874429146818,-0.0452134172126548,-0.0105914103029963));
#6036=CARTESIAN_POINT('',(0.142874957701603,-0.0451178515418294,-0.0105975224168567));
#6037=CARTESIAN_POINT('',(0.1428749577,-0.0450222713580114,-0.0106036354589274));
#6038=CARTESIAN_POINT('',(0.140080845150305,-0.0478163839077066,-0.0104249318104898));
#6039=CARTESIAN_POINT('',(0.140080845150305,-0.0481674488567433,-0.0104024786751505));
#6040=CARTESIAN_POINT('',(0.140080845150305,-0.0489207757265511,-0.0103176540059609));
#6041=CARTESIAN_POINT('',(0.140080845150305,-0.0500068829126334,-0.00966555028974515));
#6042=CARTESIAN_POINT('',(0.140080845150305,-0.0505883342344753,-0.00854003599099548));
#6043=CARTESIAN_POINT('',(0.140080845150305,-0.0506249035,-0.00778283107414888));
#6044=CARTESIAN_POINT('',(0.140080845150305,-0.0506249035,-0.00743104883791645));
#6045=CARTESIAN_POINT('',(0.1458749577,0.0448307909503046,-0.013344257280037));
#6046=CARTESIAN_POINT('',(0.1458749577,0.0449371806478928,-0.0133506335961015));
#6047=CARTESIAN_POINT('',(0.14587423382247,0.0451632232503109,-0.0133633842159588));
#6048=CARTESIAN_POINT('',(0.145865798774298,0.0455475466751912,-0.0133825186813358));
#6049=CARTESIAN_POINT('',(0.145833315087513,0.0460468701335281,-0.0134015674134185));
#6050=CARTESIAN_POINT('',(0.14574561372192,0.0466200351400605,-0.0134203391378207));
#6051=CARTESIAN_POINT('',(0.145598038009912,0.0472002417511535,-0.013438900043253));
#6052=CARTESIAN_POINT('',(0.145448287249434,0.0476064894157348,-0.0134507010339242));
#6053=CARTESIAN_POINT('',(0.145253188960252,0.0480372958249514,-0.0134621353136239));
#6054=CARTESIAN_POINT('',(0.145132922503262,0.0482650419773841,-0.0134676743656886));
#6055=CARTESIAN_POINT('',(0.144938362896686,0.048558099410435,-0.0134742235322163));
#6056=CARTESIAN_POINT('',(0.144897253257368,0.0486171097668248,-0.0134755129869377));
#6057=CARTESIAN_POINT('',(0.144810297230416,0.0487356724012235,-0.0134780407536159));
#6058=CARTESIAN_POINT('',(0.144764579364408,0.0487951344843284,-0.0134792788944825));
#6059=CARTESIAN_POINT('',(0.144667422963627,0.0489147957287374,-0.0134816945033061));
#6060=CARTESIAN_POINT('',(0.14456403180757,0.0490355548309616,-0.0134840501235816));
#6061=CARTESIAN_POINT('',(0.144440548348461,0.0491628685377538,-0.0134862742344446));
#6062=CARTESIAN_POINT('',(0.144347493891662,0.0492534400574192,-0.0134878874231281));
#6063=CARTESIAN_POINT('',(0.144316449692143,0.0492827533012182,-0.0134884159367212));
#6064=CARTESIAN_POINT('',(0.144193866604563,0.0493948562172621,-0.0134904922042137));
#6065=CARTESIAN_POINT('',(0.143985714128722,0.0495664472225519,-0.0134939301006159));
#6066=CARTESIAN_POINT('',(0.143784851113586,0.0497060615642902,-0.0134969760718563));
#6067=CARTESIAN_POINT('',(0.143614825300858,0.0498138694736595,-0.013499422544104));
#6068=CARTESIAN_POINT('',(0.143558485064432,0.0498478433204067,-0.0135002107354818));
#6069=CARTESIAN_POINT('',(0.143334296953754,0.0499769498805013,-0.0135032621885055));
#6070=CARTESIAN_POINT('',(0.142949051097367,0.0501666235024173,-0.0135080663926351));
#6071=CARTESIAN_POINT('',(0.142606593015672,0.0502888733903816,-0.013511771896617));
#6072=CARTESIAN_POINT('',(0.142223036861726,0.0504056481606502,-0.0135153899439855));
#6073=CARTESIAN_POINT('',(0.142035274856612,0.0504525857239578,-0.0135168909875913));
#6074=CARTESIAN_POINT('',(0.141753874788684,0.0505092029896744,-0.0135187176992984));
#6075=CARTESIAN_POINT('',(0.141566096182228,0.0505423017940477,-0.0135197928214928));
#6076=CARTESIAN_POINT('',(0.141277887511981,0.0505791085527692,-0.0135209831936417));
#6077=CARTESIAN_POINT('',(0.141015107496928,0.0506001757983178,-0.0135217477682532));
#6078=CARTESIAN_POINT('',(0.140873614129733,0.0506075206084236,-0.0135220807515255));
#6079=CARTESIAN_POINT('',(0.140773522749326,0.0506118510515813,-0.0135222890187981));
#6080=CARTESIAN_POINT('',(0.140741135323037,0.0506131054882213,-0.0135223516500158));
#6081=CARTESIAN_POINT('',(0.140613686669032,0.0506177094096485,-0.0135225815914422));
#6082=CARTESIAN_POINT('',(0.140402875136476,0.0506232864045742,-0.0135228708652555));
#6083=CARTESIAN_POINT('',(0.140196031288338,0.0506249035,-0.0135229609285871));
#6084=CARTESIAN_POINT('',(0.140080845150305,0.0506249035,-0.0135229609284745));
#6085=CARTESIAN_POINT('',(0.1458749577,0.0448248063248912,-0.0134378296112066));
#6086=CARTESIAN_POINT('',(0.145874971053044,0.04493119467779,-0.0134442269520306));
#6087=CARTESIAN_POINT('',(0.14587430044185,0.0451572331907477,-0.013457047464699));
#6088=CARTESIAN_POINT('',(0.145866035568956,0.0455415490443581,-0.0134763779709042));
#6089=CARTESIAN_POINT('',(0.145833956037521,0.0460408928927055,-0.01349587452088));
#6090=CARTESIAN_POINT('',(0.145746806604104,0.0466141909260196,-0.0135152062328446));
#6091=CARTESIAN_POINT('',(0.145599775714958,0.0471946517553649,-0.013534366813866));
#6092=CARTESIAN_POINT('',(0.145450405354572,0.0476011843200176,-0.0135466317406388));
#6093=CARTESIAN_POINT('',(0.145255694363761,0.048032389604452,-0.0135585951313857));
#6094=CARTESIAN_POINT('',(0.145135625142907,0.0482603924692582,-0.0135644311473869));
#6095=CARTESIAN_POINT('',(0.144941260846494,0.0485538686722016,-0.0135713822817385));
#6096=CARTESIAN_POINT('',(0.144900187664393,0.0486129675867939,-0.0135727537241261));
#6097=CARTESIAN_POINT('',(0.144813297777012,0.0487317172442056,-0.0135754486344743));
#6098=CARTESIAN_POINT('',(0.144767609693619,0.0487912774968651,-0.013576771773285));
#6099=CARTESIAN_POINT('',(0.144670504016675,0.0489111467614307,-0.0135793613167674));
#6100=CARTESIAN_POINT('',(0.144567154342023,0.0490321267458822,-0.0135818954427109));
#6101=CARTESIAN_POINT('',(0.14444368533495,0.0491597035991792,-0.0135843156967519));
#6102=CARTESIAN_POINT('',(0.144350630223572,0.0492504665761363,-0.0135860669028124));
#6103=CARTESIAN_POINT('',(0.144319583857993,0.0492798425007646,-0.0135866397798257));
#6104=CARTESIAN_POINT('',(0.144196984313901,0.0493921864995374,-0.0135888834800146));
#6105=CARTESIAN_POINT('',(0.14398876348494,0.0495641552756506,-0.0135925671230526));
#6106=CARTESIAN_POINT('',(0.143787787225781,0.0497040845859045,-0.0135958089592413));
#6107=CARTESIAN_POINT('',(0.143617649063502,0.0498121374010003,-0.0135984039828561));
#6108=CARTESIAN_POINT('',(0.143561268815863,0.0498461887349394,-0.0135992384829095));
#6109=CARTESIAN_POINT('',(0.14333691284776,0.0499755901316436,-0.0136024638447201));
#6110=CARTESIAN_POINT('',(0.142951332819374,0.0501656991258989,-0.0136075123528092));
#6111=CARTESIAN_POINT('',(0.142608556464551,0.0502882068789778,-0.0136113573524528));
#6112=CARTESIAN_POINT('',(0.142224636122741,0.0504052259029318,-0.0136151064518778));
#6113=CARTESIAN_POINT('',(0.142036692062571,0.0504522604115927,-0.0136166588543956));
#6114=CARTESIAN_POINT('',(0.141755014317938,0.0505089945530042,-0.0136185469640938));
#6115=CARTESIAN_POINT('',(0.14156704840618,0.050542161652491,-0.0136196577581678));
#6116=CARTESIAN_POINT('',(0.141278542015771,0.050579045307924,-0.0136208881030764));
#6117=CARTESIAN_POINT('',(0.141015516763724,0.0506001512788626,-0.013621672491795));
#6118=CARTESIAN_POINT('',(0.140873932030919,0.0506075051885615,-0.0136220102138973));
#6119=CARTESIAN_POINT('',(0.140773785177657,0.0506118402045962,-0.0136222208742721));
#6120=CARTESIAN_POINT('',(0.140741381376478,0.0506130958132732,-0.0136222841211348));
#6121=CARTESIAN_POINT('',(0.140613871850186,0.0506177040302212,-0.0136225163084666));
#6122=CARTESIAN_POINT('',(0.140402980569145,0.0506232855130191,-0.0136228078942729));
#6123=CARTESIAN_POINT('',(0.140196065415433,0.0506249035005525,-0.01362289846488));
#6124=CARTESIAN_POINT('',(0.140080845150305,0.0506249035,-0.0136228984647655));
#6125=CARTESIAN_POINT('',(0.145874880299804,0.0448188147044253,-0.0135315113131932));
#6126=CARTESIAN_POINT('',(0.145874906378351,0.0449252016235721,-0.0135379283713421));
#6127=CARTESIAN_POINT('',(0.145874287676157,0.0451512355218987,-0.0135508159416602));
#6128=CARTESIAN_POINT('',(0.145866190895804,0.0455355418071152,-0.0135703380845331));
#6129=CARTESIAN_POINT('',(0.145834512284039,0.0460349006321665,-0.0135902751800597));
#6130=CARTESIAN_POINT('',(0.145747916646282,0.0466083237374465,-0.0136101683582866));
#6131=CARTESIAN_POINT('',(0.145601432402194,0.0471890306200791,-0.0136299281918222));
#6132=CARTESIAN_POINT('',(0.145452444558306,0.0475958417634222,-0.0136426567944919));
#6133=CARTESIAN_POINT('',(0.145258124155825,0.0480274388019722,-0.0136551495110174));
#6134=CARTESIAN_POINT('',(0.145138254414621,0.0482556944264734,-0.0136612828629117));
#6135=CARTESIAN_POINT('',(0.144944089464054,0.0485495843095646,-0.0136686371120413));
#6136=CARTESIAN_POINT('',(0.144903053604195,0.0486087707545489,-0.0136700907971105));
#6137=CARTESIAN_POINT('',(0.144816231699593,0.0487277053584949,-0.0136729533872862));
#6138=CARTESIAN_POINT('',(0.1447705743713,0.0487873627324394,-0.0136743617990392));
#6139=CARTESIAN_POINT('',(0.144673521502185,0.0489074378966359,-0.0136771258589015));
#6140=CARTESIAN_POINT('',(0.144570215554744,0.0490286366172079,-0.0136798391285343));
#6141=CARTESIAN_POINT('',(0.144446763871585,0.0491564743959415,-0.0136824565579027));
#6142=CARTESIAN_POINT('',(0.144353710271069,0.049247427331826,-0.0136843466557441));
#6143=CARTESIAN_POINT('',(0.144322662461907,0.0492768654676068,-0.013684964204836));
#6144=CARTESIAN_POINT('',(0.144200049297064,0.0493894488284922,-0.0136873766186287));
#6145=CARTESIAN_POINT('',(0.143991764846101,0.0495617931157262,-0.0136913084728668));
#6146=CARTESIAN_POINT('',(0.143790679295344,0.0497020355693598,-0.0136947476338176));
#6147=CARTESIAN_POINT('',(0.143620431973961,0.0498103319422085,-0.0136974923099068));
#6148=CARTESIAN_POINT('',(0.143564012747159,0.0498444603505447,-0.013698373463178));
#6149=CARTESIAN_POINT('',(0.143339492965039,0.0499741550735757,-0.0137017741004901));
#6150=CARTESIAN_POINT('',(0.142953585334179,0.0501646975176367,-0.0137070691377563));
#6151=CARTESIAN_POINT('',(0.142610495454262,0.0502874620288743,-0.0137110546313383));
#6152=CARTESIAN_POINT('',(0.142226216028738,0.0504047242530712,-0.013714935669185));
#6153=CARTESIAN_POINT('',(0.142038092301798,0.0504518552868649,-0.0137165397483346));
#6154=CARTESIAN_POINT('',(0.141756140375464,0.0505087058124836,-0.0137184896468074));
#6155=CARTESIAN_POINT('',(0.141567989466026,0.0505419409240169,-0.013719636340188));
#6156=CARTESIAN_POINT('',(0.141279188909992,0.0505789011546091,-0.0137209068969509));
#6157=CARTESIAN_POINT('',(0.141015921290754,0.050600045709792,-0.0137217112570443));
#6158=CARTESIAN_POINT('',(0.140874246253079,0.0506074086784557,-0.0137220537397088));
#6159=CARTESIAN_POINT('',(0.14077404456983,0.0506117482457006,-0.0137222668020779));
#6160=CARTESIAN_POINT('',(0.14074162458332,0.0506130050206028,-0.0137223306664744));
#6161=CARTESIAN_POINT('',(0.140614054889676,0.0506176175125139,-0.013722565108656));
#6162=CARTESIAN_POINT('',(0.140403084783868,0.0506232034637137,-0.013722859022713));
#6163=CARTESIAN_POINT('',(0.140196099148135,0.0506248223374249,-0.0137229500932626));
#6164=CARTESIAN_POINT('',(0.140080845150305,0.0506248223364561,-0.0137229500931462));
#6165=CARTESIAN_POINT('',(0.145869643553132,0.0448066558434266,-0.0137216206165203));
#6166=CARTESIAN_POINT('',(0.145869694311017,0.0449130287693471,-0.0137280737902514));
#6167=CARTESIAN_POINT('',(0.145869177301859,0.0451390087193022,-0.0137410876548487));
#6168=CARTESIAN_POINT('',(0.145861413064504,0.0455231523690193,-0.0137609786792165));
#6169=CARTESIAN_POINT('',(0.145830544275952,0.0460221998404577,-0.0137817699055491));
#6170=CARTESIAN_POINT('',(0.145745114087803,0.0465953953456979,-0.0138027748163714));
#6171=CARTESIAN_POINT('',(0.145599833952722,0.0471760962271797,-0.0138237168887121));
#6172=CARTESIAN_POINT('',(0.145451738390681,0.0475830813172465,-0.0138373604004802));
#6173=CARTESIAN_POINT('',(0.145258382922864,0.0480150244027053,-0.0138508986685832));
#6174=CARTESIAN_POINT('',(0.145139032240036,0.0482435397184436,-0.0138576198760917));
#6175=CARTESIAN_POINT('',(0.144945476216782,0.0485379232123682,-0.0138657725021495));
#6176=CARTESIAN_POINT('',(0.144904560064904,0.0485972166363305,-0.0138673891159167));
#6177=CARTESIAN_POINT('',(0.144817970949645,0.048716382456293,-0.0138705839270715));
#6178=CARTESIAN_POINT('',(0.144772426679247,0.0487761636322797,-0.0138721612936375));
#6179=CARTESIAN_POINT('',(0.144675590944974,0.0488965065780431,-0.0138752711710076));
#6180=CARTESIAN_POINT('',(0.144572493245291,0.0490179949976514,-0.0138783395159026));
#6181=CARTESIAN_POINT('',(0.144449228359546,0.0491461912890552,-0.0138813484732363));
#6182=CARTESIAN_POINT('',(0.144356291740418,0.0492374087011158,-0.0138835146846079));
#6183=CARTESIAN_POINT('',(0.14432527892456,0.0492669340568077,-0.0138842210999551));
#6184=CARTESIAN_POINT('',(0.144202786774683,0.0493798553282376,-0.0138869693848798));
#6185=CARTESIAN_POINT('',(0.143994620773041,0.0495527419430593,-0.0138913966252844));
#6186=CARTESIAN_POINT('',(0.143793544403532,0.0496934472620388,-0.0138952285337593));
#6187=CARTESIAN_POINT('',(0.143623267620602,0.049802107041548,-0.0138982710594172));
#6188=CARTESIAN_POINT('',(0.143566832360552,0.0498363510672738,-0.0138992450682027));
#6189=CARTESIAN_POINT('',(0.143342228862624,0.0499664875214244,-0.0139029947185442));
#6190=CARTESIAN_POINT('',(0.142956071535836,0.0501576925355703,-0.0139087813054162));
#6191=CARTESIAN_POINT('',(0.142612671356625,0.0502808555208994,-0.0139130463446155));
#6192=CARTESIAN_POINT('',(0.142228019070423,0.0503984963696106,-0.0139171897945781));
#6193=CARTESIAN_POINT('',(0.142039700118535,0.0504457783933914,-0.0139188965897703));
#6194=CARTESIAN_POINT('',(0.141757442440095,0.0505028113890007,-0.013920969327402));
#6195=CARTESIAN_POINT('',(0.141569082586404,0.050536153313147,-0.0139221873912218));
#6196=CARTESIAN_POINT('',(0.141279943768619,0.0505732340461134,-0.0139235378583214));
#6197=CARTESIAN_POINT('',(0.141016394259247,0.0505944394266087,-0.0139243819892884));
#6198=CARTESIAN_POINT('',(0.140874613790356,0.0506018166725863,-0.013924733918277));
#6199=CARTESIAN_POINT('',(0.140774348032986,0.0506061634123462,-0.0139249517421581));
#6200=CARTESIAN_POINT('',(0.140741909121448,0.0506074220251009,-0.013925016829774));
#6201=CARTESIAN_POINT('',(0.140614269083732,0.0506120412544708,-0.0139252557425119));
#6202=CARTESIAN_POINT('',(0.140403206803524,0.0506176342500888,-0.0139255542861891));
#6203=CARTESIAN_POINT('',(0.140196138637669,0.0506192545189627,-0.0139256463312542));
#6204=CARTESIAN_POINT('',(0.140080845150305,0.0506192545173448,-0.0139256463311339));
#6205=CARTESIAN_POINT('',(0.145864494377349,0.0448004899007747,-0.0138180279249044));
#6206=CARTESIAN_POINT('',(0.145864557086571,0.0449068502896169,-0.0138244975015084));
#6207=CARTESIAN_POINT('',(0.145864089853078,0.0451327809957399,-0.0138375706101664));
#6208=CARTESIAN_POINT('',(0.145856490039947,0.0455167718661966,-0.0138576388816148));
#6209=CARTESIAN_POINT('',(0.145826030064007,0.0460154936845769,-0.0138788436838705));
#6210=CARTESIAN_POINT('',(0.145741211328752,0.0465883374508983,-0.0139003987937524));
#6211=CARTESIAN_POINT('',(0.145596588349109,0.0471687872322193,-0.0139219237908935));
#6212=CARTESIAN_POINT('',(0.145449002237481,0.0475756684100929,-0.0139360184879533));
#6213=CARTESIAN_POINT('',(0.145256220687803,0.0480075665986544,-0.0139500729245077));
#6214=CARTESIAN_POINT('',(0.145137189313056,0.0482360892962842,-0.0139570846182199));
#6215=CARTESIAN_POINT('',(0.144944042421759,0.0485305533220302,-0.0139656324576305));
#6216=CARTESIAN_POINT('',(0.144903208560132,0.0485898663167384,-0.0139673297473488));
#6217=CARTESIAN_POINT('',(0.144816784048172,0.0487090786540042,-0.0139706890790477));
#6218=CARTESIAN_POINT('',(0.144771321973198,0.0487688866361393,-0.0139723501169917));
#6219=CARTESIAN_POINT('',(0.14467465033578,0.0488892917191039,-0.0139756312739155));
#6220=CARTESIAN_POINT('',(0.144571716909457,0.0490108513624533,-0.0139788755280222));
#6221=CARTESIAN_POINT('',(0.144448621192021,0.0491391455268564,-0.0139820788116581));
#6222=CARTESIAN_POINT('',(0.144355799816705,0.0492304376574941,-0.0139843822254578));
#6223=CARTESIAN_POINT('',(0.144324823362693,0.0492599880867116,-0.0139851328286239));
#6224=CARTESIAN_POINT('',(0.144202465556133,0.0493730081512947,-0.0139880482464636));
#6225=CARTESIAN_POINT('',(0.143994481147885,0.0495460619429493,-0.0139927226225911));
#6226=CARTESIAN_POINT('',(0.143793522814911,0.0496869172627249,-0.0139967499252237));
#6227=CARTESIAN_POINT('',(0.143623325370464,0.0497956971012646,-0.0139999406263105));
#6228=CARTESIAN_POINT('',(0.143566912939056,0.0498299797352555,-0.0140009608306312));
#6229=CARTESIAN_POINT('',(0.143342389079009,0.0499602648392865,-0.0140048841927204));
#6230=CARTESIAN_POINT('',(0.142956308901845,0.0501516993167569,-0.0140109157621724));
#6231=CARTESIAN_POINT('',(0.142612911365275,0.0502750042089725,-0.014015319832882));
#6232=CARTESIAN_POINT('',(0.142228244668937,0.0503927806603605,-0.0140195937378649));
#6233=CARTESIAN_POINT('',(0.142039909859287,0.0504401172183265,-0.014021351565307));
#6234=CARTESIAN_POINT('',(0.141757620168816,0.0504972163825107,-0.0140234853447036));
#6235=CARTESIAN_POINT('',(0.141569236075833,0.0505305971552449,-0.0140247388746458));
#6236=CARTESIAN_POINT('',(0.141280052708429,0.050567721868988,-0.0140261290346972));
#6237=CARTESIAN_POINT('',(0.141016463308828,0.05058894951739,-0.0140269929622155));
#6238=CARTESIAN_POINT('',(0.140874667577535,0.050596331988,-0.0140273495763445));
#6239=CARTESIAN_POINT('',(0.140774392493539,0.0506006813522176,-0.0140275697594422));
#6240=CARTESIAN_POINT('',(0.140741950817975,0.0506019406374066,-0.0140276354526689));
#6241=CARTESIAN_POINT('',(0.140614300513084,0.0506065623322314,-0.0140278765808308));
#6242=CARTESIAN_POINT('',(0.140403224764775,0.0506121579069591,-0.0140281774255587));
#6243=CARTESIAN_POINT('',(0.140196144445111,0.0506137786854339,-0.0140282699451624));
#6244=CARTESIAN_POINT('',(0.140080845150305,0.0506137786835832,-0.0140282699450402));
#6245=CARTESIAN_POINT('',(0.145836534964325,0.0447817120458975,-0.0141116281979112));
#6246=CARTESIAN_POINT('',(0.145836632553918,0.0448880072466232,-0.0141181417049967));
#6247=CARTESIAN_POINT('',(0.145836310820756,0.0451136797853898,-0.0141313789690482));
#6248=CARTESIAN_POINT('',(0.145829195338785,0.0454968586344526,-0.0141519502245608));
#6249=CARTESIAN_POINT('',(0.145799978599369,0.0459937628271413,-0.0141743373678647));
#6250=CARTESIAN_POINT('',(0.145717121481986,0.0465643734059315,-0.014197497904082));
#6251=CARTESIAN_POINT('',(0.145574729507162,0.0471428385995188,-0.0142207180200346));
#6252=CARTESIAN_POINT('',(0.145428975583821,0.0475484587201276,-0.014236124937329));
#6253=CARTESIAN_POINT('',(0.145238357948651,0.0479791365693162,-0.0142516820858932));
#6254=CARTESIAN_POINT('',(0.14512057462609,0.0482070704720093,-0.0142595401999686));
#6255=CARTESIAN_POINT('',(0.144929166360589,0.0485009444219409,-0.0142692414871481));
#6256=CARTESIAN_POINT('',(0.144888689079705,0.0485601463799401,-0.0142711742942638));
#6257=CARTESIAN_POINT('',(0.144802994424171,0.0486791523109269,-0.0142750139581529));
#6258=CARTESIAN_POINT('',(0.144757904751278,0.0487388648940629,-0.0142769192888763));
#6259=CARTESIAN_POINT('',(0.144661997964735,0.0488590967035431,-0.0142807005805296));
#6260=CARTESIAN_POINT('',(0.144559852930402,0.0489805007156373,-0.0142844586065902));
#6261=CARTESIAN_POINT('',(0.144437637829156,0.0491086795428659,-0.0142882304087693));
#6262=CARTESIAN_POINT('',(0.14434544188869,0.0491999065197449,-0.0142909356457251));
#6263=CARTESIAN_POINT('',(0.144314667535239,0.0492294388864303,-0.0142918157402417));
#6264=CARTESIAN_POINT('',(0.144193076974007,0.0493424020412431,-0.0142952212685028));
#6265=CARTESIAN_POINT('',(0.143986241844592,0.0495154326952597,-0.014300622026409));
#6266=CARTESIAN_POINT('',(0.143786200096821,0.0496563268026756,-0.0143052222047311));
#6267=CARTESIAN_POINT('',(0.143616707679759,0.0497651553054081,-0.014308847323762));
#6268=CARTESIAN_POINT('',(0.14356051697,0.049799456694049,-0.0143100029669711));
#6269=CARTESIAN_POINT('',(0.143336835883269,0.0499298224876232,-0.014314435835465));
#6270=CARTESIAN_POINT('',(0.142951992719304,0.0501214294711527,-0.0143211868224653));
#6271=CARTESIAN_POINT('',(0.142609390743374,0.050244869362041,-0.0143259984016581));
#6272=CARTESIAN_POINT('',(0.142225540018815,0.0503627802298418,-0.0143306545302157));
#6273=CARTESIAN_POINT('',(0.142037566268699,0.0504101740665561,-0.0143325617937683));
#6274=CARTESIAN_POINT('',(0.14175578492668,0.0504673445421648,-0.0143348743511659));
#6275=CARTESIAN_POINT('',(0.141567729417794,0.0505007679758633,-0.0143362317547385));
#6276=CARTESIAN_POINT('',(0.141279035741208,0.0505379420518115,-0.0143377381230137));
#6277=CARTESIAN_POINT('',(0.141015832411552,0.0505591951198349,-0.0143386601192918));
#6278=CARTESIAN_POINT('',(0.140874178348991,0.0505665835541743,-0.0143390304314115));
#6279=CARTESIAN_POINT('',(0.140773988954809,0.0505709359148776,-0.0143392575056593));
#6280=CARTESIAN_POINT('',(0.140741572514688,0.0505721959680229,-0.014339324966552));
#6281=CARTESIAN_POINT('',(0.140614016062456,0.0505768204794013,-0.0143395725664515));
#6282=CARTESIAN_POINT('',(0.140403063175031,0.0505824190053809,-0.0143398801500866));
#6283=CARTESIAN_POINT('',(0.140196092106481,0.0505840403634733,-0.0143399740358881));
#6284=CARTESIAN_POINT('',(0.140080845150305,0.0505840403610992,-0.0143399740357604));
#6285=CARTESIAN_POINT('',(0.145800724727399,0.0447687889519941,-0.0143136866291314));
#6286=CARTESIAN_POINT('',(0.145800844367928,0.0448750028418977,-0.0143202222903559));
#6287=CARTESIAN_POINT('',(0.145800614756048,0.0451003516961785,-0.0143335506813465));
#6288=CARTESIAN_POINT('',(0.145793810768738,0.0454825037991822,-0.0143544185913244));
#6289=CARTESIAN_POINT('',(0.145765447780259,0.0459770427079696,-0.0143775155700303));
#6290=CARTESIAN_POINT('',(0.145684074826346,0.0465445484600942,-0.0144016862537046));
#6291=CARTESIAN_POINT('',(0.145543528233863,0.0471200018106135,-0.0144259648594475));
#6292=CARTESIAN_POINT('',(0.145399414031075,0.0475234794887099,-0.014442191443164));
#6293=CARTESIAN_POINT('',(0.145210847075053,0.0479518553399415,-0.0144586893418691));
#6294=CARTESIAN_POINT('',(0.145094294568822,0.048178559208469,-0.0144670783702171));
#6295=CARTESIAN_POINT('',(0.144904747533725,0.0484708998821461,-0.0144775057715955));
#6296=CARTESIAN_POINT('',(0.144864658635215,0.0485297951661749,-0.0144795869259492));
#6297=CARTESIAN_POINT('',(0.144779774666796,0.0486481893601233,-0.0144837292063663));
#6298=CARTESIAN_POINT('',(0.144735106002305,0.0487075973975278,-0.0144857884547673));
#6299=CARTESIAN_POINT('',(0.144640083286397,0.0488272207881077,-0.0144898849351444));
#6300=CARTESIAN_POINT('',(0.144538869561878,0.0489480149845194,-0.0144939669097457));
#6301=CARTESIAN_POINT('',(0.144417753550573,0.0490755565630224,-0.0144980985136695));
#6302=CARTESIAN_POINT('',(0.144326358356038,0.0491663436964286,-0.0145010586472432));
#6303=CARTESIAN_POINT('',(0.144295846357895,0.0491957362076743,-0.0145020209945003));
#6304=CARTESIAN_POINT('',(0.144175266988,0.0493081773608694,-0.0145057383008865));
#6305=CARTESIAN_POINT('',(0.143970027255847,0.0494804737391449,-0.014511603452838));
#6306=CARTESIAN_POINT('',(0.143771368017872,0.0496208303741884,-0.0145165679071449));
#6307=CARTESIAN_POINT('',(0.143602986088667,0.0497292645901219,-0.0145204692366868));
#6308=CARTESIAN_POINT('',(0.143547153334866,0.049763445512373,-0.0145217109994243));
#6309=CARTESIAN_POINT('',(0.143324862174285,0.0498933647606112,-0.0145264681287973));
#6310=CARTESIAN_POINT('',(0.14294222245429,0.050084380120811,-0.0145336781764825));
#6311=CARTESIAN_POINT('',(0.142601230660312,0.0502075118459816,-0.0145387487156884));
#6312=CARTESIAN_POINT('',(0.142219101793872,0.0503251392763598,-0.0145436475324641));
#6313=CARTESIAN_POINT('',(0.142031928917367,0.0503724256922884,-0.0145456495610395));
#6314=CARTESIAN_POINT('',(0.141751314959879,0.0504294695225209,-0.0145480755342427));
#6315=CARTESIAN_POINT('',(0.141564028600061,0.0504628202163833,-0.0145494988362216));
#6316=CARTESIAN_POINT('',(0.141276515819946,0.0504999141150455,-0.0145510788655103));
#6317=CARTESIAN_POINT('',(0.14101426309754,0.0505211274558715,-0.0145520378240405));
#6318=CARTESIAN_POINT('',(0.140872960428592,0.0505285065695049,-0.0145524167930622));
#6319=CARTESIAN_POINT('',(0.140772983968966,0.0505328542499347,-0.0145526482133016));
#6320=CARTESIAN_POINT('',(0.140740630308898,0.0505341131043572,-0.0145527167871872));
#6321=CARTESIAN_POINT('',(0.14061330728953,0.0505387332223326,-0.0145529684693505));
#6322=CARTESIAN_POINT('',(0.140402660098053,0.0505443271619949,-0.0145532803273694));
#6323=CARTESIAN_POINT('',(0.140195961592392,0.050545947606994,-0.0145533750473471));
#6324=CARTESIAN_POINT('',(0.140080845150305,0.0505459476044968,-0.0145533750472159));
#6325=CARTESIAN_POINT('',(0.145683535819644,0.0447431926613127,-0.0147138962367353));
#6326=CARTESIAN_POINT('',(0.145683695075477,0.0448491430421141,-0.0147204640525135));
#6327=CARTESIAN_POINT('',(0.145683628601809,0.0450734416374173,-0.0147339355073391));
#6328=CARTESIAN_POINT('',(0.145677385485369,0.0454522514723018,-0.014755289655071));
#6329=CARTESIAN_POINT('',(0.14565071688725,0.045938991717467,-0.0147795639649534));
#6330=CARTESIAN_POINT('',(0.145572657278733,0.0464959723527,-0.0148054604534949));
#6331=CARTESIAN_POINT('',(0.145436632308147,0.0470608659996859,-0.0148315390546716));
#6332=CARTESIAN_POINT('',(0.145296824048148,0.0474565430913442,-0.0148491597948007));
#6333=CARTESIAN_POINT('',(0.145113886283584,0.04787627897275,-0.0148672599854852));
#6334=CARTESIAN_POINT('',(0.145000809507812,0.0480982447488616,-0.0148765543384667));
#6335=CARTESIAN_POINT('',(0.144816803292955,0.0483844025867991,-0.0148882226357771));
#6336=CARTESIAN_POINT('',(0.144777882519354,0.0484420477976093,-0.0148905573966805));
#6337=CARTESIAN_POINT('',(0.144695464577944,0.0485579194130945,-0.0148952170817687));
#6338=CARTESIAN_POINT('',(0.144652089313756,0.0486160574732919,-0.0148975395036482));
#6339=CARTESIAN_POINT('',(0.144559815540123,0.0487331104173595,-0.014902174982615));
#6340=CARTESIAN_POINT('',(0.144461530906755,0.0488512935630103,-0.0149068111060114));
#6341=CARTESIAN_POINT('',(0.144343967092534,0.0489760155284603,-0.014911559563558));
#6342=CARTESIAN_POINT('',(0.144255190779363,0.0490648285978669,-0.0149149573062402));
#6343=CARTESIAN_POINT('',(0.144225542220919,0.0490935882987224,-0.0149160609782729));
#6344=CARTESIAN_POINT('',(0.144108313218612,0.0492036472266536,-0.0149203144453077));
#6345=CARTESIAN_POINT('',(0.143908476832562,0.0493724827071959,-0.0149269805706964));
#6346=CARTESIAN_POINT('',(0.143714653237569,0.0495101989088388,-0.0149325713014004));
#6347=CARTESIAN_POINT('',(0.143550215616734,0.0496166571759552,-0.0149369474758862));
#6348=CARTESIAN_POINT('',(0.143495664941409,0.049650226897276,-0.0149383372952147));
#6349=CARTESIAN_POINT('',(0.14327838694816,0.0497778589811761,-0.0149436521877629));
#6350=CARTESIAN_POINT('',(0.142903885073301,0.0499657175248558,-0.0149516530978807));
#6351=CARTESIAN_POINT('',(0.142569049197831,0.0500871180756082,-0.0149571686750137));
#6352=CARTESIAN_POINT('',(0.142193570165831,0.0502031335647219,-0.0149624843572328));
#6353=CARTESIAN_POINT('',(0.142009525841369,0.0502497968986549,-0.014964649043316));
#6354=CARTESIAN_POINT('',(0.141733506749185,0.0503060988372541,-0.0149672697311276));
#6355=CARTESIAN_POINT('',(0.141549260015342,0.0503390201386208,-0.014968806170333));
#6356=CARTESIAN_POINT('',(0.14126644255434,0.0503756362511978,-0.0149705125999737));
#6357=CARTESIAN_POINT('',(0.141007985151049,0.0503966109624869,-0.0149715351423852));
#6358=CARTESIAN_POINT('',(0.140868087439276,0.0504039341054986,-0.014971928940153));
#6359=CARTESIAN_POINT('',(0.140768962647117,0.0504082536796984,-0.0149721677951551));
#6360=CARTESIAN_POINT('',(0.140736860141701,0.0504095053350037,-0.0149722382711115));
#6361=CARTESIAN_POINT('',(0.140610470941831,0.0504140990620779,-0.0149724969369972));
#6362=CARTESIAN_POINT('',(0.140401046735494,0.0504196654247455,-0.0149728161297107));
#6363=CARTESIAN_POINT('',(0.140195439226988,0.0504212804036825,-0.0149729122525168));
#6364=CARTESIAN_POINT('',(0.140080845150305,0.0504212804010708,-0.0149729122523798));
#6365=CARTESIAN_POINT('',(0.145602482610944,0.0447305609967234,-0.0149113980385229));
#6366=CARTESIAN_POINT('',(0.145602659351264,0.0448363298959164,-0.0149179760024061));
#6367=CARTESIAN_POINT('',(0.145602663626619,0.0450599047937951,-0.0149314996319224));
#6368=CARTESIAN_POINT('',(0.145596669046935,0.0454364083176662,-0.0149530434350495));
#6369=CARTESIAN_POINT('',(0.145570838178449,0.0459177368553845,-0.0149777849420816));
#6370=CARTESIAN_POINT('',(0.145494601318196,0.0464673270591699,-0.0150043949352861));
#6371=CARTESIAN_POINT('',(0.145361242714782,0.0470247033825687,-0.0150312130744085));
#6372=CARTESIAN_POINT('',(0.145224090599091,0.0474147453630466,-0.015049406771411));
#6373=CARTESIAN_POINT('',(0.145044717644566,0.0478281692024907,-0.0150681666688191));
#6374=CARTESIAN_POINT('',(0.14493387712225,0.0480466413315307,-0.0150778343596031));
#6375=CARTESIAN_POINT('',(0.144753536112926,0.0483281688463298,-0.0150900158771327));
#6376=CARTESIAN_POINT('',(0.144715392026252,0.0483848745670161,-0.0150924555752544));
#6377=CARTESIAN_POINT('',(0.144634622920327,0.0484988432713443,-0.0150973293890442));
#6378=CARTESIAN_POINT('',(0.144592116612108,0.0485560199125874,-0.015099760730959));
#6379=CARTESIAN_POINT('',(0.14450170034498,0.0486711189975258,-0.0151046193294157));
#6380=CARTESIAN_POINT('',(0.144405405583037,0.0487873092545118,-0.0151094849375125));
#6381=CARTESIAN_POINT('',(0.144290285109851,0.0489098580001343,-0.0151144896041934));
#6382=CARTESIAN_POINT('',(0.144203319677269,0.048997143291528,-0.0151180694410865));
#6383=CARTESIAN_POINT('',(0.144174269801882,0.0490254121099733,-0.0151192319817095));
#6384=CARTESIAN_POINT('',(0.144059370618992,0.0491336186453391,-0.0151237090436451));
#6385=CARTESIAN_POINT('',(0.143863326888161,0.0492997390355964,-0.0151307104926267));
#6386=CARTESIAN_POINT('',(0.14367294246435,0.0494353611987775,-0.0151365623084076));
#6387=CARTESIAN_POINT('',(0.143511327173628,0.0495402445278063,-0.0151411364240355));
#6388=CARTESIAN_POINT('',(0.143457696868143,0.0495733256033068,-0.0151425879640658));
#6389=CARTESIAN_POINT('',(0.14324402738551,0.0496991249110139,-0.0151481355339399));
#6390=CARTESIAN_POINT('',(0.142875435690346,0.0498844292389507,-0.0151564670346466));
#6391=CARTESIAN_POINT('',(0.142545126890363,0.0500044128915191,-0.0151621680443054));
#6392=CARTESIAN_POINT('',(0.142174555573174,0.0501191055857623,-0.0151676573061782));
#6393=CARTESIAN_POINT('',(0.141992829340442,0.0501652554770707,-0.0151698896555975));
#6394=CARTESIAN_POINT('',(0.141720223597008,0.0502209448187405,-0.0151725913663896));
#6395=CARTESIAN_POINT('',(0.141538237973056,0.0502535110041381,-0.015174174884093));
#6396=CARTESIAN_POINT('',(0.141258920422974,0.0502897312218867,-0.0151759338760957));
#6397=CARTESIAN_POINT('',(0.141003295978326,0.0503105078896768,-0.0151769829458146));
#6398=CARTESIAN_POINT('',(0.140864447476297,0.0503177845838358,-0.0151773828955408));
#6399=CARTESIAN_POINT('',(0.140765958777373,0.0503220808329685,-0.0151776248296761));
#6400=CARTESIAN_POINT('',(0.140734043868038,0.0503233265137048,-0.0151776960923123));
#6401=CARTESIAN_POINT('',(0.14060835216026,0.0503278983379778,-0.0151779576506159));
#6402=CARTESIAN_POINT('',(0.140399841452137,0.0503334418089547,-0.0151782798934407));
#6403=CARTESIAN_POINT('',(0.140195048995216,0.0503350522546343,-0.0151783765837997));
#6404=CARTESIAN_POINT('',(0.140080845150305,0.0503350522520344,-0.0151783765836603));
#6405=CARTESIAN_POINT('',(0.145395945609332,0.0447071881400944,-0.015276843246834));
#6406=CARTESIAN_POINT('',(0.145396148492218,0.0448124954914689,-0.0152834330389076));
#6407=CARTESIAN_POINT('',(0.145396257348944,0.0450342299928835,-0.0152970235231405));
#6408=CARTESIAN_POINT('',(0.145390649850242,0.0454048642791931,-0.0153188195210239));
#6409=CARTESIAN_POINT('',(0.14536636655605,0.0458723681865416,-0.0153441878893437));
#6410=CARTESIAN_POINT('',(0.145293961071575,0.0464029331153915,-0.0153717747999933));
#6411=CARTESIAN_POINT('',(0.145166595726681,0.0469407811409902,-0.0153996024587126));
#6412=CARTESIAN_POINT('',(0.1450356524987,0.0473160459003667,-0.0154185783940886));
#6413=CARTESIAN_POINT('',(0.144864792988288,0.047712800303342,-0.0154382397575479));
#6414=CARTESIAN_POINT('',(0.144759359995166,0.0479219933219451,-0.0154484179860926));
#6415=CARTESIAN_POINT('',(0.144588069453258,0.0481911069601552,-0.01546130228991));
#6416=CARTESIAN_POINT('',(0.144551850472571,0.0482452886200087,-0.0154638857163386));
#6417=CARTESIAN_POINT('',(0.144475184756132,0.0483541336248327,-0.015469052836675));
#6418=CARTESIAN_POINT('',(0.144434848455518,0.0484087161647333,-0.0154716333767312));
#6419=CARTESIAN_POINT('',(0.144349089913089,0.0485185307756947,-0.0154767976297293));
#6420=CARTESIAN_POINT('',(0.144257803688911,0.0486293181380958,-0.0154819776710195));
#6421=CARTESIAN_POINT('',(0.14414888658293,0.0487459421185384,-0.0154873338691764));
#6422=CARTESIAN_POINT('',(0.144066535412831,0.0488290526626399,-0.0154911637594118));
#6423=CARTESIAN_POINT('',(0.144039013881602,0.0488559783800914,-0.015492407177844));
#6424=CARTESIAN_POINT('',(0.143930074120572,0.0489591098018512,-0.0154971915927405));
#6425=CARTESIAN_POINT('',(0.143743792495109,0.0491177550835327,-0.0155046547904032));
#6426=CARTESIAN_POINT('',(0.143562336837713,0.0492475770514211,-0.0155108654212689));
#6427=CARTESIAN_POINT('',(0.143408077652644,0.0493480861037154,-0.0155157115599953));
#6428=CARTESIAN_POINT('',(0.143356851192352,0.0493798077671938,-0.0155172479216817));
#6429=CARTESIAN_POINT('',(0.143152622718875,0.0495005020206363,-0.0155231153569303));
#6430=CARTESIAN_POINT('',(0.142799581460892,0.0496786552864408,-0.0155319017454872));
#6431=CARTESIAN_POINT('',(0.142481276715822,0.0497946478177272,-0.015537857523684));
#6432=CARTESIAN_POINT('',(0.142123747157454,0.0499056093017155,-0.0155435851968009));
#6433=CARTESIAN_POINT('',(0.141948195898432,0.0499503077836489,-0.0155459104397537));
#6434=CARTESIAN_POINT('',(0.141684696929985,0.0500042636146795,-0.0155487234001633));
#6435=CARTESIAN_POINT('',(0.141508748907068,0.0500358240937571,-0.0155503715599396));
#6436=CARTESIAN_POINT('',(0.141238788353001,0.0500709220048206,-0.0155522027014251));
#6437=CARTESIAN_POINT('',(0.140990744106402,0.0500911368281789,-0.0155532882382327));
#6438=CARTESIAN_POINT('',(0.140854703797094,0.0500982817369651,-0.015553696623362));
#6439=CARTESIAN_POINT('',(0.140757917712373,0.0501025118048165,-0.0155539427760655));
#6440=CARTESIAN_POINT('',(0.140726504958658,0.0501037405329375,-0.0155540151157872));
#6441=CARTESIAN_POINT('',(0.140602680276026,0.0501082502087614,-0.0155542806366787));
#6442=CARTESIAN_POINT('',(0.14039661482644,0.0501137287216496,-0.015554607065295));
#6443=CARTESIAN_POINT('',(0.140194004331076,0.0501153263085513,-0.015554704526047));
#6444=CARTESIAN_POINT('',(0.140080845150305,0.050115326305996,-0.0155547045259043));
#6445=CARTESIAN_POINT('',(0.14527078727855,0.0446964884802434,-0.0154441372787613));
#6446=CARTESIAN_POINT('',(0.145270998739632,0.0448015164820795,-0.0154507288986108));
#6447=CARTESIAN_POINT('',(0.145271141160799,0.0450221371615218,-0.0154643343006642));
#6448=CARTESIAN_POINT('',(0.145265671366871,0.04538921773233,-0.0154861929100154));
#6449=CARTESIAN_POINT('',(0.145242095007551,0.0458483303890296,-0.0155117206438483));
#6450=CARTESIAN_POINT('',(0.145171691716928,0.04636729033317,-0.0155395688145328));
#6451=CARTESIAN_POINT('',(0.145047643390995,0.0468931579214339,-0.0155676644872055));
#6452=CARTESIAN_POINT('',(0.14492024282849,0.0472593036036346,-0.0155868481709646));
#6453=CARTESIAN_POINT('',(0.144754318249881,0.0476457265420101,-0.0156067494586366));
#6454=CARTESIAN_POINT('',(0.144652047871823,0.0478491485084267,-0.015617063814581));
#6455=CARTESIAN_POINT('',(0.144486128207496,0.0481104978295329,-0.015630136122953));
#6456=CARTESIAN_POINT('',(0.144451054590262,0.0481630988278017,-0.015632758018377));
#6457=CARTESIAN_POINT('',(0.144376836923413,0.0482687309745462,-0.0156380036571169));
#6458=CARTESIAN_POINT('',(0.144337798238505,0.0483216848445798,-0.0156406241395137));
#6459=CARTESIAN_POINT('',(0.144254832549133,0.0484281770091764,-0.015645870237187));
#6460=CARTESIAN_POINT('',(0.144166557081384,0.048535562712071,-0.0156511345114163));
#6461=CARTESIAN_POINT('',(0.144061390235465,0.0486484442916611,-0.0156565851891711));
#6462=CARTESIAN_POINT('',(0.143981835192416,0.0487289143089971,-0.0156604824202581));
#6463=CARTESIAN_POINT('',(0.143955240920956,0.0487549898804052,-0.0156617476444645));
#6464=CARTESIAN_POINT('',(0.143849921405532,0.0488549064122054,-0.0156666150297984));
#6465=CARTESIAN_POINT('',(0.143669593936598,0.0490088032073032,-0.0156742033967505));
#6466=CARTESIAN_POINT('',(0.143493613912428,0.049134927940927,-0.0156805108422885));
#6467=CARTESIAN_POINT('',(0.143343877012502,0.049232644378505,-0.0156854303696805));
#6468=CARTESIAN_POINT('',(0.143294130274883,0.0492634973645018,-0.0156869896159604));
#6469=CARTESIAN_POINT('',(0.14309571956938,0.0493809271826818,-0.0156929434142875));
#6470=CARTESIAN_POINT('',(0.142752294347414,0.0495544945795443,-0.0157018528889469));
#6471=CARTESIAN_POINT('',(0.142441447920701,0.0496679189982494,-0.0157078773577677));
#6472=CARTESIAN_POINT('',(0.142092032144834,0.0497764777758246,-0.0157136692649032));
#6473=CARTESIAN_POINT('',(0.141920328181088,0.0498202405095928,-0.0157160195089046));
#6474=CARTESIAN_POINT('',(0.141662508506855,0.0498730780762414,-0.015718862420129));
#6475=CARTESIAN_POINT('',(0.141490327608065,0.0499039895016586,-0.0157205279831579));
#6476=CARTESIAN_POINT('',(0.14122620962737,0.0499383627148361,-0.0157223785347876));
#6477=CARTESIAN_POINT('',(0.140982900866956,0.0499582145961021,-0.0157234739170548));
#6478=CARTESIAN_POINT('',(0.140848615186808,0.0499652743694312,-0.0157238845657431));
#6479=CARTESIAN_POINT('',(0.140752892983379,0.0499694616819578,-0.0157241318482438));
#6480=CARTESIAN_POINT('',(0.140721794010684,0.049970679457858,-0.0157242044759731));
#6481=CARTESIAN_POINT('',(0.140599135966565,0.0499751489827308,-0.0157244710579938));
#6482=CARTESIAN_POINT('',(0.140394598486325,0.0499805855282079,-0.0157247986120911));
#6483=CARTESIAN_POINT('',(0.140193351518251,0.0499821748093004,-0.0157248962745835));
#6484=CARTESIAN_POINT('',(0.140080845150305,0.0499821748067813,-0.0157248962744401));
#6485=CARTESIAN_POINT('',(0.14497912812145,0.0446778728088058,-0.0157352017401726));
#6486=CARTESIAN_POINT('',(0.144979343870312,0.0447822503824876,-0.0157417890808974));
#6487=CARTESIAN_POINT('',(0.144979504798537,0.0450002778711741,-0.0157553851753173));
#6488=CARTESIAN_POINT('',(0.14497417086883,0.0453590819419547,-0.0157772292291289));
#6489=CARTESIAN_POINT('',(0.144951807025359,0.0457986121587405,-0.0158027328859109));
#6490=CARTESIAN_POINT('',(0.144885489418427,0.0462903877371551,-0.015830585385536));
#6491=CARTESIAN_POINT('',(0.144768596139192,0.0467880668018016,-0.0158586791571698));
#6492=CARTESIAN_POINT('',(0.14464905021694,0.0471326599144858,-0.015877861606477));
#6493=CARTESIAN_POINT('',(0.144494218086176,0.04749458515398,-0.0158977631332454));
#6494=CARTESIAN_POINT('',(0.144399110416335,0.0476842874732591,-0.0159080784321138));
#6495=CARTESIAN_POINT('',(0.144245502188716,0.0479271019710606,-0.0159211540510346));
#6496=CARTESIAN_POINT('',(0.144213059517489,0.0479759261892663,-0.0159237766881001));
#6497=CARTESIAN_POINT('',(0.144144477520513,0.0480738742671671,-0.0159290238885011));
#6498=CARTESIAN_POINT('',(0.14410843163397,0.0481229293709215,-0.0159316451715658));
#6499=CARTESIAN_POINT('',(0.144031921407216,0.0482214600038216,-0.015936892965027));
#6500=CARTESIAN_POINT('',(0.143950618969972,0.0483206860858757,-0.0159421591069028));
#6501=CARTESIAN_POINT('',(0.143854177188405,0.0484245698954324,-0.0159476128796456));
#6502=CARTESIAN_POINT('',(0.14378113946862,0.0484986854408902,-0.0159515127535598));
#6503=CARTESIAN_POINT('',(0.143756708549403,0.0485227140614384,-0.0159527789138997));
#6504=CARTESIAN_POINT('',(0.143659843727174,0.0486148857758446,-0.0159576501960013));
#6505=CARTESIAN_POINT('',(0.143493465120011,0.0487573211365912,-0.0159652461145935));
#6506=CARTESIAN_POINT('',(0.143330365454417,0.0488744993288258,-0.0159715579594429));
#6507=CARTESIAN_POINT('',(0.143191286095045,0.0489654508359798,-0.0159764807972439));
#6508=CARTESIAN_POINT('',(0.143145029988425,0.0489941981322981,-0.0159780410782808));
#6509=CARTESIAN_POINT('',(0.14296035437016,0.0491037111486963,-0.0159839989896165));
#6510=CARTESIAN_POINT('',(0.142639691206133,0.0492661350922577,-0.0159929151883657));
#6511=CARTESIAN_POINT('',(0.142346561234673,0.0493733039738097,-0.0159989426229908));
#6512=CARTESIAN_POINT('',(0.142016437778979,0.0494760068924612,-0.0160047371542495));
#6513=CARTESIAN_POINT('',(0.1418538914711,0.0495174870708275,-0.0160070883332046));
#6514=CARTESIAN_POINT('',(0.141609599524856,0.0495675958098772,-0.0160099323952919));
#6515=CARTESIAN_POINT('',(0.141446394965102,0.0495969229082397,-0.016011598627768));
#6516=CARTESIAN_POINT('',(0.141196206322124,0.0496295264511919,-0.0160134498799638));
#6517=CARTESIAN_POINT('',(0.140964191620174,0.0496484918712806,-0.0160145457302276));
#6518=CARTESIAN_POINT('',(0.140834091225961,0.0496553436712581,-0.0160149564418275));
#6519=CARTESIAN_POINT('',(0.140740906758983,0.0496594265324176,-0.0160152037486804));
#6520=CARTESIAN_POINT('',(0.140710556280418,0.0496606175506635,-0.0160152763811837));
#6521=CARTESIAN_POINT('',(0.140590681129141,0.0496649889848666,-0.0160155429859868));
#6522=CARTESIAN_POINT('',(0.140389788482848,0.0496703230092589,-0.0160158705799111));
#6523=CARTESIAN_POINT('',(0.140191794233746,0.0496718919918005,-0.0160159682302502));
#6524=CARTESIAN_POINT('',(0.140080845150305,0.0496718919893654,-0.0160159682301069));
#6525=CARTESIAN_POINT('',(0.144811487632005,0.0446698841235621,-0.0158601084552304));
#6526=CARTESIAN_POINT('',(0.144811698896111,0.0447738881020895,-0.015866689281124));
#6527=CARTESIAN_POINT('',(0.144811844379475,0.0449904261374986,-0.0158802602617526));
#6528=CARTESIAN_POINT('',(0.144806508417058,0.0453444751405001,-0.0159020257558583));
#6529=CARTESIAN_POINT('',(0.144784653683852,0.0457727375620724,-0.0159273436384409));
#6530=CARTESIAN_POINT('',(0.144720435744398,0.0462488272844981,-0.0159549395802185));
#6531=CARTESIAN_POINT('',(0.144607408381769,0.0467301878689254,-0.015982763212579));
#6532=CARTESIAN_POINT('',(0.144492205108445,0.0470622630512862,-0.0160017365244818));
#6533=CARTESIAN_POINT('',(0.144343573920807,0.047409926095575,-0.0160213983511028));
#6534=CARTESIAN_POINT('',(0.144252494428551,0.0475916260871718,-0.0160315785364089));
#6535=CARTESIAN_POINT('',(0.144105875098565,0.0478235975598072,-0.0160444697636615));
#6536=CARTESIAN_POINT('',(0.144074928340984,0.0478702108852137,-0.0160470547418191));
#6537=CARTESIAN_POINT('',(0.144009556091966,0.0479636576970832,-0.0160522251303935));
#6538=CARTESIAN_POINT('',(0.14397521713726,0.0480104274562265,-0.0160548073463167));
#6539=CARTESIAN_POINT('',(0.143902394859644,0.0481042878714656,-0.0160599751497346));
#6540=CARTESIAN_POINT('',(0.1438250820669,0.0481987240929355,-0.016065159102698));
#6541=CARTESIAN_POINT('',(0.143733649359039,0.0482973174007219,-0.0160705217910904));
#6542=CARTESIAN_POINT('',(0.143664358440606,0.0483676942106019,-0.0160743572259711));
#6543=CARTESIAN_POINT('',(0.143641172114476,0.0483905180445523,-0.0160756026088069));
#6544=CARTESIAN_POINT('',(0.143549174965777,0.0484781296487671,-0.0160803952023638));
#6545=CARTESIAN_POINT('',(0.143390845900281,0.0486138074809956,-0.0160878742570475));
#6546=CARTESIAN_POINT('',(0.143235201470117,0.0487257015443822,-0.016094094127717));
#6547=CARTESIAN_POINT('',(0.143102299136326,0.0488126544140837,-0.0160989472204903));
#6548=CARTESIAN_POINT('',(0.14305806761516,0.0488401565070268,-0.0161004857560862));
#6549=CARTESIAN_POINT('',(0.142881363129118,0.0489449863727077,-0.01610636183297));
#6550=CARTESIAN_POINT('',(0.142573935131621,0.0491008094604662,-0.0161151623528415));
#6551=CARTESIAN_POINT('',(0.142291132574272,0.0492042666149227,-0.0161211243665764));
#6552=CARTESIAN_POINT('',(0.141972263077273,0.0493034936255349,-0.0161268575569926));
#6553=CARTESIAN_POINT('',(0.141815062921171,0.0493436181235612,-0.01612918476581));
#6554=CARTESIAN_POINT('',(0.141578672270428,0.0493921056946183,-0.0161320001462771));
#6555=CARTESIAN_POINT('',(0.141420711998854,0.0494204913631892,-0.0161336497138537));
#6556=CARTESIAN_POINT('',(0.141178664539062,0.049452043055435,-0.0161354823286466));
#6557=CARTESIAN_POINT('',(0.140953252529461,0.0494704815170241,-0.0161365688497135));
#6558=CARTESIAN_POINT('',(0.140825599140997,0.0494772096698308,-0.0161369773671368));
#6559=CARTESIAN_POINT('',(0.140733898442246,0.0494812304281793,-0.0161372235710751));
#6560=CARTESIAN_POINT('',(0.140703985600594,0.0494824055367261,-0.0161372959208493));
#6561=CARTESIAN_POINT('',(0.140585737574357,0.0494867186492881,-0.0161375614897309));
#6562=CARTESIAN_POINT('',(0.140386976030491,0.049491991721859,-0.0161378880023565));
#6563=CARTESIAN_POINT('',(0.140190883678923,0.049493548631294,-0.0161379854372072));
#6564=CARTESIAN_POINT('',(0.140080845150305,0.0494935486289087,-0.0161379854370649));
#6565=CARTESIAN_POINT('',(0.144445278436862,0.0446567011361694,-0.0160662304389636));
#6566=CARTESIAN_POINT('',(0.144445467959189,0.0447598895345438,-0.0160727886648919));
#6567=CARTESIAN_POINT('',(0.144445536454935,0.0449731757987198,-0.0160862693516202));
#6568=CARTESIAN_POINT('',(0.14444006647712,0.0453168410292966,-0.0161077459640052));
#6569=CARTESIAN_POINT('',(0.144419022458189,0.0457204695383841,-0.0161323760386198));
#6570=CARTESIAN_POINT('',(0.144359000719314,0.0461621967780095,-0.0161590055811475));
#6571=CARTESIAN_POINT('',(0.144254029768541,0.0466077256590166,-0.016185814497285));
#6572=CARTESIAN_POINT('',(0.144148042033164,0.0469122499954236,-0.0162040021110573));
#6573=CARTESIAN_POINT('',(0.144012681981637,0.0472284707860229,-0.0162227627114384));
#6574=CARTESIAN_POINT('',(0.143930262647792,0.0473925057506796,-0.0162324345505015));
#6575=CARTESIAN_POINT('',(0.143798773874667,0.0476004919081551,-0.0162446311966289));
#6576=CARTESIAN_POINT('',(0.143771069499128,0.0476422124052764,-0.0162470742914791));
#6577=CARTESIAN_POINT('',(0.143712662931959,0.0477256929214441,-0.0162519552660615));
#6578=CARTESIAN_POINT('',(0.143682032119374,0.0477674004002153,-0.0162543902817963));
#6579=CARTESIAN_POINT('',(0.143617231208628,0.0478509105717315,-0.0162592566717662));
#6580=CARTESIAN_POINT('',(0.143548605496124,0.0479347261183217,-0.0162641308762252));
#6581=CARTESIAN_POINT('',(0.143468106563148,0.0480215755712625,-0.0162691498727777));
#6582=CARTESIAN_POINT('',(0.143407002360854,0.0480836494857204,-0.0162727419735763));
#6583=CARTESIAN_POINT('',(0.143386536853773,0.0481037971053668,-0.0162739088624932));
#6584=CARTESIAN_POINT('',(0.14330518670101,0.0481812767300598,-0.0162784040416671));
#6585=CARTESIAN_POINT('',(0.143164493727763,0.0483019266408602,-0.0162854406789924));
#6586=CARTESIAN_POINT('',(0.143025217654561,0.0484020549842537,-0.0162913130166709));
#6587=CARTESIAN_POINT('',(0.142905890275968,0.0484800998108504,-0.0162959025880069));
#6588=CARTESIAN_POINT('',(0.142866110325393,0.0485048270211209,-0.0162973589616486));
#6589=CARTESIAN_POINT('',(0.142706939736846,0.0485992183941641,-0.0163029257514304));
#6590=CARTESIAN_POINT('',(0.142428663992018,0.0487403150566004,-0.0163112887124612));
#6591=CARTESIAN_POINT('',(0.142168648987181,0.0488354818063012,-0.0163170036264302));
#6592=CARTESIAN_POINT('',(0.141874623691927,0.0489269430745639,-0.0163225051921883));
#6593=CARTESIAN_POINT('',(0.141729232051406,0.0489640375186535,-0.0163247419263921));
#6594=CARTESIAN_POINT('',(0.141510299745178,0.0490089010054777,-0.016327449036847));
#6595=CARTESIAN_POINT('',(0.141363929129284,0.0490351818311177,-0.0163290356962727));
#6596=CARTESIAN_POINT('',(0.141139878233065,0.0490643813560506,-0.016330797976731));
#6597=CARTESIAN_POINT('',(0.140929064528713,0.0490816413513702,-0.016331849243816));
#6598=CARTESIAN_POINT('',(0.140806821712996,0.0490880929480367,-0.0163322494886392));
#6599=CARTESIAN_POINT('',(0.140718401824006,0.0490919747977225,-0.0163324915374125));
#6600=CARTESIAN_POINT('',(0.140689456665308,0.0490931143189546,-0.0163325628226596));
#6601=CARTESIAN_POINT('',(0.140574806458256,0.0490972969797036,-0.0163328244891577));
#6602=CARTESIAN_POINT('',(0.140380757120564,0.0491024337282249,-0.016333146922992));
#6603=CARTESIAN_POINT('',(0.140188870260378,0.0491039636204762,-0.0163332435507587));
#6604=CARTESIAN_POINT('',(0.140080845150305,0.0491039636182023,-0.0163332435506197));
#6605=CARTESIAN_POINT('',(0.144247360901894,0.044651527610226,-0.0161471208622481));
#6606=CARTESIAN_POINT('',(0.144247533287258,0.0447542754729997,-0.0161536630559959));
#6607=CARTESIAN_POINT('',(0.144247540564992,0.044965805201169,-0.0161670787617923));
#6608=CARTESIAN_POINT('',(0.144241939175876,0.0453038601968227,-0.016188345665164));
#6609=CARTESIAN_POINT('',(0.144221195923894,0.0456941664803634,-0.0162124751516497));
#6610=CARTESIAN_POINT('',(0.144163263417866,0.0461172783328766,-0.0162383968212045));
#6611=CARTESIAN_POINT('',(0.144062468895732,0.0465433579059469,-0.0162644632377985));
#6612=CARTESIAN_POINT('',(0.143961337831938,0.046832898519771,-0.0162820758994682));
#6613=CARTESIAN_POINT('',(0.143833024512128,0.0471319954157585,-0.0163001768156702));
#6614=CARTESIAN_POINT('',(0.143755221811013,0.0472863992444603,-0.0163094764593998));
#6615=CARTESIAN_POINT('',(0.14363184779651,0.0474812859696498,-0.0163211643285558));
#6616=CARTESIAN_POINT('',(0.14360588412208,0.0475203332742701,-0.0163235034873735));
#6617=CARTESIAN_POINT('',(0.143551221094493,0.0475983665709779,-0.01632817244784));
#6618=CARTESIAN_POINT('',(0.143522584892441,0.047637306161418,-0.01633049962958));
#6619=CARTESIAN_POINT('',(0.143462103118429,0.0477151548063054,-0.0163351452082937));
#6620=CARTESIAN_POINT('',(0.143398159370094,0.0477931585217896,-0.0163397924818763));
#6621=CARTESIAN_POINT('',(0.143323565642187,0.0478735756040344,-0.016344559565989));
#6622=CARTESIAN_POINT('',(0.14326688674973,0.0479311001875978,-0.0163479732626712));
#6623=CARTESIAN_POINT('',(0.143247892613483,0.047949781158205,-0.0163490825933216));
#6624=CARTESIAN_POINT('',(0.143172302779488,0.0480217070006081,-0.0163533596449709));
#6625=CARTESIAN_POINT('',(0.143041164855053,0.0481341133222247,-0.0163600716142788));
#6626=CARTESIAN_POINT('',(0.142910772687524,0.0482277810796526,-0.0163656890917646));
#6627=CARTESIAN_POINT('',(0.142798819008528,0.0483009324041834,-0.016370085416321));
#6628=CARTESIAN_POINT('',(0.142761458097344,0.0483241348891067,-0.0163714815385433));
#6629=CARTESIAN_POINT('',(0.142611818974313,0.0484127895529064,-0.0163768214965523));
#6630=CARTESIAN_POINT('',(0.142349408263952,0.0485457869199152,-0.0163848634533865));
#6631=CARTESIAN_POINT('',(0.14210181272091,0.0486363897949679,-0.0163903971847174));
#6632=CARTESIAN_POINT('',(0.14182133331937,0.0487235750985856,-0.0163957289321978));
#6633=CARTESIAN_POINT('',(0.1416823829625,0.0487590005827843,-0.0163978993439855));
#6634=CARTESIAN_POINT('',(0.141472976538518,0.0488018676277552,-0.0164005270838077));
#6635=CARTESIAN_POINT('',(0.141332930599928,0.0488269888005277,-0.016402067626495));
#6636=CARTESIAN_POINT('',(0.141118702955454,0.0488548922119159,-0.0164037783515851));
#6637=CARTESIAN_POINT('',(0.140915858801591,0.0488715028031115,-0.0164048037645294));
#6638=CARTESIAN_POINT('',(0.140796569893403,0.0488778019853496,-0.0164051979476324));
#6639=CARTESIAN_POINT('',(0.140709941188729,0.0488816072777116,-0.0164054369525597));
#6640=CARTESIAN_POINT('',(0.140681524348472,0.0488827271850253,-0.0164055074581646));
#6641=CARTESIAN_POINT('',(0.140568838412374,0.048886837948993,-0.0164057662660841));
#6642=CARTESIAN_POINT('',(0.140377361765669,0.0488918995688619,-0.0164060857105957));
#6643=CARTESIAN_POINT('',(0.140187770991234,0.0488934145657397,-0.0164061817485009));
#6644=CARTESIAN_POINT('',(0.140080845150305,0.0488934145635272,-0.0164061817483643));
#6645=CARTESIAN_POINT('',(0.143846316325328,0.0446440477929598,-0.0162640711958076));
#6646=CARTESIAN_POINT('',(0.143846446628171,0.0447459034261292,-0.0162705740674164));
#6647=CARTESIAN_POINT('',(0.143846301703903,0.0449538753645997,-0.0162838311076342));
#6648=CARTESIAN_POINT('',(0.143840346422907,0.045280565121913,-0.0163045873334649));
#6649=CARTESIAN_POINT('',(0.143820006358455,0.0456438640315182,-0.0163274987184919));
#6650=CARTESIAN_POINT('',(0.143766031300707,0.0460291879847659,-0.0163517013188578));
#6651=CARTESIAN_POINT('',(0.143673426259999,0.0464157286741674,-0.0163759640008283));
#6652=CARTESIAN_POINT('',(0.143581945676867,0.0466747638776645,-0.0163921799628992));
#6653=CARTESIAN_POINT('',(0.143467717422243,0.0469389616127844,-0.0164086784976087));
#6654=CARTESIAN_POINT('',(0.143399170912759,0.047073720671878,-0.0164170741489544));
#6655=CARTESIAN_POINT('',(0.14329214271146,0.0472418536957559,-0.0164275264911264));
#6656=CARTESIAN_POINT('',(0.143269688113736,0.0472754398462438,-0.0164296132554379));
#6657=CARTESIAN_POINT('',(0.143222577821723,0.0473423415555063,-0.0164337673736759));
#6658=CARTESIAN_POINT('',(0.143197968553962,0.0473756232970182,-0.0164358326987328));
#6659=CARTESIAN_POINT('',(0.1431462136076,0.0474418955915045,-0.0164399420806701));
#6660=CARTESIAN_POINT('',(0.143091736544289,0.0475080119665047,-0.0164440383099091));
#6661=CARTESIAN_POINT('',(0.143029101851315,0.0475752632684471,-0.0164481937884299));
#6662=CARTESIAN_POINT('',(0.142981390725089,0.0476234736708155,-0.0164511743912315));
#6663=CARTESIAN_POINT('',(0.142965379259321,0.0476391513958854,-0.0164521440016612));
#6664=CARTESIAN_POINT('',(0.142901470386235,0.0476997029899233,-0.0164558915926915));
#6665=CARTESIAN_POINT('',(0.142789729105442,0.0477952165833203,-0.0164618156694353));
#6666=CARTESIAN_POINT('',(0.142677395804507,0.0478756356680522,-0.0164668145192802));
#6667=CARTESIAN_POINT('',(0.142580440257719,0.0479387487551835,-0.0164707417710028));
#6668=CARTESIAN_POINT('',(0.142548001255,0.0479588229206506,-0.0164719916439841));
#6669=CARTESIAN_POINT('',(0.142417760477642,0.0480357058093981,-0.0164767810313824));
#6670=CARTESIAN_POINT('',(0.14218766553049,0.0481520739275692,-0.0164840439324547));
#6671=CARTESIAN_POINT('',(0.141965395623665,0.0482332999871653,-0.0164891378684834));
#6672=CARTESIAN_POINT('',(0.141712547388026,0.0483116986511783,-0.0164940573909125));
#6673=CARTESIAN_POINT('',(0.141586740519109,0.0483436937837591,-0.0164960667997557));
#6674=CARTESIAN_POINT('',(0.141396775947615,0.0483824569272968,-0.0164985018644865));
#6675=CARTESIAN_POINT('',(0.141269639832096,0.0484051941051301,-0.0164999304572907));
#6676=CARTESIAN_POINT('',(0.141075466642719,0.0484304326972412,-0.0165015160254));
#6677=CARTESIAN_POINT('',(0.140888894408787,0.0484457080286979,-0.0165024786858801));
#6678=CARTESIAN_POINT('',(0.140775636908557,0.0484516938139954,-0.0165028581514649));
#6679=CARTESIAN_POINT('',(0.140692665551882,0.0484553416857652,-0.0165030897654318));
#6680=CARTESIAN_POINT('',(0.140665327470484,0.0484564212616009,-0.0165031583778039));
#6681=CARTESIAN_POINT('',(0.14055665232065,0.0484603841877365,-0.0165034102447124));
#6682=CARTESIAN_POINT('',(0.140370428785922,0.048465291327393,-0.0165037224326215));
#6683=CARTESIAN_POINT('',(0.140185526395778,0.0484667756916665,-0.0165038170359893));
#6684=CARTESIAN_POINT('',(0.140080845150305,0.0484667756895803,-0.0165038170358585));
#6685=CARTESIAN_POINT('',(0.143643840454459,0.0446417622778424,-0.0162998062606917));
#6686=CARTESIAN_POINT('',(0.143643945931806,0.0447431676664063,-0.0163062858952955));
#6687=CARTESIAN_POINT('',(0.143643710348292,0.0449493441331338,-0.0163194494500437));
#6688=CARTESIAN_POINT('',(0.143637533158104,0.0452702973567521,-0.0163399053203483));
#6689=CARTESIAN_POINT('',(0.14361729467717,0.0456199550096932,-0.0163621006376852));
#6690=CARTESIAN_POINT('',(0.143565180534602,0.0459861676904869,-0.0163852940102646));
#6691=CARTESIAN_POINT('',(0.143476574480073,0.0463526827194208,-0.0164084975345613));
#6692=CARTESIAN_POINT('',(0.14338987148858,0.0465962454282209,-0.0164238933577593));
#6693=CARTESIAN_POINT('',(0.143282658106159,0.0468427240609575,-0.016439451037069));
#6694=CARTESIAN_POINT('',(0.14321873580748,0.0469675010497006,-0.0164473159287115));
#6695=CARTESIAN_POINT('',(0.143119911760156,0.0471220226622607,-0.0164570429333565));
#6696=CARTESIAN_POINT('',(0.143099219770744,0.0471528295941022,-0.0164589815275614));
#6697=CARTESIAN_POINT('',(0.143055906280413,0.0472140647455898,-0.0164628334057363));
#6698=CARTESIAN_POINT('',(0.143033322736658,0.0472444655739345,-0.0164647450071569));
#6699=CARTESIAN_POINT('',(0.142985961200216,0.0473048415440818,-0.0164685396157226));
#6700=CARTESIAN_POINT('',(0.142936253386189,0.0473649013928935,-0.01647231236021));
#6701=CARTESIAN_POINT('',(0.142879653026967,0.0474254402676089,-0.0164761088406282));
#6702=CARTESIAN_POINT('',(0.142836469752187,0.0474689006486263,-0.0164788352445981));
#6703=CARTESIAN_POINT('',(0.142821964730935,0.0474830465558652,-0.0164797228512217));
#6704=CARTESIAN_POINT('',(0.142763957496352,0.0475377957708684,-0.0164831597074713));
#6705=CARTESIAN_POINT('',(0.14266202630862,0.0476246870289557,-0.0164886214451008));
#6706=CARTESIAN_POINT('',(0.142558838752747,0.0476983390321366,-0.016493257226116));
#6707=CARTESIAN_POINT('',(0.142469483408548,0.0477563232875205,-0.0164969091814145));
#6708=CARTESIAN_POINT('',(0.142439539329158,0.047774798812829,-0.0164980732216679));
#6709=CARTESIAN_POINT('',(0.1423191341322,0.0478456652684448,-0.0165025394911057));
#6710=CARTESIAN_POINT('',(0.142105437862118,0.0479535297072976,-0.0165093452163792));
#6711=CARTESIAN_POINT('',(0.141896033453109,0.0480299576290971,-0.0165141810359812));
#6712=CARTESIAN_POINT('',(0.141657226140321,0.0481038594878157,-0.0165188586171745));
#6713=CARTESIAN_POINT('',(0.141538100395552,0.0481340986423755,-0.0165207735275494));
#6714=CARTESIAN_POINT('',(0.141358020627534,0.04817076080072,-0.0165230955055806));
#6715=CARTESIAN_POINT('',(0.141237448967587,0.0481922773967534,-0.0165244583917531));
#6716=CARTESIAN_POINT('',(0.141053474852919,0.048216151486194,-0.0165259704998133));
#6717=CARTESIAN_POINT('',(0.140875178926018,0.0482307430656816,-0.0165268963326141));
#6718=CARTESIAN_POINT('',(0.140764989266747,0.0482365683630082,-0.0165272671591044));
#6719=CARTESIAN_POINT('',(0.140683878216539,0.0482401356200374,-0.0165274944343612));
#6720=CARTESIAN_POINT('',(0.140657088847956,0.0482411945420105,-0.0165275619352983));
#6721=CARTESIAN_POINT('',(0.140550453790243,0.0482450817604859,-0.0165278097276581));
#6722=CARTESIAN_POINT('',(0.140366902263746,0.0482499097921584,-0.0165281176564571));
#6723=CARTESIAN_POINT('',(0.140184384664044,0.0482513784679045,-0.0165282114168832));
#6724=CARTESIAN_POINT('',(0.140080845150305,0.0482513784658831,-0.0165282114167558));
#6725=CARTESIAN_POINT('',(0.143349649280938,0.0446399780178797,-0.0163277039740143));
#6726=CARTESIAN_POINT('',(0.143349715863905,0.0447407294531108,-0.0163341461225046));
#6727=CARTESIAN_POINT('',(0.14334933619683,0.0449442979893313,-0.0163471595446937));
#6728=CARTESIAN_POINT('',(0.14334279496398,0.0452569178662571,-0.016367134378056));
#6729=CARTESIAN_POINT('',(0.143322603836003,0.0455867500181677,-0.0163881837973251));
#6730=CARTESIAN_POINT('',(0.143273051273933,0.0459251612308166,-0.0164097654131359));
#6731=CARTESIAN_POINT('',(0.143190115989586,0.0462625150442599,-0.0164312768898623));
#6732=CARTESIAN_POINT('',(0.143110257116412,0.0464835242048563,-0.0164453625303577));
#6733=CARTESIAN_POINT('',(0.143013136483275,0.0467041558386136,-0.0164594173199237));
#6734=CARTESIAN_POINT('',(0.14295588211693,0.0468143636626175,-0.0164664344622998));
#6735=CARTESIAN_POINT('',(0.142868927636346,0.0469490011161371,-0.0164750030962609));
#6736=CARTESIAN_POINT('',(0.142850787154658,0.0469757472497215,-0.0164767050667721));
#6737=CARTESIAN_POINT('',(0.14281297300837,0.0470287011560853,-0.0164800742794478));
#6738=CARTESIAN_POINT('',(0.142793324971916,0.0470548909516435,-0.0164817403906774));
#6739=CARTESIAN_POINT('',(0.142752333563604,0.0471066464214954,-0.0164850323236796));
#6740=CARTESIAN_POINT('',(0.142709544307304,0.0471578496789682,-0.0164882884909644));
#6741=CARTESIAN_POINT('',(0.142661707411649,0.0472085679885001,-0.0164915117657292));
#6742=CARTESIAN_POINT('',(0.142625102716915,0.0472450774791717,-0.0164938323317341));
#6743=CARTESIAN_POINT('',(0.142612786926807,0.0472569815656181,-0.0164945890229891));
#6744=CARTESIAN_POINT('',(0.142563358245286,0.0473032379903981,-0.0164975298335236));
#6745=CARTESIAN_POINT('',(0.142475697364262,0.0473775036967967,-0.0165022536517865));
#6746=CARTESIAN_POINT('',(0.142385826821432,0.047441242079558,-0.0165063098260596));
#6747=CARTESIAN_POINT('',(0.142307542799769,0.0474917110964883,-0.0165095222924913));
#6748=CARTESIAN_POINT('',(0.142281233925677,0.0475078438450553,-0.016510549307684));
#6749=CARTESIAN_POINT('',(0.142175162184975,0.0475698924699259,-0.016514499762737));
#6750=CARTESIAN_POINT('',(0.141985377869942,0.0476652887432695,-0.0165205757403965));
#6751=CARTESIAN_POINT('',(0.141794748199716,0.0477346784882155,-0.0165249994828798));
#6752=CARTESIAN_POINT('',(0.141576435314922,0.0478019835350652,-0.0165292907975282));
#6753=CARTESIAN_POINT('',(0.141467063760261,0.0478296462778893,-0.016531054830848));
#6754=CARTESIAN_POINT('',(0.141301417599656,0.0478632255855408,-0.0165331962561614));
#6755=CARTESIAN_POINT('',(0.141190431991371,0.0478829510747791,-0.0165344542360171));
#6756=CARTESIAN_POINT('',(0.14102135329508,0.0479048227291904,-0.0165358490548385));
#6757=CARTESIAN_POINT('',(0.140855145592692,0.0479184108213605,-0.0165367160965245));
#6758=CARTESIAN_POINT('',(0.140749436887509,0.047924000587859,-0.0165370731279247));
#6759=CARTESIAN_POINT('',(0.14067104305886,0.0479274495358798,-0.0165372934744291));
#6760=CARTESIAN_POINT('',(0.140645055160613,0.0479284781466445,-0.0165373592003233));
#6761=CARTESIAN_POINT('',(0.140541399934851,0.0479322542573857,-0.0165376004857328));
#6762=CARTESIAN_POINT('',(0.140361751244683,0.047936966188714,-0.0165379016140039));
#6763=CARTESIAN_POINT('',(0.140182716994103,0.0479384118425417,-0.0165379940271921));
#6764=CARTESIAN_POINT('',(0.140080845150305,0.0479384118406157,-0.01653799402707));
#6765=CARTESIAN_POINT('',(0.143253050580581,0.0446396494746178,-0.0163328408968425));
#6766=CARTESIAN_POINT('',(0.143253103916452,0.0447401862215653,-0.0163392701177956));
#6767=CARTESIAN_POINT('',(0.143252674862597,0.0449428985736721,-0.0163522318587067));
#6768=CARTESIAN_POINT('',(0.143246007115089,0.0452527824435029,-0.016372041283801));
#6769=CARTESIAN_POINT('',(0.143225814730223,0.0455761039507431,-0.0163926968062278));
#6770=CARTESIAN_POINT('',(0.143177079449246,0.0459053808608986,-0.0164137248442598));
#6771=CARTESIAN_POINT('',(0.143095982797073,0.0462331486731956,-0.0164346550894042));
#6772=CARTESIAN_POINT('',(0.143018354873289,0.0464467401538349,-0.0164482906750748));
#6773=CARTESIAN_POINT('',(0.142924531543901,0.0466588678016126,-0.0164618292332686));
#6774=CARTESIAN_POINT('',(0.142869458093232,0.046764280814365,-0.0164685551895561));
#6775=CARTESIAN_POINT('',(0.142786392519697,0.0468923712812464,-0.0164767259677076));
#6776=CARTESIAN_POINT('',(0.142769088242971,0.0469177802392651,-0.0164783466678122));
#6777=CARTESIAN_POINT('',(0.142733076931255,0.046968006945841,-0.0164815501054665));
#6778=CARTESIAN_POINT('',(0.142714391472222,0.0469928098212679,-0.0164831319013368));
#6779=CARTESIAN_POINT('',(0.142675489481873,0.0470417257895646,-0.0164862511874161));
#6780=CARTESIAN_POINT('',(0.142634970115411,0.047090011467825,-0.0164893299345517));
#6781=CARTESIAN_POINT('',(0.142590010026553,0.0471374938375526,-0.0164923563514817));
#6782=CARTESIAN_POINT('',(0.142555565391925,0.0471717127310143,-0.0164945375443407));
#6783=CARTESIAN_POINT('',(0.142543968513467,0.0471828780056713,-0.0164952492774916));
#6784=CARTESIAN_POINT('',(0.142497357244473,0.0472263353926117,-0.0164980197431557));
#6785=CARTESIAN_POINT('',(0.142414384843753,0.0472964391194333,-0.0165024901754518));
#6786=CARTESIAN_POINT('',(0.142328891768783,0.047356908723932,-0.0165063473071171));
#6787=CARTESIAN_POINT('',(0.142254247823026,0.0474048995030166,-0.0165094088483722));
#6788=CARTESIAN_POINT('',(0.142229134283117,0.047420259643504,-0.0165103888077007));
#6789=CARTESIAN_POINT('',(0.142127776129468,0.047479400154163,-0.0165141621290265));
#6790=CARTESIAN_POINT('',(0.141945857657094,0.047570683611856,-0.0165199875169789));
#6791=CARTESIAN_POINT('',(0.141761406399054,0.0476377511902102,-0.0165242697456651));
#6792=CARTESIAN_POINT('',(0.141549838573933,0.0477028795865102,-0.016528428408506));
#6793=CARTESIAN_POINT('',(0.141443677666658,0.0477296921644274,-0.0165301406265459));
#6794=CARTESIAN_POINT('',(0.141282782771245,0.0477622541531664,-0.0165322200454894));
#6795=CARTESIAN_POINT('',(0.141174952832055,0.0477813885726836,-0.016533441997864));
#6796=CARTESIAN_POINT('',(0.141010777906322,0.04780259939598,-0.0165347965360521));
#6797=CARTESIAN_POINT('',(0.140848549966388,0.0478158563124117,-0.0165356433884149));
#6798=CARTESIAN_POINT('',(0.140744316529669,0.0478213683485727,-0.0165359956819515));
#6799=CARTESIAN_POINT('',(0.140666817297295,0.0478247782521076,-0.0165362136487216));
#6800=CARTESIAN_POINT('',(0.140641093269276,0.0478257968595446,-0.0165362787649461));
#6801=CARTESIAN_POINT('',(0.140538419101177,0.0478295363023259,-0.0165365178154843));
#6802=CARTESIAN_POINT('',(0.140360055352583,0.04783420991765,-0.0165368166082107));
#6803=CARTESIAN_POINT('',(0.140182167940301,0.0478356479741306,-0.0165369085585331));
#6804=CARTESIAN_POINT('',(0.140080845150305,0.047835647972236,-0.0165369085584128));
#6805=CARTESIAN_POINT('',(0.14306256961557,0.0446393154123487,-0.0163380641118497));
#6806=CARTESIAN_POINT('',(0.143062596335353,0.0447394288688128,-0.0163444670771454));
#6807=CARTESIAN_POINT('',(0.143062067551793,0.0449404531025466,-0.0163573239802889));
#6808=CARTESIAN_POINT('',(0.14305514211445,0.0452449422475856,-0.0163767981138819));
#6809=CARTESIAN_POINT('',(0.143034927241767,0.0455554245829317,-0.016396655362728));
#6810=CARTESIAN_POINT('',(0.142987774393414,0.0458666830210962,-0.016416562130885));
#6811=CARTESIAN_POINT('',(0.142910274803507,0.0461755353113583,-0.0164363149896955));
#6812=CARTESIAN_POINT('',(0.142837026115288,0.0463744853030255,-0.0164490389151899));
#6813=CARTESIAN_POINT('',(0.142749684282358,0.0465698234350252,-0.0164615317874057));
#6814=CARTESIAN_POINT('',(0.142698900898234,0.0466657683191766,-0.0164676679253084));
#6815=CARTESIAN_POINT('',(0.142623493311327,0.0467809270508652,-0.016475032847583));
#6816=CARTESIAN_POINT('',(0.14260783596839,0.0468036946322826,-0.0164764889356471));
#6817=CARTESIAN_POINT('',(0.142575376056232,0.0468485338516405,-0.0164793565990173));
#6818=CARTESIAN_POINT('',(0.142558587068083,0.046870596753391,-0.0164807676157166));
#6819=CARTESIAN_POINT('',(0.142523802384959,0.0469139026807292,-0.016483537209415));
#6820=CARTESIAN_POINT('',(0.142487756670718,0.0469564236766649,-0.0164862565978403));
#6821=CARTESIAN_POINT('',(0.142448468365937,0.0469975113367849,-0.0164888843005339));
#6822=CARTESIAN_POINT('',(0.14241828300649,0.047027203368222,-0.0164907832146806));
#6823=CARTESIAN_POINT('',(0.142408103801875,0.0470369084911293,-0.0164914038933633));
#6824=CARTESIAN_POINT('',(0.142367048806257,0.0470748337890448,-0.0164938293614772));
#6825=CARTESIAN_POINT('',(0.142293324779338,0.0471367105758422,-0.0164977866392071));
#6826=CARTESIAN_POINT('',(0.142216469302639,0.0471907178882231,-0.0165012406482512));
#6827=CARTESIAN_POINT('',(0.142149008914005,0.0472338089247043,-0.0165039965188373));
#6828=CARTESIAN_POINT('',(0.142126254489814,0.0472476414745656,-0.0165048811753125));
#6829=CARTESIAN_POINT('',(0.142034199621298,0.0473010319209923,-0.016508295748479));
#6830=CARTESIAN_POINT('',(0.141867808964649,0.047384182296535,-0.0165136136307505));
#6831=CARTESIAN_POINT('',(0.141695557429887,0.0474466571774844,-0.0165176092464242));
#6832=CARTESIAN_POINT('',(0.141497309110058,0.0475074805451534,-0.0165214992424708));
#6833=CARTESIAN_POINT('',(0.141397488751179,0.0475326115701169,-0.0165231065149299));
#6834=CARTESIAN_POINT('',(0.141245977336368,0.0475631613409512,-0.016525060347885));
#6835=CARTESIAN_POINT('',(0.141144379819711,0.0475811266261398,-0.0165262093311884));
#6836=CARTESIAN_POINT('',(0.140989890159944,0.0476010303007009,-0.0165274822853834));
#6837=CARTESIAN_POINT('',(0.14083552270274,0.0476136321230667,-0.0165282882481568));
#6838=CARTESIAN_POINT('',(0.140734203113549,0.0476189904037599,-0.0165286309453958));
#6839=CARTESIAN_POINT('',(0.140658470829144,0.0476223230751069,-0.016528844092025));
#6840=CARTESIAN_POINT('',(0.140633267980994,0.0476233218954471,-0.0165289079733431));
#6841=CARTESIAN_POINT('',(0.140532531535734,0.0476269888068783,-0.0165291424971411));
#6842=CARTESIAN_POINT('',(0.140356705723156,0.0476315866301101,-0.0165294365593921));
#6843=CARTESIAN_POINT('',(0.140181083480927,0.0476330096594717,-0.0165295275720433));
#6844=CARTESIAN_POINT('',(0.140080845150305,0.0476330096576394,-0.0165295275719266));
#6845=CARTESIAN_POINT('',(0.1429687077,0.044639310542598,-0.0163381402526103));
#6846=CARTESIAN_POINT('',(0.142968721054544,0.044739215442156,-0.0163445298914406));
#6847=CARTESIAN_POINT('',(0.142968141938207,0.0449394079223162,-0.0163573336443189));
#6848=CARTESIAN_POINT('',(0.142961085343543,0.0452412389268375,-0.0163766379138347));
#6849=CARTESIAN_POINT('',(0.142940849213774,0.0455453941065762,-0.0163960908311187));
#6850=CARTESIAN_POINT('',(0.142894461288819,0.0458477702889837,-0.016415429968693));
#6851=CARTESIAN_POINT('',(0.142818719689423,0.0461472950557092,-0.0164345867376703));
#6852=CARTESIAN_POINT('',(0.142747618780583,0.0463390227756439,-0.016446849108083));
#6853=CARTESIAN_POINT('',(0.142663460407199,0.0465260771329666,-0.0164588125832527));
#6854=CARTESIAN_POINT('',(0.142614785694315,0.0466173496861214,-0.0164646501212763));
#6855=CARTESIAN_POINT('',(0.142543146346343,0.0467261250085589,-0.0164716070876238));
#6856=CARTESIAN_POINT('',(0.142528299552004,0.0467475886621588,-0.0164729798430655));
#6857=CARTESIAN_POINT('',(0.142497587817511,0.0467897681506557,-0.0164756775255495));
#6858=CARTESIAN_POINT('',(0.142481732516584,0.0468104782815933,-0.0164770020877825));
#6859=CARTESIAN_POINT('',(0.142448975276441,0.0468510142476358,-0.0164795946551526));
#6860=CARTESIAN_POINT('',(0.142415132841094,0.0468906887336835,-0.0164821321246642));
#6861=CARTESIAN_POINT('',(0.142378638904342,0.0469286182796999,-0.0164845579926763));
#6862=CARTESIAN_POINT('',(0.142350552303563,0.0469560745097268,-0.0164863140165983));
#6863=CARTESIAN_POINT('',(0.14234107170942,0.0469650584420071,-0.016486888603859));
#6864=CARTESIAN_POINT('',(0.142302754980786,0.0470002512539572,-0.0164891394379905));
#6865=CARTESIAN_POINT('',(0.142233589862933,0.0470580639179241,-0.0164928369747908));
#6866=CARTESIAN_POINT('',(0.14216099360365,0.0471088783728614,-0.0164960869256533));
#6867=CARTESIAN_POINT('',(0.142097075939047,0.0471495484015721,-0.0164986880672979));
#6868=CARTESIAN_POINT('',(0.142075485048085,0.047162626123698,-0.0164995244819432));
#6869=CARTESIAN_POINT('',(0.141988018899532,0.047213175202375,-0.0165027574600799));
#6870=CARTESIAN_POINT('',(0.141829288589333,0.0472923061324834,-0.0165078184537454));
#6871=CARTESIAN_POINT('',(0.141663057094519,0.0473525109452138,-0.0165116689857111));
#6872=CARTESIAN_POINT('',(0.141471381834394,0.0474112063682287,-0.0165154229813189));
#6873=CARTESIAN_POINT('',(0.14137469071777,0.0474355061743237,-0.0165169771291667));
#6874=CARTESIAN_POINT('',(0.141227810544406,0.0474650612484904,-0.0165188673893081));
#6875=CARTESIAN_POINT('',(0.141129289134621,0.0474824485865801,-0.0165199794349748));
#6876=CARTESIAN_POINT('',(0.140979579966239,0.0475017060748663,-0.0165212110902341));
#6877=CARTESIAN_POINT('',(0.140829092414863,0.0475139840446436,-0.0165219963549489));
#6878=CARTESIAN_POINT('',(0.140729211102875,0.0475192663156611,-0.0165223341942757));
#6879=CARTESIAN_POINT('',(0.140654350987128,0.0475225608070724,-0.016522544900761));
#6880=CARTESIAN_POINT('',(0.14062940539463,0.0475235498456341,-0.0165226081569099));
#6881=CARTESIAN_POINT('',(0.140529625413823,0.0475271809009686,-0.0165228403890854));
#6882=CARTESIAN_POINT('',(0.140355052332788,0.047531741255724,-0.0165231320566609));
#6883=CARTESIAN_POINT('',(0.140180548187685,0.0475331568568357,-0.0165232225945609));
#6884=CARTESIAN_POINT('',(0.140080845150305,0.0475331568550342,-0.0165232225944459));
#6885=CARTESIAN_POINT('',(0.1428749577,0.044639310542598,-0.0163381402526103));
#6886=CARTESIAN_POINT('',(0.142874957704531,0.0447390071347006,-0.016344516568678));
#6887=CARTESIAN_POINT('',(0.142874328294205,0.0449383688559534,-0.0163572671885307));
#6888=CARTESIAN_POINT('',(0.142867140594923,0.0452375448958069,-0.0163764016539094));
#6889=CARTESIAN_POINT('',(0.142846882962346,0.0455353804567027,-0.0163954503859918));
#6890=CARTESIAN_POINT('',(0.14280125858911,0.0458288848769569,-0.016414222110394));
#6891=CARTESIAN_POINT('',(0.142727272443813,0.0461190930470504,-0.0164327830158262));
#6892=CARTESIAN_POINT('',(0.142658316444523,0.0463036068855853,-0.0164445840064975));
#6893=CARTESIAN_POINT('',(0.142577337415555,0.0464823870318497,-0.0164560182861973));
#6894=CARTESIAN_POINT('',(0.142530768694477,0.0465689926217341,-0.016461557338262));
#6895=CARTESIAN_POINT('',(0.142462892922462,0.0466713918091314,-0.0164681065047896));
#6896=CARTESIAN_POINT('',(0.142448855678199,0.0466915530182106,-0.016469395959511));
#6897=CARTESIAN_POINT('',(0.142419889978086,0.0467310757960617,-0.0164719237261893));
#6898=CARTESIAN_POINT('',(0.142404967224276,0.046750434689759,-0.0164731618670558));
#6899=CARTESIAN_POINT('',(0.142374234963002,0.046788203828712,-0.0164755774758794));
#6900=CARTESIAN_POINT('',(0.142342593139916,0.0468250350195216,-0.0164779330961549));
#6901=CARTESIAN_POINT('',(0.142308890219321,0.0468598100010551,-0.016480157207018));
#6902=CARTESIAN_POINT('',(0.142282899868814,0.0468850329373796,-0.0164817703957014));
#6903=CARTESIAN_POINT('',(0.14227411705171,0.0468932964869834,-0.0164822989092945));
#6904=CARTESIAN_POINT('',(0.142238535329663,0.0469257598704004,-0.016484375176787));
#6905=CARTESIAN_POINT('',(0.142173923725299,0.0469795129390477,-0.0164878130731892));
#6906=CARTESIAN_POINT('',(0.142105581688746,0.0470271380801298,-0.0164908590444296));
#6907=CARTESIAN_POINT('',(0.142045202609587,0.0470653897827099,-0.0164933055166774));
#6908=CARTESIAN_POINT('',(0.142024773895332,0.0470777135121881,-0.0164940937080551));
#6909=CARTESIAN_POINT('',(0.141941891125323,0.0471254243634385,-0.0164971451610789));
#6910=CARTESIAN_POINT('',(0.141790812290288,0.0472005402727501,-0.0165019493652084));
#6911=CARTESIAN_POINT('',(0.141630593914002,0.0472584775072123,-0.0165056548691903));
#6912=CARTESIAN_POINT('',(0.141445484170743,0.0473150473178805,-0.0165092729165589));
#6913=CARTESIAN_POINT('',(0.141351918712943,0.0473385168150792,-0.0165107739601646));
#6914=CARTESIAN_POINT('',(0.141209664484709,0.0473670782806692,-0.0165126006718717));
#6915=CARTESIAN_POINT('',(0.14111421566642,0.0473838883035307,-0.0165136757940661));
#6916=CARTESIAN_POINT('',(0.140969281532005,0.0474025003116748,-0.0165148661662151));
#6917=CARTESIAN_POINT('',(0.140822669460228,0.047414454782307,-0.0165156307408265));
#6918=CARTESIAN_POINT('',(0.140724224785053,0.0474196611267112,-0.0165159637240988));
#6919=CARTESIAN_POINT('',(0.140650235843291,0.0474229174799254,-0.0165161719913714));
#6920=CARTESIAN_POINT('',(0.140625547213068,0.047423896747405,-0.0165162346225891));
#6921=CARTESIAN_POINT('',(0.14052672260594,0.0474274919858392,-0.0165164645640155));
#6922=CARTESIAN_POINT('',(0.140353400827812,0.0474320149130354,-0.0165167538378286));
#6923=CARTESIAN_POINT('',(0.140180013504855,0.047433423094064,-0.0165168439011611));
#6924=CARTESIAN_POINT('',(0.140080845150305,0.0474334230922934,-0.0165168439010479));
#6925=CARTESIAN_POINT('',(0.140080845150305,0.0506249034999999,-0.0135229609284745));
#6926=CARTESIAN_POINT('',(0.140080845150305,0.0506249035,-0.0139227110736384));
#6927=CARTESIAN_POINT('',(0.140080845150305,0.0505833477655247,-0.0147778504712201));
#6928=CARTESIAN_POINT('',(0.140080845150305,0.0499226115873666,-0.0159723186390589));
#6929=CARTESIAN_POINT('',(0.140080845150305,0.0486884062734488,-0.0165554684861856));
#6930=CARTESIAN_POINT('',(0.140080845150305,0.0478323581432567,-0.0165423586746401));
#6931=CARTESIAN_POINT('',(0.140080845150305,0.0474334230922935,-0.0165168439010478));
#6932=CARTESIAN_POINT('',(-0.140080845150305,-0.0506249035,-0.00743104883791645));
#6933=CARTESIAN_POINT('',(0.140080845150305,-0.0506249035,-0.00743104883791645));
#6934=CARTESIAN_POINT('',(-0.140080845150305,-0.0506249035,-0.00785318752139536));
#6935=CARTESIAN_POINT('',(0.140080845150305,-0.0506249035,-0.00785318752139536));
#6936=CARTESIAN_POINT('',(-0.140080845150305,-0.0506249035,-0.00827532620487428));
#6937=CARTESIAN_POINT('',(0.140080845150305,-0.0506249035,-0.00827532620487428));
#6938=CARTESIAN_POINT('',(-0.140080845150305,-0.0503440515407707,-0.0093251832727608));
#6939=CARTESIAN_POINT('',(0.140080845150305,-0.0503440515407707,-0.0093251832727608));
#6940=CARTESIAN_POINT('',(-0.140080845150305,-0.0496887303025689,-0.0100237559663612));
#6941=CARTESIAN_POINT('',(0.140080845150305,-0.0496887303025689,-0.0100237559663612));
#6942=CARTESIAN_POINT('',(-0.140080845150305,-0.0486589397853946,-0.0103710442856756));
#6943=CARTESIAN_POINT('',(0.140080845150305,-0.0486589397853946,-0.0103710442856756));
#6944=CARTESIAN_POINT('',(-0.140080845150305,-0.0482376618465506,-0.0103979880480827));
#6945=CARTESIAN_POINT('',(0.140080845150305,-0.0482376618465506,-0.0103979880480827));
#6946=CARTESIAN_POINT('',(-0.140080845150305,-0.0478163839077066,-0.0104249318104898));
#6947=CARTESIAN_POINT('',(0.140080845150305,-0.0478163839077066,-0.0104249318104898));
#6948=CARTESIAN_POINT('',(-0.140080845150305,-0.0506249035,-0.00743104883791645));
#6949=CARTESIAN_POINT('',(-0.140080845150305,-0.0506249035,-0.00778283107414888));
#6950=CARTESIAN_POINT('',(-0.140080845150305,-0.0505883342344754,-0.0085400359909955));
#6951=CARTESIAN_POINT('',(-0.140080845150305,-0.0500068829126334,-0.00966555028974516));
#6952=CARTESIAN_POINT('',(-0.140080845150305,-0.0489207757265511,-0.0103176540059609));
#6953=CARTESIAN_POINT('',(-0.140080845150305,-0.0481674488567433,-0.0104024786751505));
#6954=CARTESIAN_POINT('',(-0.140080845150305,-0.0478163839077066,-0.0104249318104898));
#6955=CARTESIAN_POINT('',(0.140080845150305,0.0506249034999999,-0.0134933952155416));
#6956=CARTESIAN_POINT('',(-0.141761817857102,0.0506249034999999,-0.0134933952155415));
#6957=CARTESIAN_POINT('',(0.140080845150305,0.0506249034999999,-0.0134993083581282));
#6958=CARTESIAN_POINT('',(-0.141761817857102,0.0506249034999999,-0.0134993083581281));
#6959=CARTESIAN_POINT('',(0.140080845150305,0.0506249034999999,-0.0135052215007147));
#6960=CARTESIAN_POINT('',(-0.141761817857102,0.0506249034999999,-0.0135052215007147));
#6961=CARTESIAN_POINT('',(0.140080845150305,0.0506249034999999,-0.0135111346433013));
#6962=CARTESIAN_POINT('',(-0.141761817857102,0.0506249034999999,-0.0135111346433013));
#6963=CARTESIAN_POINT('',(0.140080845150305,0.0506249034999999,-0.0135170477858879));
#6964=CARTESIAN_POINT('',(-0.141761817857102,0.0506249034999999,-0.0135170477858879));
#6965=CARTESIAN_POINT('',(0.140080845150305,0.0506249034999999,-0.0135229609284745));
#6966=CARTESIAN_POINT('',(-0.141761817857102,0.0506249034999999,-0.0135229609284745));
#6967=CARTESIAN_POINT('',(0.140080845150305,0.0506249034999999,-0.0140026611026712));
#6968=CARTESIAN_POINT('',(-0.141761817857102,0.0506249034999999,-0.0140026611026712));
#6969=CARTESIAN_POINT('',(0.140080845150305,0.0506249034999999,-0.0144823612768679));
#6970=CARTESIAN_POINT('',(-0.141761817857102,0.0506249034999999,-0.0144823612768679));
#6971=CARTESIAN_POINT('',(0.140080845150305,0.0503057554592294,-0.0156345498838083));
#6972=CARTESIAN_POINT('',(-0.141761817857102,0.0503057554592294,-0.0156345498838083));
#6973=CARTESIAN_POINT('',(0.140080845150305,0.049561076697431,-0.0163331225774087));
#6974=CARTESIAN_POINT('',(-0.141761817857102,0.049561076697431,-0.0163331225774087));
#6975=CARTESIAN_POINT('',(0.140080845150305,0.0483908672146054,-0.0165780793576693));
#6976=CARTESIAN_POINT('',(-0.141761817857102,0.0483908672146054,-0.0165780793576692));
#6977=CARTESIAN_POINT('',(0.140080845150305,0.0479121451534493,-0.0165474616293586));
#6978=CARTESIAN_POINT('',(-0.141761817857102,0.0479121451534493,-0.0165474616293585));
#6979=CARTESIAN_POINT('',(0.140080845150305,0.0474334230922934,-0.0165168439010478));
#6980=CARTESIAN_POINT('',(-0.141761817857102,0.0474334230922934,-0.0165168439010478));
#6981=CARTESIAN_POINT('',(-0.139845519304157,0.0474334362352661,-0.0165168447416357));
#6982=CARTESIAN_POINT('',(-0.139865130003811,0.0478323701909977,-0.0165423594451559));
#6983=CARTESIAN_POINT('',(-0.139904351403118,0.0486884178485143,-0.0165554655910532));
#6984=CARTESIAN_POINT('',(-0.139963183502079,0.0499226162535684,-0.0159723131413934));
#6985=CARTESIAN_POINT('',(-0.140022015601039,0.05058334819254,-0.0147778465887404));
#6986=CARTESIAN_POINT('',(-0.140061237000346,0.0506249035,-0.0139227099761529));
#6987=CARTESIAN_POINT('',(-0.1400808477,0.0506249034999999,-0.0135229609284745));
#6988=CARTESIAN_POINT('',(-0.1458749577,-0.0448307909503046,-0.00760975248635403));
#6989=CARTESIAN_POINT('',(-0.1458749577,-0.0449432002251905,-0.00760353812930898));
#6990=CARTESIAN_POINT('',(-0.145874097333442,-0.045057925471293,-0.00759732117672985));
#6991=CARTESIAN_POINT('',(-0.145869921562207,-0.0452940867823633,-0.00758489661412207));
#6992=CARTESIAN_POINT('',(-0.14586662657089,-0.0454154808289691,-0.00757868909107296));
#6993=CARTESIAN_POINT('',(-0.145857824946443,-0.0456121471444132,-0.00756939053479499));
#6994=CARTESIAN_POINT('',(-0.14585425978872,-0.045679954729722,-0.00756629304952741));
#6995=CARTESIAN_POINT('',(-0.145847376335526,-0.045787662112335,-0.00756164981838031));
#6996=CARTESIAN_POINT('',(-0.145844779119145,-0.045824850886957,-0.00756010254808172));
#6997=CARTESIAN_POINT('',(-0.145838506856662,-0.0459045331982467,-0.00755700873706941));
#6998=CARTESIAN_POINT('',(-0.145834898873928,-0.0459465803766657,-0.0075554619967935));
#6999=CARTESIAN_POINT('',(-0.145828555233144,-0.0460133474430665,-0.00755314056216187));
#7000=CARTESIAN_POINT('',(-0.14582384792531,-0.0460602068158789,-0.00755159299657363));
#7001=CARTESIAN_POINT('',(-0.145816768292377,-0.0461208184322874,-0.00755004901320696));
#7002=CARTESIAN_POINT('',(-0.145811534089192,-0.0461633639708504,-0.00754889172364734));
#7003=CARTESIAN_POINT('',(-0.145809810546998,-0.0461769847070858,-0.0075485060735188));
#7004=CARTESIAN_POINT('',(-0.145803202387553,-0.0462275912577845,-0.00754696375588786));
#7005=CARTESIAN_POINT('',(-0.145792778235631,-0.0462989760535195,-0.00754426632249151));
#7006=CARTESIAN_POINT('',(-0.145772321329086,-0.0464285177749524,-0.00754003122035848));
#7007=CARTESIAN_POINT('',(-0.145755301423048,-0.0465212648270684,-0.00753695396520048));
#7008=CARTESIAN_POINT('',(-0.145727803333794,-0.0466616170838651,-0.00753234269885728));
#7009=CARTESIAN_POINT('',(-0.145706731522619,-0.0467578480706009,-0.00752927259668846));
#7010=CARTESIAN_POINT('',(-0.145659026908364,-0.0469517358255203,-0.00752318716419657));
#7011=CARTESIAN_POINT('',(-0.145605807480102,-0.0471466411309376,-0.0075171573354698));
#7012=CARTESIAN_POINT('',(-0.145505936081787,-0.0474464248055573,-0.00750826405976812));
#7013=CARTESIAN_POINT('',(-0.14542845414655,-0.0476426649929819,-0.00750244066017486));
#7014=CARTESIAN_POINT('',(-0.145361916731102,-0.0477958879340931,-0.00749811257253047));
#7015=CARTESIAN_POINT('',(-0.14533832943184,-0.0478480206262085,-0.00749667621259326));
#7016=CARTESIAN_POINT('',(-0.14528764233121,-0.0479552771604999,-0.0074938178383853));
#7017=CARTESIAN_POINT('',(-0.145260550196728,-0.0480102985127004,-0.00749239630624287));
#7018=CARTESIAN_POINT('',(-0.145173098773261,-0.0481793160646881,-0.00748816441729212));
#7019=CARTESIAN_POINT('',(-0.14510653912827,-0.0482974249124323,-0.00748538615252475));
#7020=CARTESIAN_POINT('',(-0.144952123704666,-0.0485421854472816,-0.00747997188059539));
#7021=CARTESIAN_POINT('',(-0.144776513491364,-0.0487948522112091,-0.00747470232801379));
#7022=CARTESIAN_POINT('',(-0.1445499696547,-0.0490523290901787,-0.00746985936862973));
#7023=CARTESIAN_POINT('',(-0.144307382566769,-0.0492953572941384,-0.00746531619601849));
#7024=CARTESIAN_POINT('',(-0.14417791001598,-0.0494095921950948,-0.00746319594536386));
#7025=CARTESIAN_POINT('',(-0.143987735426808,-0.0495592021229669,-0.00746024326814519));
#7026=CARTESIAN_POINT('',(-0.143862690566004,-0.049651831759157,-0.00745834711059233));
#7027=CARTESIAN_POINT('',(-0.14374970397536,-0.049727730160258,-0.00745656692736232));
#7028=CARTESIAN_POINT('',(-0.143636245772633,-0.0498003172449384,-0.00745484138297389));
#7029=CARTESIAN_POINT('',(-0.143578589208952,-0.0498354418699715,-0.0074540053052399));
#7030=CARTESIAN_POINT('',(-0.14346183697255,-0.049903540177514,-0.00745238943997816));
#7031=CARTESIAN_POINT('',(-0.143285587438799,-0.0500017311136869,-0.0074500510148358));
#7032=CARTESIAN_POINT('',(-0.143118739124112,-0.0500812273196153,-0.00744799160685921));
#7033=CARTESIAN_POINT('',(-0.142901392843254,-0.0501758165664473,-0.00744545590838113));
#7034=CARTESIAN_POINT('',(-0.142794758819479,-0.0502177339415695,-0.00744429219299643));
#7035=CARTESIAN_POINT('',(-0.142587530031872,-0.0502927700497234,-0.00744214474907816));
#7036=CARTESIAN_POINT('',(-0.142487745431475,-0.0503256145314589,-0.00744116119736463));
#7037=CARTESIAN_POINT('',(-0.14229576536903,-0.050383552771453,-0.00743935160473488));
#7038=CARTESIAN_POINT('',(-0.142109173696609,-0.0504341860953371,-0.00743770072673776));
#7039=CARTESIAN_POINT('',(-0.141812228787743,-0.0504996977069522,-0.00743565012208756));
#7040=CARTESIAN_POINT('',(-0.141580414885309,-0.0505386219513318,-0.00743433217950832));
#7041=CARTESIAN_POINT('',(-0.141448178011909,-0.050556960941051,-0.00743368861512953));
#7042=CARTESIAN_POINT('',(-0.141360388518884,-0.0505681923114733,-0.00743329179715011));
#7043=CARTESIAN_POINT('',(-0.141316472048317,-0.0505733174857393,-0.00743310973660921));
#7044=CARTESIAN_POINT('',(-0.141250780322523,-0.050580323737641,-0.00743285956475844));
#7045=CARTESIAN_POINT('',(-0.141229016544939,-0.0505825421698169,-0.00743277987597882));
#7046=CARTESIAN_POINT('',(-0.141186306684515,-0.0505867371056976,-0.00743262704486145));
#7047=CARTESIAN_POINT('',(-0.14116557995923,-0.0505887022346363,-0.0074325537560449));
#7048=CARTESIAN_POINT('',(-0.141124398181673,-0.0505924394796512,-0.00743241360001493));
#7049=CARTESIAN_POINT('',(-0.141082610646906,-0.0505960292108682,-0.00743228045150327));
#7050=CARTESIAN_POINT('',(-0.141028867821805,-0.0505999222354162,-0.00743216751341785));
#7051=CARTESIAN_POINT('',(-0.140978868683852,-0.0506033184245967,-0.00743206315127908));
#7052=CARTESIAN_POINT('',(-0.14095678101597,-0.0506046909219337,-0.00743201529682815));
#7053=CARTESIAN_POINT('',(-0.140917750239493,-0.0506069080357643,-0.00743192632544541));
#7054=CARTESIAN_POINT('',(-0.140865360827422,-0.0506095576545998,-0.00743180291668228));
#7055=CARTESIAN_POINT('',(-0.140812004174248,-0.0506119496074107,-0.00743170042346116));
#7056=CARTESIAN_POINT('',(-0.140709060157449,-0.0506161158049607,-0.00743151723413973));
#7057=CARTESIAN_POINT('',(-0.140647884855318,-0.050617898197539,-0.00743142342109404));
#7058=CARTESIAN_POINT('',(-0.140528570204411,-0.0506207540735464,-0.00743127193445388));
#7059=CARTESIAN_POINT('',(-0.140469945191035,-0.0506218618493139,-0.00743121441079125));
#7060=CARTESIAN_POINT('',(-0.140297761239721,-0.0506243618341861,-0.00743108321799912));
#7061=CARTESIAN_POINT('',(-0.14018863064056,-0.0506249035,-0.0074310488378131));
#7062=CARTESIAN_POINT('',(-0.140080845150305,-0.0506249035,-0.00743104883791646));
#7063=CARTESIAN_POINT('',(-0.1458749577,-0.0448367765728101,-0.00770334040751063));
#7064=CARTESIAN_POINT('',(-0.145874927283599,-0.0449491840595976,-0.00769709809266655));
#7065=CARTESIAN_POINT('',(-0.145874031996665,-0.0450639067562262,-0.00769084940914873));
#7066=CARTESIAN_POINT('',(-0.145869772814917,-0.045300060426847,-0.00767834906443337));
#7067=CARTESIAN_POINT('',(-0.145866429411123,-0.0454214494229598,-0.00767209770182269));
#7068=CARTESIAN_POINT('',(-0.145857526333881,-0.0456181007607765,-0.00766271053550367));
#7069=CARTESIAN_POINT('',(-0.145853922894125,-0.0456859022152804,-0.00765957968804905));
#7070=CARTESIAN_POINT('',(-0.145846970288184,-0.0457935969953678,-0.00765487615954346));
#7071=CARTESIAN_POINT('',(-0.145844347518037,-0.0458307808189425,-0.00765330677179707));
#7072=CARTESIAN_POINT('',(-0.145838013920274,-0.045910449984686,-0.00765016146207378));
#7073=CARTESIAN_POINT('',(-0.145834371015774,-0.0459524892464504,-0.00764858574507761));
#7074=CARTESIAN_POINT('',(-0.145827967991943,-0.0460192417770501,-0.00764621334955322));
#7075=CARTESIAN_POINT('',(-0.145823216612567,-0.0460660898777786,-0.00764462830007511));
#7076=CARTESIAN_POINT('',(-0.145816066540987,-0.0461266812871237,-0.00764303083711603));
#7077=CARTESIAN_POINT('',(-0.145810785289731,-0.0461692123798624,-0.00764183107386162));
#7078=CARTESIAN_POINT('',(-0.145809047175425,-0.0461828284539425,-0.00764143087118552));
#7079=CARTESIAN_POINT('',(-0.145802388333403,-0.0462334178336273,-0.00763982998531886));
#7080=CARTESIAN_POINT('',(-0.145791909239904,-0.04630477887283,-0.00763702820503846));
#7081=CARTESIAN_POINT('',(-0.145771332668434,-0.0464342757387998,-0.00763269432339238));
#7082=CARTESIAN_POINT('',(-0.145754230019736,-0.0465269853854333,-0.00762952758313253));
#7083=CARTESIAN_POINT('',(-0.145726606545705,-0.0466672773017345,-0.00762477947777213));
#7084=CARTESIAN_POINT('',(-0.145705447493964,-0.0467634622115555,-0.00762161865584282));
#7085=CARTESIAN_POINT('',(-0.145657568475436,-0.0469572459842255,-0.00761534564175603));
#7086=CARTESIAN_POINT('',(-0.145604175502294,-0.0471520355617298,-0.00760912049413235));
#7087=CARTESIAN_POINT('',(-0.145504044470825,-0.047451602408334,-0.00759991841520099));
#7088=CARTESIAN_POINT('',(-0.145426405372908,-0.0476476807751526,-0.0075938945993478));
#7089=CARTESIAN_POINT('',(-0.14535974789843,-0.0478007621128408,-0.00758940443418163));
#7090=CARTESIAN_POINT('',(-0.14533612010626,-0.0478528441894762,-0.00758791200398388));
#7091=CARTESIAN_POINT('',(-0.14528535047456,-0.0479599906598316,-0.0075849356834672));
#7092=CARTESIAN_POINT('',(-0.145258216519368,-0.0480149526462642,-0.00758345244234093));
#7093=CARTESIAN_POINT('',(-0.14517064033185,-0.0481837773334257,-0.00757902714949342));
#7094=CARTESIAN_POINT('',(-0.145103998055635,-0.0483017374834739,-0.00757610860284889));
#7095=CARTESIAN_POINT('',(-0.144949433766868,-0.0485461539791211,-0.00757039287496997));
#7096=CARTESIAN_POINT('',(-0.144773692629556,-0.0487984317844956,-0.00756480221431955));
#7097=CARTESIAN_POINT('',(-0.144547099805198,-0.0490554343077636,-0.00755961484278105));
#7098=CARTESIAN_POINT('',(-0.144304522274719,-0.0492979880417431,-0.00755474753558482));
#7099=CARTESIAN_POINT('',(-0.144175084257272,-0.0494119856590816,-0.00755247508315515));
#7100=CARTESIAN_POINT('',(-0.143984990623153,-0.0495612818286724,-0.00754932418883642));
#7101=CARTESIAN_POINT('',(-0.143860008245624,-0.0496537163271113,-0.00754730659823928));
#7102=CARTESIAN_POINT('',(-0.143747086364911,-0.0497294615691328,-0.00754543696645127));
#7103=CARTESIAN_POINT('',(-0.143633698107149,-0.0498019015020948,-0.00754362664218239));
#7104=CARTESIAN_POINT('',(-0.14357607967901,-0.0498369540691217,-0.00754274943406182));
#7105=CARTESIAN_POINT('',(-0.143459408706104,-0.0499049111726606,-0.00754105325141996));
#7106=CARTESIAN_POINT('',(-0.143283287737908,-0.0500028968995835,-0.00753859887747461));
#7107=CARTESIAN_POINT('',(-0.143116573405789,-0.0500822305316805,-0.00753645143964819));
#7108=CARTESIAN_POINT('',(-0.142899407310215,-0.0501766285769544,-0.00753381370276216));
#7109=CARTESIAN_POINT('',(-0.142792864560428,-0.0502184622619302,-0.00753260598504449));
#7110=CARTESIAN_POINT('',(-0.142585813306062,-0.0502933511878828,-0.00753038159299587));
#7111=CARTESIAN_POINT('',(-0.142486113816406,-0.050326133049503,-0.00752936563418316));
#7112=CARTESIAN_POINT('',(-0.142294294452917,-0.0503839643624837,-0.00752750116663408));
#7113=CARTESIAN_POINT('',(-0.142107857730131,-0.0504345073270973,-0.00752580449918691));
#7114=CARTESIAN_POINT('',(-0.141811177963596,-0.0504998960346643,-0.00752369307566448));
#7115=CARTESIAN_POINT('',(-0.141579562891051,-0.0505387523495818,-0.00752234130684548));
#7116=CARTESIAN_POINT('',(-0.14144743424126,-0.0505570605561777,-0.00752168282095872));
#7117=CARTESIAN_POINT('',(-0.141359716525618,-0.0505682732108001,-0.00752127687361949));
#7118=CARTESIAN_POINT('',(-0.141315836144666,-0.0505733898909878,-0.00752109060980844));
#7119=CARTESIAN_POINT('',(-0.141250198391092,-0.0505803845962176,-0.00752083464386351));
#7120=CARTESIAN_POINT('',(-0.14122845238383,-0.0505825993982369,-0.00752075313272752));
#7121=CARTESIAN_POINT('',(-0.141185776579018,-0.0505867875926895,-0.00752059698906273));
#7122=CARTESIAN_POINT('',(-0.141165065733501,-0.0505887496615462,-0.00752052224670634));
#7123=CARTESIAN_POINT('',(-0.141123915213882,-0.0505924811307527,-0.00752037944665454));
#7124=CARTESIAN_POINT('',(-0.14108216005755,-0.0505960652257588,-0.00752024377057404));
#7125=CARTESIAN_POINT('',(-0.141028471661809,-0.0505999502918961,-0.00752012678695737));
#7126=CARTESIAN_POINT('',(-0.140978520134483,-0.0506033398784787,-0.00752001906792217));
#7127=CARTESIAN_POINT('',(-0.140956450955842,-0.0506047100389563,-0.00751997004091279));
#7128=CARTESIAN_POINT('',(-0.140917447748572,-0.0506069240595286,-0.00751987956808525));
#7129=CARTESIAN_POINT('',(-0.140865088436462,-0.0506095709793678,-0.00751975493030458));
#7130=CARTESIAN_POINT('',(-0.14081176365524,-0.0506119599750755,-0.00751965097626718));
#7131=CARTESIAN_POINT('',(-0.140708876460122,-0.0506161212953636,-0.0075194653731742));
#7132=CARTESIAN_POINT('',(-0.140647725352805,-0.050617902504109,-0.00751937101920453));
#7133=CARTESIAN_POINT('',(-0.14052845350634,-0.0506207565522879,-0.00751921868642482));
#7134=CARTESIAN_POINT('',(-0.140469847993927,-0.0506218635470437,-0.00751916077932479));
#7135=CARTESIAN_POINT('',(-0.140297715728344,-0.0506243618501941,-0.00751902875831208));
#7136=CARTESIAN_POINT('',(-0.140188609129847,-0.0506249035004626,-0.00751899439687027));
#7137=CARTESIAN_POINT('',(-0.140080845150305,-0.0506249035,-0.00751899439697457));
#7138=CARTESIAN_POINT('',(-0.145874879020481,-0.0448427690204781,-0.00779703504317783));
#7139=CARTESIAN_POINT('',(-0.14587481798239,-0.0449551742925926,-0.00779076435225476));
#7140=CARTESIAN_POINT('',(-0.145873887514011,-0.0450698939396953,-0.00778448339474267));
#7141=CARTESIAN_POINT('',(-0.145869544307231,-0.0453060387714632,-0.00777190596926362));
#7142=CARTESIAN_POINT('',(-0.145866152126899,-0.0454274220168256,-0.00776560998901185));
#7143=CARTESIAN_POINT('',(-0.145857146591974,-0.0456240567952431,-0.00775613198297767));
#7144=CARTESIAN_POINT('',(-0.145853504486964,-0.0456918515167224,-0.0077529669153991));
#7145=CARTESIAN_POINT('',(-0.145846482042202,-0.0457995325914756,-0.0077482015259243));
#7146=CARTESIAN_POINT('',(-0.145843833452379,-0.0458367110491291,-0.00774660941055711));
#7147=CARTESIAN_POINT('',(-0.145837437757166,-0.045916366018336,-0.00774341084358349));
#7148=CARTESIAN_POINT('',(-0.145833759470339,-0.0459583967511779,-0.00774180508245252));
#7149=CARTESIAN_POINT('',(-0.145827296413332,-0.0460251337274083,-0.00773938017634836));
#7150=CARTESIAN_POINT('',(-0.145822500453335,-0.0460719697839965,-0.007737756424621));
#7151=CARTESIAN_POINT('',(-0.145815278622153,-0.0461325395612194,-0.00773610238542116));
#7152=CARTESIAN_POINT('',(-0.145809949970343,-0.0461750553937272,-0.00773485920355199));
#7153=CARTESIAN_POINT('',(-0.145808197284405,-0.0461886665819731,-0.00773444438834319));
#7154=CARTESIAN_POINT('',(-0.145801488385439,-0.0462392381780186,-0.00773278605271471));
#7155=CARTESIAN_POINT('',(-0.145790958232496,-0.0463105756430856,-0.00772988794801626));
#7156=CARTESIAN_POINT('',(-0.145770260286907,-0.0464400253348342,-0.00772545101892768));
#7157=CARTESIAN_POINT('',(-0.145753075330436,-0.0465326963675532,-0.00772219521284011));
#7158=CARTESIAN_POINT('',(-0.145725327177236,-0.0466729260982985,-0.00771731094321318));
#7159=CARTESIAN_POINT('',(-0.14570408095767,-0.0467690635040163,-0.00771405890386597));
#7160=CARTESIAN_POINT('',(-0.145656027956654,-0.0469627404240488,-0.00770759770724018));
#7161=CARTESIAN_POINT('',(-0.145602462324198,-0.0471574114488123,-0.00770117743759038));
#7162=CARTESIAN_POINT('',(-0.145502073242381,-0.0474567569676476,-0.00769166667729919));
#7163=CARTESIAN_POINT('',(-0.145424278169444,-0.0476526705524596,-0.00768544245741083));
#7164=CARTESIAN_POINT('',(-0.145357501681909,-0.04780560786531,-0.0076807901765572));
#7165=CARTESIAN_POINT('',(-0.145333833770911,-0.0478576384841639,-0.00767924165397552));
#7166=CARTESIAN_POINT('',(-0.145282982427887,-0.0479646731122417,-0.00767614733111224));
#7167=CARTESIAN_POINT('',(-0.145255807098556,-0.0480195748004048,-0.00767460235011247));
#7168=CARTESIAN_POINT('',(-0.145168107641447,-0.0481882037132004,-0.00766998360797772));
#7169=CARTESIAN_POINT('',(-0.145101383942115,-0.0483060130721349,-0.00766692481865625));
#7170=CARTESIAN_POINT('',(-0.144946673827839,-0.0485500811604864,-0.00766090810527481));
#7171=CARTESIAN_POINT('',(-0.144770805407709,-0.0488019654753374,-0.00765499717335895));
#7172=CARTESIAN_POINT('',(-0.144544168620609,-0.0490584892093716,-0.00764946720853132));
#7173=CARTESIAN_POINT('',(-0.144301605906062,-0.0493005643152718,-0.00764427746480275));
#7174=CARTESIAN_POINT('',(-0.144172205184744,-0.0494143227315359,-0.00764185365660515));
#7175=CARTESIAN_POINT('',(-0.143982196551606,-0.0495633030444581,-0.00763850643315361));
#7176=CARTESIAN_POINT('',(-0.143857279279922,-0.0496555412057955,-0.00763636873100799));
#7177=CARTESIAN_POINT('',(-0.143744424147062,-0.0497311321894754,-0.00763441015794515));
#7178=CARTESIAN_POINT('',(-0.143631107851419,-0.0498034239335319,-0.00763251553878373));
#7179=CARTESIAN_POINT('',(-0.1435735285841,-0.0498384039561949,-0.00763159746809516));
#7180=CARTESIAN_POINT('',(-0.143456940959342,-0.0499062189475324,-0.00762982157444804));
#7181=CARTESIAN_POINT('',(-0.14328095169419,-0.0500039981978871,-0.00762725221266025));
#7182=CARTESIAN_POINT('',(-0.143114374090135,-0.0500831682550993,-0.00762501737609934));
#7183=CARTESIAN_POINT('',(-0.142897391638713,-0.0501773739363671,-0.00762227832185757));
#7184=CARTESIAN_POINT('',(-0.14279094180921,-0.0502191234328363,-0.00762102691638599));
#7185=CARTESIAN_POINT('',(-0.142584071183479,-0.0502938643140172,-0.0076187261435279));
#7186=CARTESIAN_POINT('',(-0.142484458230499,-0.0503265831954761,-0.00761767802173638));
#7187=CARTESIAN_POINT('',(-0.142292802181272,-0.0503843069660732,-0.00761575907894311));
#7188=CARTESIAN_POINT('',(-0.14210652284403,-0.0504347590506757,-0.00761401693910064));
#7189=CARTESIAN_POINT('',(-0.141810112213765,-0.0505000240923147,-0.00761184498514863));
#7190=CARTESIAN_POINT('',(-0.141578698871298,-0.0505388121042637,-0.00761045964359552));
#7191=CARTESIAN_POINT('',(-0.141446680000709,-0.0505570893318529,-0.00760978628998679));
#7192=CARTESIAN_POINT('',(-0.141359035089876,-0.0505682831569283,-0.00760937125749215));
#7193=CARTESIAN_POINT('',(-0.141315191313004,-0.0505733912965487,-0.00760918082167091));
#7194=CARTESIAN_POINT('',(-0.141249608298767,-0.0505803743985697,-0.00760891911873768));
#7195=CARTESIAN_POINT('',(-0.141227880313983,-0.0505825855528044,-0.00760883580349115));
#7196=CARTESIAN_POINT('',(-0.141185239047137,-0.0505867669677037,-0.00760867636914423));
#7197=CARTESIAN_POINT('',(-0.141164544305832,-0.050588725955381,-0.00760860017472754));
#7198=CARTESIAN_POINT('',(-0.14112342548495,-0.0505924516014093,-0.00760845471663892));
#7199=CARTESIAN_POINT('',(-0.141081703162768,-0.0505960300100603,-0.00760831649056024));
#7200=CARTESIAN_POINT('',(-0.141028069962683,-0.050599907083882,-0.0076081955116159));
#7201=CARTESIAN_POINT('',(-0.140978166715693,-0.0506032900398486,-0.00760808447755319));
#7202=CARTESIAN_POINT('',(-0.140956116285917,-0.0506046578523995,-0.00760803429022889));
#7203=CARTESIAN_POINT('',(-0.140917141034127,-0.0506068687612439,-0.00760794232364648));
#7204=CARTESIAN_POINT('',(-0.140864812242328,-0.0506095129598815,-0.0076078164499728));
#7205=CARTESIAN_POINT('',(-0.140811519779169,-0.0506118989828148,-0.00760771104688999));
#7206=CARTESIAN_POINT('',(-0.140708690200763,-0.0506160554003655,-0.0076075230501922));
#7207=CARTESIAN_POINT('',(-0.140647563625629,-0.0506178354158016,-0.00760742815260086));
#7208=CARTESIAN_POINT('',(-0.140528335180523,-0.0506206876220597,-0.0076072749716795));
#7209=CARTESIAN_POINT('',(-0.140469749441234,-0.0506217938312501,-0.00760721668416611));
#7210=CARTESIAN_POINT('',(-0.140297669582625,-0.0506242904431907,-0.00760708384169883));
#7211=CARTESIAN_POINT('',(-0.140188587319194,-0.0506248320764631,-0.00760704949377231));
#7212=CARTESIAN_POINT('',(-0.140080845150305,-0.0506248320756533,-0.00760704949387755));
#7213=CARTESIAN_POINT('',(-0.145869638825425,-0.0448549291489772,-0.00798716416444877));
#7214=CARTESIAN_POINT('',(-0.145869517165419,-0.0449673041513701,-0.0079808365474802));
#7215=CARTESIAN_POINT('',(-0.145868517250222,-0.0450819880022095,-0.00797449069920126));
#7216=CARTESIAN_POINT('',(-0.145864008838651,-0.0453180441760395,-0.00796175829022309));
#7217=CARTESIAN_POINT('',(-0.14586052101408,-0.0454393747006682,-0.00795537254220142));
#7218=CARTESIAN_POINT('',(-0.145851316362341,-0.0456358894904791,-0.00794571038180045));
#7219=CARTESIAN_POINT('',(-0.145847599317501,-0.0457036379275023,-0.00794247590290212));
#7220=CARTESIAN_POINT('',(-0.145840442169232,-0.0458112321581203,-0.00793758500875283));
#7221=CARTESIAN_POINT('',(-0.145837743900509,-0.0458483778825205,-0.00793594670622321));
#7222=CARTESIAN_POINT('',(-0.145831229221476,-0.0459279514255604,-0.00793263920115872));
#7223=CARTESIAN_POINT('',(-0.145827483314711,-0.0459699348390195,-0.00793097182210077));
#7224=CARTESIAN_POINT('',(-0.145820906046181,-0.0460365891561738,-0.00792843990193819));
#7225=CARTESIAN_POINT('',(-0.145816025472173,-0.0460833627795498,-0.00792673711261222));
#7226=CARTESIAN_POINT('',(-0.145808668184793,-0.0461438274084353,-0.00792496469804987));
#7227=CARTESIAN_POINT('',(-0.145803250703116,-0.0461862714550075,-0.00792363375524319));
#7228=CARTESIAN_POINT('',(-0.145801470840865,-0.0461998601062779,-0.00792318996005773));
#7229=CARTESIAN_POINT('',(-0.145794669288241,-0.0462503518446289,-0.00792142060660973));
#7230=CARTESIAN_POINT('',(-0.14578404838523,-0.0463215946594202,-0.00791834960666995));
#7231=CARTESIAN_POINT('',(-0.145763126180946,-0.0464508430084576,-0.00791370002733533));
#7232=CARTESIAN_POINT('',(-0.145745792749536,-0.0465433621528568,-0.00791026927517806));
#7233=CARTESIAN_POINT('',(-0.145717821365677,-0.0466833534252652,-0.00790511761990625));
#7234=CARTESIAN_POINT('',(-0.145696420712344,-0.0467793151203752,-0.00790168441080034));
#7235=CARTESIAN_POINT('',(-0.145648065121169,-0.0469726134293844,-0.00789485037623219));
#7236=CARTESIAN_POINT('',(-0.14559420514486,-0.0471668796815456,-0.00788804528645841));
#7237=CARTESIAN_POINT('',(-0.14549339737315,-0.0474655155221232,-0.00787792533479171));
#7238=CARTESIAN_POINT('',(-0.145415364598285,-0.0476609252820206,-0.00787130546794805));
#7239=CARTESIAN_POINT('',(-0.1453484162314,-0.0478134330567478,-0.00786633302735272));
#7240=CARTESIAN_POINT('',(-0.145324691885012,-0.0478653117185658,-0.00786467370960498));
#7241=CARTESIAN_POINT('',(-0.145273729322994,-0.0479720193474267,-0.00786134628493084));
#7242=CARTESIAN_POINT('',(-0.14524649962697,-0.0480267463255864,-0.00785967933961553));
#7243=CARTESIAN_POINT('',(-0.14515864695638,-0.0481948141651179,-0.007854678557781));
#7244=CARTESIAN_POINT('',(-0.145091833586581,-0.0483121991049509,-0.00785134296078283));
#7245=CARTESIAN_POINT('',(-0.1449370068906,-0.0485553077383197,-0.00784473300028143));
#7246=CARTESIAN_POINT('',(-0.144761087489079,-0.0488061264317546,-0.00783819153163642));
#7247=CARTESIAN_POINT('',(-0.144534634963106,-0.0490613969624485,-0.00783198906707588));
#7248=CARTESIAN_POINT('',(-0.144292392991173,-0.0493022357186966,-0.00782616635978475));
#7249=CARTESIAN_POINT('',(-0.144163222130177,-0.0494153845241355,-0.00782344553489786));
#7250=CARTESIAN_POINT('',(-0.143973604566584,-0.0495635662689928,-0.00781971473709213));
#7251=CARTESIAN_POINT('',(-0.143848960313614,-0.0496553103247864,-0.00781734272641991));
#7252=CARTESIAN_POINT('',(-0.143736358527307,-0.0497305153401788,-0.00781520963779358));
#7253=CARTESIAN_POINT('',(-0.143623305467907,-0.049802437261964,-0.00781314962880603));
#7254=CARTESIAN_POINT('',(-0.143565865039391,-0.0498372367174409,-0.00781215145438079));
#7255=CARTESIAN_POINT('',(-0.143449566500991,-0.0499046986302771,-0.00781021948179185));
#7256=CARTESIAN_POINT('',(-0.143274024564737,-0.0500019659402732,-0.00780742515192709));
#7257=CARTESIAN_POINT('',(-0.143107885896429,-0.0500807329778467,-0.00780501911025459));
#7258=CARTESIAN_POINT('',(-0.142891480796143,-0.0501744658517602,-0.0078020815628443));
#7259=CARTESIAN_POINT('',(-0.142785317403153,-0.0502160089714801,-0.00780074457546432));
#7260=CARTESIAN_POINT('',(-0.142578997644313,-0.0502903873783055,-0.0077982942139615));
#7261=CARTESIAN_POINT('',(-0.142479645478271,-0.0503229523499606,-0.00779718311348686));
#7262=CARTESIAN_POINT('',(-0.142288477721503,-0.0503804136104469,-0.00779515747242001));
#7263=CARTESIAN_POINT('',(-0.142102664550647,-0.0504306442415331,-0.00779332623214552));
#7264=CARTESIAN_POINT('',(-0.141807042156695,-0.0504956084433979,-0.00779103538574641));
#7265=CARTESIAN_POINT('',(-0.141576213980958,-0.050534230593653,-0.00778958430201206));
#7266=CARTESIAN_POINT('',(-0.141444512442887,-0.0505524326271922,-0.00778888170894875));
#7267=CARTESIAN_POINT('',(-0.141357077726522,-0.0505635807581752,-0.00778844883354511));
#7268=CARTESIAN_POINT('',(-0.141313339492063,-0.050568668178482,-0.00778825022756233));
#7269=CARTESIAN_POINT('',(-0.141247914158106,-0.0505756231377579,-0.00778797732001738));
#7270=CARTESIAN_POINT('',(-0.141226238065133,-0.0505778254454006,-0.00778789048187405));
#7271=CARTESIAN_POINT('',(-0.14118369621486,-0.0505819904179604,-0.00778772459730644));
#7272=CARTESIAN_POINT('',(-0.141163047817612,-0.0505839419322559,-0.00778764553911441));
#7273=CARTESIAN_POINT('',(-0.141122020190849,-0.0505876534527359,-0.00778749480293049));
#7274=CARTESIAN_POINT('',(-0.141080392291618,-0.0505912180675915,-0.00778735149401766));
#7275=CARTESIAN_POINT('',(-0.141026917669344,-0.0505950757677802,-0.00778722273438974));
#7276=CARTESIAN_POINT('',(-0.140977153102166,-0.0505984426515411,-0.00778710524494966));
#7277=CARTESIAN_POINT('',(-0.140955156507783,-0.0505998047728931,-0.00778705279296323));
#7278=CARTESIAN_POINT('',(-0.140916261497478,-0.0506020081385907,-0.00778695789360597));
#7279=CARTESIAN_POINT('',(-0.140864020257229,-0.0506046457400989,-0.00778682956503396));
#7280=CARTESIAN_POINT('',(-0.140810820521737,-0.0506070245576716,-0.00778672132619605));
#7281=CARTESIAN_POINT('',(-0.140708156239768,-0.0506111690922822,-0.00778652864684664));
#7282=CARTESIAN_POINT('',(-0.140647099994978,-0.0506129462152042,-0.00778643267028088));
#7283=CARTESIAN_POINT('',(-0.140527995973963,-0.0506157939568924,-0.00778627781018137));
#7284=CARTESIAN_POINT('',(-0.14046946692617,-0.0506168982622129,-0.00778621877760123));
#7285=CARTESIAN_POINT('',(-0.140297537316995,-0.050619390775334,-0.00778608432704401));
#7286=CARTESIAN_POINT('',(-0.140188524799302,-0.0506199323668171,-0.0077860499959293));
#7287=CARTESIAN_POINT('',(-0.140080845150305,-0.0506199323654677,-0.00778604999603641));
#7288=CARTESIAN_POINT('',(-0.145864487478457,-0.0448610955327121,-0.00808357836936544));
#7289=CARTESIAN_POINT('',(-0.145864335821195,-0.0449734425320602,-0.00807722220760007));
#7290=CARTESIAN_POINT('',(-0.145863301643537,-0.0450880936959926,-0.00807084374877417));
#7291=CARTESIAN_POINT('',(-0.145858712057852,-0.0453240701939791,-0.00805803345193609));
#7292=CARTESIAN_POINT('',(-0.145855177368304,-0.045445353831898,-0.00805160256253107));
#7293=CARTESIAN_POINT('',(-0.145845876058683,-0.0456417653685155,-0.00804184710860001));
#7294=CARTESIAN_POINT('',(-0.14584212273931,-0.0457094743206685,-0.00803857744655461));
#7295=CARTESIAN_POINT('',(-0.145834900725103,-0.0458169955332316,-0.008033622923314));
#7296=CARTESIAN_POINT('',(-0.145832178596404,-0.045854113935031,-0.00803196116679534));
#7297=CARTESIAN_POINT('',(-0.145825607027759,-0.0459336203563706,-0.00802859799559162));
#7298=CARTESIAN_POINT('',(-0.145821828881089,-0.0459755650409999,-0.00802689905142234));
#7299=CARTESIAN_POINT('',(-0.145815197429687,-0.0460421523586093,-0.00802431264132849));
#7300=CARTESIAN_POINT('',(-0.145810276818428,-0.0460888756711819,-0.00802256952702985));
#7301=CARTESIAN_POINT('',(-0.145802855825041,-0.0461492569102172,-0.0080207353352808));
#7302=CARTESIAN_POINT('',(-0.145797396908228,-0.0461916445156406,-0.00801936005962414));
#7303=CARTESIAN_POINT('',(-0.145795604439597,-0.0462052155419863,-0.008018901898856));
#7304=CARTESIAN_POINT('',(-0.145788760285044,-0.0462556452975743,-0.00801707897770416));
#7305=CARTESIAN_POINT('',(-0.145778099689106,-0.0463268171358697,-0.00801393137592571));
#7306=CARTESIAN_POINT('',(-0.145757074576124,-0.0464559115366588,-0.00800917222668101));
#7307=CARTESIAN_POINT('',(-0.145739674959075,-0.0465483175617242,-0.00800565560158858));
#7308=CARTESIAN_POINT('',(-0.145711604992458,-0.0466881327988179,-0.00800037273593535));
#7309=CARTESIAN_POINT('',(-0.145690137046581,-0.0467839664558119,-0.00799684958673843));
#7310=CARTESIAN_POINT('',(-0.145641652783972,-0.046976993352126,-0.0079898309198494));
#7311=CARTESIAN_POINT('',(-0.145587671049204,-0.0471709737375911,-0.00798283615169529));
#7312=CARTESIAN_POINT('',(-0.145486702484846,-0.047469121795377,-0.00797241572218944));
#7313=CARTESIAN_POINT('',(-0.145408587859793,-0.0476641928860385,-0.00796560063365742));
#7314=CARTESIAN_POINT('',(-0.145341586513554,-0.0478164154524701,-0.00796047016642885));
#7315=CARTESIAN_POINT('',(-0.14531784580948,-0.0478681937209844,-0.00795875615197225));
#7316=CARTESIAN_POINT('',(-0.145266853648588,-0.0479746864166497,-0.00795531364065887));
#7317=CARTESIAN_POINT('',(-0.145239610909943,-0.0480292991005383,-0.00795358647761973));
#7318=CARTESIAN_POINT('',(-0.145151728128867,-0.0481970020102814,-0.00794839712616048));
#7319=CARTESIAN_POINT('',(-0.14508490637878,-0.0483141135910434,-0.00794492497886417));
#7320=CARTESIAN_POINT('',(-0.144930108601239,-0.0485566117561361,-0.00793802278632812));
#7321=CARTESIAN_POINT('',(-0.144754265116392,-0.0488067589374762,-0.00793117108198622));
#7322=CARTESIAN_POINT('',(-0.144528040280278,-0.0490612557215003,-0.00792463873814868));
#7323=CARTESIAN_POINT('',(-0.144286103653594,-0.0493013373906765,-0.00791850552947986));
#7324=CARTESIAN_POINT('',(-0.144157125041824,-0.0494141160870638,-0.00791563905547301));
#7325=CARTESIAN_POINT('',(-0.143967813093662,-0.0495618155058088,-0.00791172102375792));
#7326=CARTESIAN_POINT('',(-0.143843376459242,-0.049653262028302,-0.00790923482218824));
#7327=CARTESIAN_POINT('',(-0.143730961022103,-0.0497282355134791,-0.0079070161661697));
#7328=CARTESIAN_POINT('',(-0.143618098987491,-0.0497999359726574,-0.00790487506876514));
#7329=CARTESIAN_POINT('',(-0.143560758110074,-0.049834627487999,-0.00790383765616511));
#7330=CARTESIAN_POINT('',(-0.143444665052641,-0.0499018785953271,-0.00790182932105536));
#7331=CARTESIAN_POINT('',(-0.143269438354656,-0.0499988406731588,-0.00789892501833329));
#7332=CARTESIAN_POINT('',(-0.143103601542105,-0.0500773684442962,-0.00789643517639961));
#7333=CARTESIAN_POINT('',(-0.14288758970035,-0.0501708210822774,-0.0078934004603222));
#7334=CARTESIAN_POINT('',(-0.142781619607997,-0.050212242103444,-0.00789202158185133));
#7335=CARTESIAN_POINT('',(-0.142575669680138,-0.0502864062375526,-0.00788949801778221));
#7336=CARTESIAN_POINT('',(-0.142476491575453,-0.0503188803457254,-0.00788835610379605));
#7337=CARTESIAN_POINT('',(-0.142285648448052,-0.0503761867508441,-0.00788627824348434));
#7338=CARTESIAN_POINT('',(-0.142100143730603,-0.0504262869025922,-0.00788440337841683));
#7339=CARTESIAN_POINT('',(-0.141805039894481,-0.0504910740575552,-0.00788205417499309));
#7340=CARTESIAN_POINT('',(-0.141574594760253,-0.0505295987187367,-0.00788057092410939));
#7341=CARTESIAN_POINT('',(-0.141443100562661,-0.0505477565686747,-0.00787985396062617));
#7342=CARTESIAN_POINT('',(-0.141355803095318,-0.050558877854219,-0.0078794123282139));
#7343=CARTESIAN_POINT('',(-0.141312133728759,-0.050563953104449,-0.00787920972436659));
#7344=CARTESIAN_POINT('',(-0.141246811230718,-0.0505708915359736,-0.00787893134952136));
#7345=CARTESIAN_POINT('',(-0.141225168972543,-0.0505730886485124,-0.00787884279269197));
#7346=CARTESIAN_POINT('',(-0.141182691934757,-0.0505772439651544,-0.0078786737488261));
#7347=CARTESIAN_POINT('',(-0.141162073746544,-0.0505791910903586,-0.00787859327906627));
#7348=CARTESIAN_POINT('',(-0.14112110555457,-0.0505828943143282,-0.0078784399231778));
#7349=CARTESIAN_POINT('',(-0.141079539181451,-0.0505864508274542,-0.00787829408181384));
#7350=CARTESIAN_POINT('',(-0.14102616783626,-0.0505902971544357,-0.00787816153700246));
#7351=CARTESIAN_POINT('',(-0.140976493576714,-0.0505936546033346,-0.0078780409073545));
#7352=CARTESIAN_POINT('',(-0.140954532033227,-0.0505950133837931,-0.00787798735108272));
#7353=CARTESIAN_POINT('',(-0.140915689255858,-0.0505972123212136,-0.00787789101282585));
#7354=CARTESIAN_POINT('',(-0.140863504989012,-0.0505998460495244,-0.0078777614654149));
#7355=CARTESIAN_POINT('',(-0.140810365601845,-0.0506022206375165,-0.00787765183996236));
#7356=CARTESIAN_POINT('',(-0.140707808890392,-0.0506063581968824,-0.00787745687171932));
#7357=CARTESIAN_POINT('',(-0.140646798397362,-0.0506081336217969,-0.0078773603598715));
#7358=CARTESIAN_POINT('',(-0.14052777531699,-0.0506109787426849,-0.00787720466883781));
#7359=CARTESIAN_POINT('',(-0.140469283150161,-0.0506120819304928,-0.0078771452716323));
#7360=CARTESIAN_POINT('',(-0.140297451284309,-0.0506145720377107,-0.00787701003449737));
#7361=CARTESIAN_POINT('',(-0.1401884841313,-0.0506151136044168,-0.00787697570669619));
#7362=CARTESIAN_POINT('',(-0.140080845150305,-0.0506151136028752,-0.00787697570680423));
#7363=CARTESIAN_POINT('',(-0.145845843775326,-0.0448736146288183,-0.00827932011189412));
#7364=CARTESIAN_POINT('',(-0.145845633919776,-0.0449858632934133,-0.00827290775996862));
#7365=CARTESIAN_POINT('',(-0.145844533650013,-0.045100400459902,-0.00826646498097318));
#7366=CARTESIAN_POINT('',(-0.145839788606951,-0.0453361014185147,-0.00825350105744912));
#7367=CARTESIAN_POINT('',(-0.145836164624633,-0.0454572238275007,-0.00824698108154513));
#7368=CARTESIAN_POINT('',(-0.145826682609688,-0.0456532869230319,-0.00823704030513459));
#7369=CARTESIAN_POINT('',(-0.145822861841748,-0.0457208632984052,-0.00823370072056455));
#7370=CARTESIAN_POINT('',(-0.145815520389894,-0.0458281414342619,-0.00822861971834524));
#7371=CARTESIAN_POINT('',(-0.145812754565103,-0.0458651692821819,-0.0082269112753281));
#7372=CARTESIAN_POINT('',(-0.14580607988113,-0.0459444550002213,-0.00822343669421992));
#7373=CARTESIAN_POINT('',(-0.145802243657114,-0.0459862729170695,-0.00822167443924713));
#7374=CARTESIAN_POINT('',(-0.145795515391178,-0.046052642212499,-0.00821897930656005));
#7375=CARTESIAN_POINT('',(-0.145790523649329,-0.0460992024326827,-0.00821715559356374));
#7376=CARTESIAN_POINT('',(-0.14578299153938,-0.0461593163758928,-0.0082151955345927));
#7377=CARTESIAN_POINT('',(-0.145777460898415,-0.0462015238745079,-0.00821373241501347));
#7378=CARTESIAN_POINT('',(-0.145775646717305,-0.0462150388139739,-0.00821324626769457));
#7379=CARTESIAN_POINT('',(-0.145768729724091,-0.04626527206707,-0.00821132159532145));
#7380=CARTESIAN_POINT('',(-0.14575800429853,-0.0463362229214483,-0.00820804096823387));
#7381=CARTESIAN_POINT('',(-0.145736808297177,-0.0464648355716146,-0.00820306095686291));
#7382=CARTESIAN_POINT('',(-0.145719303866596,-0.0465568934944247,-0.00819937854896675));
#7383=CARTESIAN_POINT('',(-0.145691081205003,-0.046696170491263,-0.00819384244015459));
#7384=CARTESIAN_POINT('',(-0.145669513040094,-0.0467916166257942,-0.00819014383630515));
#7385=CARTESIAN_POINT('',(-0.145620849052397,-0.0469838321853469,-0.00818276580688513));
#7386=CARTESIAN_POINT('',(-0.145566710087975,-0.0471769678408001,-0.00817540343655092));
#7387=CARTESIAN_POINT('',(-0.145465583830701,-0.0474737060909607,-0.00816440030232679));
#7388=CARTESIAN_POINT('',(-0.145387429801912,-0.0476678168129004,-0.00815720649829411));
#7389=CARTESIAN_POINT('',(-0.14532043292903,-0.0478192393475798,-0.00815176937794568));
#7390=CARTESIAN_POINT('',(-0.145296699207314,-0.0478707372710439,-0.00814994920638833));
#7391=CARTESIAN_POINT('',(-0.145245734815351,-0.0479766325563856,-0.00814628331287382));
#7392=CARTESIAN_POINT('',(-0.145218513222851,-0.0480309289255295,-0.00814443926469111));
#7393=CARTESIAN_POINT('',(-0.14513072529148,-0.0481976272432828,-0.00813888399120729));
#7394=CARTESIAN_POINT('',(-0.145064008079705,-0.0483139931566915,-0.00813514700597051));
#7395=CARTESIAN_POINT('',(-0.144909557364619,-0.0485548452701216,-0.00812767878181837));
#7396=CARTESIAN_POINT('',(-0.144734201234127,-0.0488031986522528,-0.00812022682798755));
#7397=CARTESIAN_POINT('',(-0.144508878147813,-0.0490556701596023,-0.00811305802576464));
#7398=CARTESIAN_POINT('',(-0.144268028781151,-0.0492937869816951,-0.00810632571741239));
#7399=CARTESIAN_POINT('',(-0.144139688439045,-0.0494056137659712,-0.00810317831442734));
#7400=CARTESIAN_POINT('',(-0.143951348383014,-0.0495520790527844,-0.00809890069249259));
#7401=CARTESIAN_POINT('',(-0.143827559794537,-0.049642766657814,-0.00809619551141104));
#7402=CARTESIAN_POINT('',(-0.143715712457584,-0.0497171522901727,-0.00809381183088339));
#7403=CARTESIAN_POINT('',(-0.143603426922731,-0.049788291512323,-0.00809151435513692));
#7404=CARTESIAN_POINT('',(-0.143546383730815,-0.0498227099906974,-0.00809040133608369));
#7405=CARTESIAN_POINT('',(-0.143430900929728,-0.0498894285341367,-0.00808824602582717));
#7406=CARTESIAN_POINT('',(-0.143256604090523,-0.0499856206207261,-0.00808513022757313));
#7407=CARTESIAN_POINT('',(-0.143091640158589,-0.0500635477156661,-0.00808247902789229));
#7408=CARTESIAN_POINT('',(-0.142876756394408,-0.0501562981231367,-0.00807925719212541));
#7409=CARTESIAN_POINT('',(-0.142771336404789,-0.0501974138040815,-0.00807779765022506));
#7410=CARTESIAN_POINT('',(-0.142566434238582,-0.0502710425817329,-0.00807513316489557));
#7411=CARTESIAN_POINT('',(-0.14246774674377,-0.0503032899995272,-0.00807393194246433));
#7412=CARTESIAN_POINT('',(-0.142277815446798,-0.0503602104160775,-0.00807175354570039));
#7413=CARTESIAN_POINT('',(-0.142093173475491,-0.0504099857890375,-0.00806979465821823));
#7414=CARTESIAN_POINT('',(-0.141799512538932,-0.0504743329184987,-0.00806733279548375));
#7415=CARTESIAN_POINT('',(-0.141570128371229,-0.0505126155711269,-0.0080657876279014));
#7416=CARTESIAN_POINT('',(-0.141439207514439,-0.0505306638135906,-0.00806504288871802));
#7417=CARTESIAN_POINT('',(-0.141352289343658,-0.0505417185076865,-0.00806458435250195));
#7418=CARTESIAN_POINT('',(-0.141308810177443,-0.0505467635699878,-0.00806437405291348));
#7419=CARTESIAN_POINT('',(-0.141243771558633,-0.0505536610031221,-0.00806408518145475));
#7420=CARTESIAN_POINT('',(-0.141222222681297,-0.0505558452296006,-0.00806399332550592));
#7421=CARTESIAN_POINT('',(-0.141179924495696,-0.050559976601992,-0.00806381819462435));
#7422=CARTESIAN_POINT('',(-0.141159389660549,-0.0505619128476634,-0.00806373498918189));
#7423=CARTESIAN_POINT('',(-0.141118585438267,-0.0505655955148819,-0.00806357652380288));
#7424=CARTESIAN_POINT('',(-0.141077188771525,-0.0505691319589422,-0.00806342572596868));
#7425=CARTESIAN_POINT('',(-0.14102410215653,-0.0505729500801944,-0.0080632859346316));
#7426=CARTESIAN_POINT('',(-0.140974676844385,-0.0505762841310797,-0.00806315929365316));
#7427=CARTESIAN_POINT('',(-0.140952811908008,-0.0505776346278595,-0.00806310361864576));
#7428=CARTESIAN_POINT('',(-0.140914113068919,-0.0505798225899255,-0.00806300450367973));
#7429=CARTESIAN_POINT('',(-0.140862085758378,-0.0505824467260038,-0.00806287257835006));
#7430=CARTESIAN_POINT('',(-0.140809112641099,-0.0505848108295686,-0.00806276028549733));
#7431=CARTESIAN_POINT('',(-0.14070685228815,-0.0505889310982458,-0.00806256091563412));
#7432=CARTESIAN_POINT('',(-0.140645967798057,-0.0505907023181604,-0.00806246336027932));
#7433=CARTESIAN_POINT('',(-0.140527167631322,-0.0505935409482101,-0.00806230605288241));
#7434=CARTESIAN_POINT('',(-0.140468777040734,-0.0505946413665986,-0.00806224595348742));
#7435=CARTESIAN_POINT('',(-0.140297214370254,-0.0505971255110437,-0.00806210920242412));
#7436=CARTESIAN_POINT('',(-0.14018837213677,-0.0505976670176091,-0.00806207487277791));
#7437=CARTESIAN_POINT('',(-0.140080845150305,-0.0505976670157811,-0.00806207487288774));
#7438=CARTESIAN_POINT('',(-0.14583236158773,-0.0448799660440936,-0.00837862736881904));
#7439=CARTESIAN_POINT('',(-0.145832123534119,-0.044992144428984,-0.00837218737669993));
#7440=CARTESIAN_POINT('',(-0.145830991437626,-0.0451066003447663,-0.00836571289430754));
#7441=CARTESIAN_POINT('',(-0.145826172116944,-0.0453421055830901,-0.00835267324683294));
#7442=CARTESIAN_POINT('',(-0.145822505709556,-0.0454631137331267,-0.00834610933455879));
#7443=CARTESIAN_POINT('',(-0.145812939648419,-0.045658931816779,-0.00833607655032038));
#7444=CARTESIAN_POINT('',(-0.145809087706487,-0.0457264151668041,-0.00833270223442151));
#7445=CARTESIAN_POINT('',(-0.145801691681674,-0.0458335233647551,-0.00832755839692878));
#7446=CARTESIAN_POINT('',(-0.145798906020014,-0.045870488026128,-0.0083258267269548));
#7447=CARTESIAN_POINT('',(-0.145792185107082,-0.0459496202704977,-0.00832229641678269));
#7448=CARTESIAN_POINT('',(-0.145788323043332,-0.045991350210025,-0.00832050242479856));
#7449=CARTESIAN_POINT('',(-0.145781552141209,-0.0460575685879814,-0.00831775307299691));
#7450=CARTESIAN_POINT('',(-0.145776529302161,-0.046104016104848,-0.0083158890966523));
#7451=CARTESIAN_POINT('',(-0.145768949772244,-0.0461639462684482,-0.00831386496958101));
#7452=CARTESIAN_POINT('',(-0.145763388836442,-0.0462060301859596,-0.00831235834840196));
#7453=CARTESIAN_POINT('',(-0.145761565547532,-0.0462195066896875,-0.00831185858197626));
#7454=CARTESIAN_POINT('',(-0.145754618312372,-0.0462696055143469,-0.00830988572643956));
#7455=CARTESIAN_POINT('',(-0.14574386774781,-0.046340406460948,-0.00830654864486611));
#7456=CARTESIAN_POINT('',(-0.145722603742664,-0.0464686915289815,-0.00830145737417248));
#7457=CARTESIAN_POINT('',(-0.145705060665716,-0.0465605146239415,-0.00829769506371456));
#7458=CARTESIAN_POINT('',(-0.14567678386064,-0.0466994296533055,-0.0082920369331218));
#7459=CARTESIAN_POINT('',(-0.145655182742641,-0.0467946164718784,-0.00828825282696066));
#7460=CARTESIAN_POINT('',(-0.145606467637526,-0.0469862924530557,-0.008280700090413));
#7461=CARTESIAN_POINT('',(-0.145552293127991,-0.0471788695983583,-0.00827315981599657));
#7462=CARTESIAN_POINT('',(-0.145451169817343,-0.0474746863913825,-0.00826187448706982));
#7463=CARTESIAN_POINT('',(-0.145373058111726,-0.0476681757875084,-0.00825449721045663));
#7464=CARTESIAN_POINT('',(-0.145306118578494,-0.0478190838037208,-0.00824891148104255));
#7465=CARTESIAN_POINT('',(-0.145282408155698,-0.0478704018813892,-0.00824703985516658));
#7466=CARTESIAN_POINT('',(-0.145231501040335,-0.0479759149133466,-0.00824326567891521));
#7467=CARTESIAN_POINT('',(-0.145204313586533,-0.0480300093794797,-0.00824136497003099));
#7468=CARTESIAN_POINT('',(-0.145116650448758,-0.0481960684041414,-0.00823563236493512));
#7469=CARTESIAN_POINT('',(-0.145050046022644,-0.0483119622781845,-0.00823176710675764));
#7470=CARTESIAN_POINT('',(-0.144895913126209,-0.0485517793876392,-0.00822402511260684));
#7471=CARTESIAN_POINT('',(-0.144720968048646,-0.0487990111014541,-0.00821628317475081));
#7472=CARTESIAN_POINT('',(-0.144496318488264,-0.0490502317462354,-0.0082088078205863));
#7473=CARTESIAN_POINT('',(-0.144256250454938,-0.0492871414428174,-0.00820178693958085));
#7474=CARTESIAN_POINT('',(-0.144128355818306,-0.0493983867247333,-0.00819850426853895));
#7475=CARTESIAN_POINT('',(-0.143940681585841,-0.0495441005910109,-0.00819405430160593));
#7476=CARTESIAN_POINT('',(-0.143817333130438,-0.0496343270470193,-0.00819124433799063));
#7477=CARTESIAN_POINT('',(-0.143705867294971,-0.0497083565365054,-0.00818878120724254));
#7478=CARTESIAN_POINT('',(-0.143593966985753,-0.0497791561549937,-0.00818640844808772));
#7479=CARTESIAN_POINT('',(-0.143537121801354,-0.0498134096192229,-0.00818525906374997));
#7480=CARTESIAN_POINT('',(-0.143422043518404,-0.0498798065650734,-0.00818303314628325));
#7481=CARTESIAN_POINT('',(-0.143248360912126,-0.0499755341242111,-0.00817981583273176));
#7482=CARTESIAN_POINT('',(-0.143083967653125,-0.0500530999877074,-0.00817708708168088));
#7483=CARTESIAN_POINT('',(-0.142869818259534,-0.0501454286080156,-0.00817377530203733));
#7484=CARTESIAN_POINT('',(-0.142764754856419,-0.0501863611369812,-0.00817227699086195));
#7485=CARTESIAN_POINT('',(-0.142560530213609,-0.0502596689877593,-0.00816954479210737));
#7486=CARTESIAN_POINT('',(-0.142462159078408,-0.0502917806448175,-0.00816831507693536));
#7487=CARTESIAN_POINT('',(-0.142272814633669,-0.0503484700405267,-0.00816608836674857));
#7488=CARTESIAN_POINT('',(-0.14208872662766,-0.0503980512082037,-0.00816408908488849));
#7489=CARTESIAN_POINT('',(-0.141795989490622,-0.0504621354860095,-0.00816157292486078));
#7490=CARTESIAN_POINT('',(-0.141567282852793,-0.0505002736888095,-0.00815999801002691));
#7491=CARTESIAN_POINT('',(-0.141436727783487,-0.0505182565388423,-0.00815923986687597));
#7492=CARTESIAN_POINT('',(-0.14135005151961,-0.0505292715060354,-0.00815877318460968));
#7493=CARTESIAN_POINT('',(-0.141306693615405,-0.0505342985591541,-0.00815855918743142));
#7494=CARTESIAN_POINT('',(-0.141241835934884,-0.0505411715334346,-0.00815826528698261));
#7495=CARTESIAN_POINT('',(-0.141220346569056,-0.0505433480726601,-0.0081581718507006));
#7496=CARTESIAN_POINT('',(-0.141178162357031,-0.0505474651635871,-0.0081579937923419));
#7497=CARTESIAN_POINT('',(-0.141157680635104,-0.0505493949219281,-0.00815790926293184));
#7498=CARTESIAN_POINT('',(-0.141116980887134,-0.0505530653347659,-0.00815774830812077));
#7499=CARTESIAN_POINT('',(-0.141075692337966,-0.0505565898172004,-0.00815759508665231));
#7500=CARTESIAN_POINT('',(-0.141022787071012,-0.0505603911140407,-0.00815745183414543));
#7501=CARTESIAN_POINT('',(-0.140973520306792,-0.0505637112085022,-0.00815732232218638));
#7502=CARTESIAN_POINT('',(-0.140951716890997,-0.0505650567648754,-0.00815726563279057));
#7503=CARTESIAN_POINT('',(-0.140913109704184,-0.0505672381830059,-0.00815716518013533));
#7504=CARTESIAN_POINT('',(-0.140861182318709,-0.0505698566027795,-0.00815703209589227));
#7505=CARTESIAN_POINT('',(-0.140808315061714,-0.0505722144545032,-0.00815691852234904));
#7506=CARTESIAN_POINT('',(-0.140706243387543,-0.0505763244126942,-0.00815671703991248));
#7507=CARTESIAN_POINT('',(-0.140645439102226,-0.050578093126814,-0.00815661897640346));
#7508=CARTESIAN_POINT('',(-0.140526780826397,-0.0505809278886743,-0.00815646088367981));
#7509=CARTESIAN_POINT('',(-0.140468454893677,-0.0505820266559479,-0.00815640044674873));
#7510=CARTESIAN_POINT('',(-0.140297063576111,-0.05058450724523,-0.00815626296839244));
#7511=CARTESIAN_POINT('',(-0.140188300851479,-0.050585048716448,-0.00815622863360468));
#7512=CARTESIAN_POINT('',(-0.140080845150305,-0.0505850487145259,-0.00815622863371538));
#7513=CARTESIAN_POINT('',(-0.145795139939793,-0.0448927573184682,-0.00857862474195286));
#7514=CARTESIAN_POINT('',(-0.145794848508717,-0.0450047431618123,-0.00857213168741904));
#7515=CARTESIAN_POINT('',(-0.145793656693617,-0.0451189768822492,-0.00856559624400982));
#7516=CARTESIAN_POINT('',(-0.145788699544843,-0.0453539480770973,-0.00855241098832179));
#7517=CARTESIAN_POINT('',(-0.145784955057065,-0.0454746449351237,-0.00854576255356012));
#7518=CARTESIAN_POINT('',(-0.14577523928946,-0.0456697990043566,-0.0085355518369802));
#7519=CARTESIAN_POINT('',(-0.145771332361188,-0.0457370306033862,-0.00853211032951402));
#7520=CARTESIAN_POINT('',(-0.14576384181864,-0.0458436800346479,-0.00852684491242591));
#7521=CARTESIAN_POINT('',(-0.145761022165739,-0.0458804743399727,-0.00852506825071114));
#7522=CARTESIAN_POINT('',(-0.145754223732686,-0.0459591938008392,-0.0085214295327827));
#7523=CARTESIAN_POINT('',(-0.145750318914998,-0.0460006874432718,-0.00851957370138945));
#7524=CARTESIAN_POINT('',(-0.145743478674255,-0.0460665011656976,-0.00851671912897312));
#7525=CARTESIAN_POINT('',(-0.145738405936198,-0.0461126468496799,-0.00851477691020236));
#7526=CARTESIAN_POINT('',(-0.145730753922938,-0.0461720866641676,-0.00851262648180904));
#7527=CARTESIAN_POINT('',(-0.145725147403425,-0.04621384120776,-0.0085110359009186));
#7528=CARTESIAN_POINT('',(-0.145723310554225,-0.0462272153385484,-0.00851051021532519));
#7529=CARTESIAN_POINT('',(-0.145716318968265,-0.046276956420084,-0.00850844772653239));
#7530=CARTESIAN_POINT('',(-0.145705535525947,-0.0463473601405479,-0.00850501604773263));
#7531=CARTESIAN_POINT('',(-0.14568418218508,-0.0464747777794941,-0.00849970716910842));
#7532=CARTESIAN_POINT('',(-0.145666597527737,-0.0465659822303153,-0.00849579399069971));
#7533=CARTESIAN_POINT('',(-0.145638269876083,-0.0467039457884827,-0.00848990551829227));
#7534=CARTESIAN_POINT('',(-0.145616647241152,-0.0467984535008438,-0.008485958501557));
#7535=CARTESIAN_POINT('',(-0.145567929514094,-0.0469887227055169,-0.00847807353515208));
#7536=CARTESIAN_POINT('',(-0.145513793988362,-0.0471798498910736,-0.00847019620730792));
#7537=CARTESIAN_POINT('',(-0.14541288408066,-0.0474732949460445,-0.00845837594191498));
#7538=CARTESIAN_POINT('',(-0.145335013487184,-0.0476651975021868,-0.00845065076545603));
#7539=CARTESIAN_POINT('',(-0.145268327199045,-0.047814797498827,-0.00844478316964804));
#7540=CARTESIAN_POINT('',(-0.145244713124634,-0.0478656592589653,-0.0084428139366887));
#7541=CARTESIAN_POINT('',(-0.145194029409532,-0.0479702043798603,-0.00843883433707232));
#7542=CARTESIAN_POINT('',(-0.145166969277896,-0.0480237885779452,-0.0084368261346407));
#7543=CARTESIAN_POINT('',(-0.145079749282208,-0.0481882357621857,-0.00843075718538021));
#7544=CARTESIAN_POINT('',(-0.145013521467011,-0.0483029444283192,-0.00842664874420575));
#7545=CARTESIAN_POINT('',(-0.144860383167594,-0.0485401768283202,-0.00841838833000699));
#7546=CARTESIAN_POINT('',(-0.144686675600619,-0.0487846199360891,-0.00841009779347848));
#7547=CARTESIAN_POINT('',(-0.144463922780773,-0.0490327621553072,-0.0084020439437947));
#7548=CARTESIAN_POINT('',(-0.144226002913312,-0.0492667142423053,-0.00839447847341667));
#7549=CARTESIAN_POINT('',(-0.144099310801489,-0.0493765416062145,-0.00839094060387565));
#7550=CARTESIAN_POINT('',(-0.143913409589399,-0.0495204282306231,-0.00838616674195859));
#7551=CARTESIAN_POINT('',(-0.143791226068936,-0.0496095352067771,-0.00838316012482426));
#7552=CARTESIAN_POINT('',(-0.143680761950315,-0.0496827024382701,-0.00838054711738279));
#7553=CARTESIAN_POINT('',(-0.143569869519951,-0.0497526807087132,-0.00837803234845643));
#7554=CARTESIAN_POINT('',(-0.14351354065992,-0.0497865354912451,-0.00837681441887334));
#7555=CARTESIAN_POINT('',(-0.14339951452728,-0.0498521559838574,-0.0083744555469108));
#7556=CARTESIAN_POINT('',(-0.14322742544292,-0.0499467629223459,-0.00837104721633862));
#7557=CARTESIAN_POINT('',(-0.143064501350812,-0.0500234597943146,-0.00836817238032212));
#7558=CARTESIAN_POINT('',(-0.142852236459683,-0.0501147748401805,-0.00836469115467356));
#7559=CARTESIAN_POINT('',(-0.14274808513769,-0.050155267768269,-0.00836311981153021));
#7560=CARTESIAN_POINT('',(-0.14254559023544,-0.0502278057417761,-0.00836026008465379));
#7561=CARTESIAN_POINT('',(-0.14244802503702,-0.0502595919983507,-0.00835897671598269));
#7562=CARTESIAN_POINT('',(-0.142260173413215,-0.0503157279686567,-0.00835665900666307));
#7563=CARTESIAN_POINT('',(-0.142077492019638,-0.0503648442910919,-0.00835458361479636));
#7564=CARTESIAN_POINT('',(-0.141787095280727,-0.0504283000082622,-0.00835196493627529));
#7565=CARTESIAN_POINT('',(-0.141560101678369,-0.050466093011587,-0.00835033400335945));
#7566=CARTESIAN_POINT('',(-0.141430470763193,-0.0504839196661389,-0.00834955052529021));
#7567=CARTESIAN_POINT('',(-0.141344405509371,-0.0504948397438973,-0.00834906846392852));
#7568=CARTESIAN_POINT('',(-0.141301353802879,-0.0504998237794686,-0.00834884750329993));
#7569=CARTESIAN_POINT('',(-0.141236952911355,-0.0505066383261635,-0.00834854415460784));
#7570=CARTESIAN_POINT('',(-0.141215613771079,-0.0505087965026197,-0.00834844774973062));
#7571=CARTESIAN_POINT('',(-0.141173717246577,-0.0505128794870391,-0.0083482641737702));
#7572=CARTESIAN_POINT('',(-0.141153369583976,-0.0505147937579853,-0.00834817713599511));
#7573=CARTESIAN_POINT('',(-0.141112933515605,-0.0505184349261945,-0.00834801143878549));
#7574=CARTESIAN_POINT('',(-0.141071917817555,-0.050521930868789,-0.00834785358668401));
#7575=CARTESIAN_POINT('',(-0.141019470110124,-0.0505256919785246,-0.00834770384833516));
#7576=CARTESIAN_POINT('',(-0.140970603359262,-0.0505289787368702,-0.00834756895683169));
#7577=CARTESIAN_POINT('',(-0.140948955147013,-0.0505303124945405,-0.0083475103627687));
#7578=CARTESIAN_POINT('',(-0.140910579161157,-0.0505324782899901,-0.00834740738532859));
#7579=CARTESIAN_POINT('',(-0.140858903812991,-0.050535083072039,-0.00834727209279811));
#7580=CARTESIAN_POINT('',(-0.140806303574783,-0.0505374259961926,-0.00834715610885361));
#7581=CARTESIAN_POINT('',(-0.140704707806327,-0.0505415113356047,-0.0083469506515298));
#7582=CARTESIAN_POINT('',(-0.140644105790464,-0.0505432740716015,-0.00834685162041902));
#7583=CARTESIAN_POINT('',(-0.140525805350034,-0.0505460996042102,-0.00834669203496383));
#7584=CARTESIAN_POINT('',(-0.140467642481636,-0.0505471944298391,-0.00834663096201578));
#7585=CARTESIAN_POINT('',(-0.140296683304435,-0.0505496665315114,-0.008346492113984));
#7586=CARTESIAN_POINT('',(-0.140188121081619,-0.0505502079202451,-0.00834645776315093));
#7587=CARTESIAN_POINT('',(-0.140080845150305,-0.050550207918192,-0.00834645776326328));
#7588=CARTESIAN_POINT('',(-0.14577141064802,-0.0448991958804715,-0.00867929457747468));
#7589=CARTESIAN_POINT('',(-0.145771094040509,-0.0450110595139777,-0.00867277610588947));
#7590=CARTESIAN_POINT('',(-0.145769874336447,-0.0451251523496059,-0.008666211411086));
#7591=CARTESIAN_POINT('',(-0.145764853642843,-0.0453597853645086,-0.0086529562860106));
#7592=CARTESIAN_POINT('',(-0.145761073502468,-0.045480285272748,-0.00864626727387703));
#7593=CARTESIAN_POINT('',(-0.145751292075836,-0.0456750205154541,-0.008635970653905));
#7594=CARTESIAN_POINT('',(-0.145747361335261,-0.0457420934553978,-0.00863249669424908));
#7595=CARTESIAN_POINT('',(-0.145739830846684,-0.0458484541786218,-0.00862717254745298));
#7596=CARTESIAN_POINT('',(-0.145736997038659,-0.0458851413591771,-0.00862537412650683));
#7597=CARTESIAN_POINT('',(-0.145730167311203,-0.0459636016181403,-0.00862168274458732));
#7598=CARTESIAN_POINT('',(-0.145726245577018,-0.0460049470024293,-0.00861979681947713));
#7599=CARTESIAN_POINT('',(-0.145719378629314,-0.0460705070919597,-0.00861689125910808));
#7600=CARTESIAN_POINT('',(-0.14571428708559,-0.0461164637246431,-0.00861491107163617));
#7601=CARTESIAN_POINT('',(-0.145706609999541,-0.0461755970959933,-0.00861269843195612));
#7602=CARTESIAN_POINT('',(-0.145700988185332,-0.0462171459313262,-0.00861106740242685));
#7603=CARTESIAN_POINT('',(-0.145699146881944,-0.04623045615113,-0.00861052941863385));
#7604=CARTESIAN_POINT('',(-0.145692141181912,-0.0462799740092707,-0.00860842548010236));
#7605=CARTESIAN_POINT('',(-0.145681349998534,-0.0463501305110187,-0.00860495562754678));
#7606=CARTESIAN_POINT('',(-0.145659975301621,-0.0464770085232521,-0.00859954043320813));
#7607=CARTESIAN_POINT('',(-0.145642387691777,-0.0465678293128561,-0.0085955562967172));
#7608=CARTESIAN_POINT('',(-0.145614063305762,-0.0467052036047675,-0.0085895595152726));
#7609=CARTESIAN_POINT('',(-0.145592452080388,-0.0467992916952634,-0.0085855351025247));
#7610=CARTESIAN_POINT('',(-0.14554378278504,-0.0469886940474988,-0.00857749263647264));
#7611=CARTESIAN_POINT('',(-0.145489721714306,-0.0471789301366254,-0.00856945617900053));
#7612=CARTESIAN_POINT('',(-0.145389022109815,-0.0474709254783767,-0.00855738320402051));
#7613=CARTESIAN_POINT('',(-0.145311350182032,-0.0476618628940212,-0.00854949362152812));
#7614=CARTESIAN_POINT('',(-0.145244859686275,-0.0478106696945459,-0.00854349278581281));
#7615=CARTESIAN_POINT('',(-0.145221318620203,-0.0478612550889005,-0.00854147740616201));
#7616=CARTESIAN_POINT('',(-0.145170800937561,-0.0479652147758611,-0.00853740067874252));
#7617=CARTESIAN_POINT('',(-0.145143833939322,-0.0480184907263713,-0.00853534165018323));
#7618=CARTESIAN_POINT('',(-0.145056932125531,-0.0481819657323923,-0.00852911370915799));
#7619=CARTESIAN_POINT('',(-0.144990968002652,-0.0482959614988984,-0.00852489037262886));
#7620=CARTESIAN_POINT('',(-0.144838506156238,-0.0485316447728323,-0.00851638533796359));
#7621=CARTESIAN_POINT('',(-0.144665624662171,-0.048774421561669,-0.00850783621655462));
#7622=CARTESIAN_POINT('',(-0.144444094522918,-0.0490207368853289,-0.00849951045045993));
#7623=CARTESIAN_POINT('',(-0.14420754090655,-0.0492529391227547,-0.00849168898901506));
#7624=CARTESIAN_POINT('',(-0.144081605299099,-0.0493619303717166,-0.00848803120083317));
#7625=CARTESIAN_POINT('',(-0.143896810830684,-0.0495047415600756,-0.00848310580024237));
#7626=CARTESIAN_POINT('',(-0.143775351817767,-0.0495931904405386,-0.00848000731820344));
#7627=CARTESIAN_POINT('',(-0.143665507664973,-0.0496658517366414,-0.00847732389118547));
#7628=CARTESIAN_POINT('',(-0.143555237638493,-0.0497353484334604,-0.00847474240241248));
#7629=CARTESIAN_POINT('',(-0.143499226968427,-0.0497689696311268,-0.00847349229586246));
#7630=CARTESIAN_POINT('',(-0.143385848210718,-0.0498341354288817,-0.00847107108203004));
#7631=CARTESIAN_POINT('',(-0.143214738027764,-0.0499280865057989,-0.00846757325711184));
#7632=CARTESIAN_POINT('',(-0.143052712077691,-0.0500042757960013,-0.0084646298936157));
#7633=CARTESIAN_POINT('',(-0.142841596869982,-0.0500949992620031,-0.00846106917298447));
#7634=CARTESIAN_POINT('',(-0.142738000827013,-0.0501352358308831,-0.00845946357021175));
#7635=CARTESIAN_POINT('',(-0.142536557734652,-0.0502073250108597,-0.00845654403390755));
#7636=CARTESIAN_POINT('',(-0.142439481924497,-0.050238921693847,-0.00845523550667092));
#7637=CARTESIAN_POINT('',(-0.142252535920563,-0.0502947353719507,-0.00845287511542585));
#7638=CARTESIAN_POINT('',(-0.142070706846684,-0.0503435811485939,-0.00845076401117415));
#7639=CARTESIAN_POINT('',(-0.141781726164167,-0.0504066712837286,-0.00844809711644581));
#7640=CARTESIAN_POINT('',(-0.141555767672264,-0.0504442636070582,-0.00844643991499732));
#7641=CARTESIAN_POINT('',(-0.141426694910896,-0.0504619994900022,-0.00844564450729004));
#7642=CARTESIAN_POINT('',(-0.141340998619587,-0.0504728644243357,-0.00844515521362812));
#7643=CARTESIAN_POINT('',(-0.141298131778365,-0.0504778234602113,-0.00844493098742579));
#7644=CARTESIAN_POINT('',(-0.141234006632523,-0.0504846040499596,-0.00844462321980367));
#7645=CARTESIAN_POINT('',(-0.141212758171759,-0.0504867515546031,-0.0084445254267646));
#7646=CARTESIAN_POINT('',(-0.141171035295079,-0.0504908147208476,-0.00844433926091989));
#7647=CARTESIAN_POINT('',(-0.141150768547775,-0.0504927199948404,-0.00844425103889462));
#7648=CARTESIAN_POINT('',(-0.141110491624099,-0.0504963441786616,-0.00844408308907243));
#7649=CARTESIAN_POINT('',(-0.141069640596904,-0.0504998235487522,-0.00844392303035705));
#7650=CARTESIAN_POINT('',(-0.141017468995883,-0.0505035613039055,-0.00844377026750847));
#7651=CARTESIAN_POINT('',(-0.140968843618607,-0.0505068286892867,-0.00844363286758318));
#7652=CARTESIAN_POINT('',(-0.140947289053692,-0.0505081555910392,-0.00844357338330327));
#7653=CARTESIAN_POINT('',(-0.14090905256345,-0.0505103123108853,-0.00844346921888786));
#7654=CARTESIAN_POINT('',(-0.14085752926969,-0.0505129091742447,-0.00844333287714973));
#7655=CARTESIAN_POINT('',(-0.140805090128706,-0.0505152434256749,-0.00844321576358954));
#7656=CARTESIAN_POINT('',(-0.140703781477977,-0.0505193144617522,-0.00844300844410502));
#7657=CARTESIAN_POINT('',(-0.140643301480391,-0.0505210737266181,-0.00844290895361738));
#7658=CARTESIAN_POINT('',(-0.140525216902366,-0.0505238939000133,-0.00844274866085969));
#7659=CARTESIAN_POINT('',(-0.140467152403012,-0.0505249864359043,-0.00844268728945878));
#7660=CARTESIAN_POINT('',(-0.140296453914127,-0.0505274536068364,-0.00844254779910217));
#7661=CARTESIAN_POINT('',(-0.140188012638286,-0.0505279949484494,-0.00844251343738236));
#7662=CARTESIAN_POINT('',(-0.140080845150305,-0.0505279949463597,-0.00844251343749547));
#7663=CARTESIAN_POINT('',(-0.145683517747143,-0.0449183923038995,-0.00897943935951227));
#7664=CARTESIAN_POINT('',(-0.145683131909833,-0.0450298047665237,-0.00897285007673036));
#7665=CARTESIAN_POINT('',(-0.145681836541025,-0.0451433778931765,-0.0089662037852608));
#7666=CARTESIAN_POINT('',(-0.145676646490271,-0.0453767645835782,-0.00895275375760916));
#7667=CARTESIAN_POINT('',(-0.145672772629332,-0.0454965391326035,-0.00894595151401561));
#7668=CARTESIAN_POINT('',(-0.14566282885685,-0.045689735418561,-0.00893541420529472));
#7669=CARTESIAN_POINT('',(-0.145658840438635,-0.0457562257387093,-0.00893184929321219));
#7670=CARTESIAN_POINT('',(-0.145651217132263,-0.0458615274277854,-0.00892636052842298));
#7671=CARTESIAN_POINT('',(-0.145648351297317,-0.0458978218847596,-0.00892450106515498));
#7672=CARTESIAN_POINT('',(-0.145641454881608,-0.0459753329383273,-0.00892066147030668));
#7673=CARTESIAN_POINT('',(-0.145637498572072,-0.046016135737025,-0.00891869074729629));
#7674=CARTESIAN_POINT('',(-0.145630580210852,-0.0460807682813431,-0.0089156419456421));
#7675=CARTESIAN_POINT('',(-0.145625454326333,-0.0461260339210518,-0.00891355498406823));
#7676=CARTESIAN_POINT('',(-0.145617741815065,-0.0461840492184688,-0.0089111655539002));
#7677=CARTESIAN_POINT('',(-0.145612100704884,-0.0462248477833961,-0.00890942136431717));
#7678=CARTESIAN_POINT('',(-0.145610254263459,-0.0462379249525818,-0.00890884935474157));
#7679=CARTESIAN_POINT('',(-0.145603234601797,-0.0462866290249836,-0.00890663294360721));
#7680=CARTESIAN_POINT('',(-0.145592450150247,-0.0463558854251333,-0.00890307119606736));
#7681=CARTESIAN_POINT('',(-0.14557109304764,-0.0464808013068224,-0.0088973555899314));
#7682=CARTESIAN_POINT('',(-0.145553558318188,-0.0465702300819978,-0.00889317641224328));
#7683=CARTESIAN_POINT('',(-0.145525342691996,-0.0467054686085171,-0.00888688198179903));
#7684=CARTESIAN_POINT('',(-0.145503841849542,-0.0467980385760423,-0.00888264323572756));
#7685=CARTESIAN_POINT('',(-0.145455487758916,-0.0469843114685346,-0.00887416529301884));
#7686=CARTESIAN_POINT('',(-0.145401836882163,-0.0471713371325336,-0.00886569019596798));
#7687=CARTESIAN_POINT('',(-0.145302117471128,-0.0474581316363543,-0.0088529203102055));
#7688=CARTESIAN_POINT('',(-0.145225303221343,-0.0476456202124281,-0.00884457722433113));
#7689=CARTESIAN_POINT('',(-0.145159631012358,-0.0477915993137552,-0.00883820877455802));
#7690=CARTESIAN_POINT('',(-0.145136391762988,-0.0478412004770299,-0.00883606605950424));
#7691=CARTESIAN_POINT('',(-0.145086553049079,-0.0479430774501014,-0.00883172130551434));
#7692=CARTESIAN_POINT('',(-0.14505996343674,-0.0479952578906577,-0.00882952201838126));
#7693=CARTESIAN_POINT('',(-0.144974336832957,-0.0481552821170644,-0.00882285541317789));
#7694=CARTESIAN_POINT('',(-0.144909413366073,-0.048266753018279,-0.00881831519655613));
#7695=CARTESIAN_POINT('',(-0.144759571927651,-0.048496965741155,-0.00880913614882663));
#7696=CARTESIAN_POINT('',(-0.144589850819256,-0.0487338725419736,-0.00879987510560063));
#7697=CARTESIAN_POINT('',(-0.144372885965855,-0.0489737885800884,-0.00879080228491563));
#7698=CARTESIAN_POINT('',(-0.144141384116965,-0.049199876990718,-0.00878227749803793));
#7699=CARTESIAN_POINT('',(-0.144018223140013,-0.0493059550636006,-0.00877829032272776));
#7700=CARTESIAN_POINT('',(-0.143837464098968,-0.0494450251790358,-0.00877295005130234));
#7701=CARTESIAN_POINT('',(-0.143718639433305,-0.0495311870547536,-0.00876960036446943));
#7702=CARTESIAN_POINT('',(-0.143611041087337,-0.049602092970038,-0.00876672352948626));
#7703=CARTESIAN_POINT('',(-0.143503021858921,-0.0496699198650611,-0.00876395880135502));
#7704=CARTESIAN_POINT('',(-0.143448160011505,-0.0497027316343431,-0.00876262038070093));
#7705=CARTESIAN_POINT('',(-0.143337115727797,-0.0497663224573925,-0.00876002820728719));
#7706=CARTESIAN_POINT('',(-0.143169531106894,-0.0498580028708432,-0.00875628511402988));
#7707=CARTESIAN_POINT('',(-0.14301072757262,-0.0499324378527323,-0.00875315376891086));
#7708=CARTESIAN_POINT('',(-0.142803730593274,-0.0500211180397894,-0.00874937496255684));
#7709=CARTESIAN_POINT('',(-0.142702120312935,-0.050060469803301,-0.00874767537866805));
#7710=CARTESIAN_POINT('',(-0.142504435065346,-0.050131010510189,-0.00874459180328986));
#7711=CARTESIAN_POINT('',(-0.142409105777921,-0.0501619534508055,-0.00874321428291392));
#7712=CARTESIAN_POINT('',(-0.14222538927833,-0.0502166560816041,-0.00874073681944951));
#7713=CARTESIAN_POINT('',(-0.142046596782378,-0.0502645696775795,-0.00873852773071382));
#7714=CARTESIAN_POINT('',(-0.141762655182628,-0.0503264009269055,-0.00873572831139839));
#7715=CARTESIAN_POINT('',(-0.141540376278291,-0.0503633024799295,-0.00873399907057643));
#7716=CARTESIAN_POINT('',(-0.141413286854134,-0.0503807260125381,-0.00873317084431549));
#7717=CARTESIAN_POINT('',(-0.141328901446085,-0.0503914011965309,-0.0087326616738944));
#7718=CARTESIAN_POINT('',(-0.141286691312755,-0.0503962742046032,-0.00873242849168893));
#7719=CARTESIAN_POINT('',(-0.141223545605103,-0.0504029379372339,-0.00873210862965555));
#7720=CARTESIAN_POINT('',(-0.141202619217942,-0.05040504871739,-0.00873200703779257));
#7721=CARTESIAN_POINT('',(-0.141161513080454,-0.0504090436949556,-0.00873181376416913));
#7722=CARTESIAN_POINT('',(-0.141141533709452,-0.0504109180203224,-0.00873172227781252));
#7723=CARTESIAN_POINT('',(-0.141101821980362,-0.0504144837938851,-0.00873154809065553));
#7724=CARTESIAN_POINT('',(-0.141061555746877,-0.0504179061784475,-0.00873138190743941));
#7725=CARTESIAN_POINT('',(-0.141010364566372,-0.0504215635660386,-0.00873122088524341));
#7726=CARTESIAN_POINT('',(-0.140962596255823,-0.0504247642859195,-0.00873107663567122));
#7727=CARTESIAN_POINT('',(-0.140941374199586,-0.0504260675978653,-0.0087310147161435));
#7728=CARTESIAN_POINT('',(-0.140903632988054,-0.0504281930979372,-0.0087309072902539));
#7729=CARTESIAN_POINT('',(-0.14085264952608,-0.0504307627335246,-0.00873076804274858));
#7730=CARTESIAN_POINT('',(-0.140800782334033,-0.0504330671480088,-0.00873064783274473));
#7731=CARTESIAN_POINT('',(-0.140700493033557,-0.0504370889755518,-0.00873043541013808));
#7732=CARTESIAN_POINT('',(-0.140640446200001,-0.0504388363053304,-0.00873033464816418));
#7733=CARTESIAN_POINT('',(-0.140523127930766,-0.0504416380504434,-0.00873017240042856));
#7734=CARTESIAN_POINT('',(-0.140465412644032,-0.0504427227097809,-0.00873011021002099));
#7735=CARTESIAN_POINT('',(-0.14029563960056,-0.0504451729186733,-0.00872996895789973));
#7736=CARTESIAN_POINT('',(-0.140187627671368,-0.0504457141010843,-0.00872993455962014));
#7737=CARTESIAN_POINT('',(-0.140080845150305,-0.0504457140989292,-0.00872993455973536));
#7738=CARTESIAN_POINT('',(-0.145602466248926,-0.0449310231322678,-0.00917692808660558));
#7739=CARTESIAN_POINT('',(-0.145602042776474,-0.0450420211712579,-0.00917029897517279));
#7740=CARTESIAN_POINT('',(-0.145600707781254,-0.0451551173629971,-0.00916360664420289));
#7741=CARTESIAN_POINT('',(-0.145595433570984,-0.0453873616036473,-0.00915004664314943));
#7742=CARTESIAN_POINT('',(-0.145591515107941,-0.0455064717716851,-0.00914318045329055));
#7743=CARTESIAN_POINT('',(-0.145581509858051,-0.0456982623944549,-0.00913250585486554));
#7744=CARTESIAN_POINT('',(-0.145577501560152,-0.0457642209586126,-0.00912888902678871));
#7745=CARTESIAN_POINT('',(-0.145569852835315,-0.0458685573289256,-0.00912330627141228));
#7746=CARTESIAN_POINT('',(-0.145566979733252,-0.0459044940684289,-0.00912141188330353));
#7747=CARTESIAN_POINT('',(-0.145560075552595,-0.0459811416741951,-0.00911748683320855));
#7748=CARTESIAN_POINT('',(-0.145556118015549,-0.0460214512844097,-0.0091154670728872));
#7749=CARTESIAN_POINT('',(-0.145549204094785,-0.046085241480039,-0.00911233603565915));
#7750=CARTESIAN_POINT('',(-0.145544085088674,-0.0461298800106816,-0.00911018762442952));
#7751=CARTESIAN_POINT('',(-0.145536402652026,-0.046186882819171,-0.00910769389246829));
#7752=CARTESIAN_POINT('',(-0.145530784506776,-0.0462270022490871,-0.0091058853939125));
#7753=CARTESIAN_POINT('',(-0.145528945713623,-0.0462398685157354,-0.00910529457745923));
#7754=CARTESIAN_POINT('',(-0.145521954903148,-0.0462878363436323,-0.0091030191138581));
#7755=CARTESIAN_POINT('',(-0.145511214940565,-0.0463562796237353,-0.00909942592833138));
#7756=CARTESIAN_POINT('',(-0.145489979641375,-0.0464794260982049,-0.00909353544036239));
#7757=CARTESIAN_POINT('',(-0.145472563227252,-0.046567602893695,-0.00908925026502328));
#7758=CARTESIAN_POINT('',(-0.145444553243784,-0.0467009229949508,-0.00908279415586786));
#7759=CARTESIAN_POINT('',(-0.14542322847257,-0.0467921324287603,-0.00907843666115583));
#7760=CARTESIAN_POINT('',(-0.14537531312782,-0.0469756081560584,-0.00906971841802503));
#7761=CARTESIAN_POINT('',(-0.14532218703376,-0.0471597716141245,-0.00906100317201924));
#7762=CARTESIAN_POINT('',(-0.145223590879887,-0.0474419542256314,-0.00904785128633102));
#7763=CARTESIAN_POINT('',(-0.145147700345655,-0.0476263998151976,-0.00903925946161343));
#7764=CARTESIAN_POINT('',(-0.145082884189576,-0.0477698915624752,-0.00903268926802227));
#7765=CARTESIAN_POINT('',(-0.145059957487581,-0.0478186280876275,-0.00903047665118478));
#7766=CARTESIAN_POINT('',(-0.145010814644873,-0.0479186779239018,-0.00902598473944916));
#7767=CARTESIAN_POINT('',(-0.144984608385629,-0.0479698985346052,-0.00902370844081424));
#7768=CARTESIAN_POINT('',(-0.144900263108084,-0.0481269042889088,-0.00901680110038651));
#7769=CARTESIAN_POINT('',(-0.144836368994103,-0.048236172999861,-0.00901208715305112));
#7770=CARTESIAN_POINT('',(-0.144689069153256,-0.048461632492464,-0.00900253949156862));
#7771=CARTESIAN_POINT('',(-0.144522372083009,-0.0486934554751324,-0.00899288990735289));
#7772=CARTESIAN_POINT('',(-0.144309656878847,-0.0489278709406646,-0.00898341159969965));
#7773=CARTESIAN_POINT('',(-0.144082803916218,-0.0491487221051182,-0.0089745050278991));
#7774=CARTESIAN_POINT('',(-0.143962171644773,-0.0492523140861731,-0.00897033917239464));
#7775=CARTESIAN_POINT('',(-0.14378506417413,-0.0493881984416412,-0.00896477579510925));
#7776=CARTESIAN_POINT('',(-0.14366861511645,-0.0494724154331633,-0.00896129143940243));
#7777=CARTESIAN_POINT('',(-0.143563032662761,-0.049541831874971,-0.00895830971273255));
#7778=CARTESIAN_POINT('',(-0.143457029527216,-0.049608243138104,-0.00895544561805652));
#7779=CARTESIAN_POINT('',(-0.143403194644764,-0.0496403692682792,-0.00895405938730378));
#7780=CARTESIAN_POINT('',(-0.143294234004169,-0.0497026267425694,-0.00895137487056079));
#7781=CARTESIAN_POINT('',(-0.14312979119037,-0.0497923861429959,-0.0089474995117075));
#7782=CARTESIAN_POINT('',(-0.142973845545954,-0.0498653404504993,-0.00894426654453512));
#7783=CARTESIAN_POINT('',(-0.14277049341236,-0.0499522976361721,-0.00894036981565764));
#7784=CARTESIAN_POINT('',(-0.142670636942139,-0.0499909040360842,-0.00893861942376756));
#7785=CARTESIAN_POINT('',(-0.142476266543384,-0.0500601408936878,-0.00893544720888487));
#7786=CARTESIAN_POINT('',(-0.142382475702476,-0.050090533770424,-0.0089340324206949));
#7787=CARTESIAN_POINT('',(-0.142201601169734,-0.0501443019953882,-0.00893149168422534));
#7788=CARTESIAN_POINT('',(-0.142025477634698,-0.0501914321771818,-0.00892922959737732));
#7789=CARTESIAN_POINT('',(-0.141745958351146,-0.0502522063272949,-0.0089263581658602));
#7790=CARTESIAN_POINT('',(-0.141526904255678,-0.0502885281503541,-0.00892459000846201));
#7791=CARTESIAN_POINT('',(-0.141401552157722,-0.0503056896609999,-0.00892374390729142));
#7792=CARTESIAN_POINT('',(-0.141318314823529,-0.0503162056698813,-0.00892322393832101));
#7793=CARTESIAN_POINT('',(-0.141276679724641,-0.0503210065081582,-0.00892298591736481));
#7794=CARTESIAN_POINT('',(-0.14121439151981,-0.050327572200241,-0.00892265955617738));
#7795=CARTESIAN_POINT('',(-0.141193747090791,-0.0503296521702411,-0.00892255592367738));
#7796=CARTESIAN_POINT('',(-0.141153180853173,-0.0503335899538118,-0.00892235880290123));
#7797=CARTESIAN_POINT('',(-0.141133453045446,-0.0503354383296056,-0.00892226552944584));
#7798=CARTESIAN_POINT('',(-0.141094236054615,-0.0503389551452726,-0.00892208788775393));
#7799=CARTESIAN_POINT('',(-0.141054481684914,-0.0503423297761259,-0.0089219182919978));
#7800=CARTESIAN_POINT('',(-0.141004148527465,-0.050345919740546,-0.00892175285798938));
#7801=CARTESIAN_POINT('',(-0.1409571302612,-0.0503490645330408,-0.00892160495016454));
#7802=CARTESIAN_POINT('',(-0.140936199178007,-0.0503503480579483,-0.00892154172377481));
#7803=CARTESIAN_POINT('',(-0.140898891353081,-0.0503524473801473,-0.00892143252704136));
#7804=CARTESIAN_POINT('',(-0.140848380221361,-0.0503549942000877,-0.00892129166936382));
#7805=CARTESIAN_POINT('',(-0.14079701347528,-0.0503572735924336,-0.00892116978867007));
#7806=CARTESIAN_POINT('',(-0.140697616074198,-0.0503612541516588,-0.00892095461457248));
#7807=CARTESIAN_POINT('',(-0.140637948204815,-0.0503629914804893,-0.00892085314909683));
#7808=CARTESIAN_POINT('',(-0.140521300358191,-0.0503657777821925,-0.00892068982351761));
#7809=CARTESIAN_POINT('',(-0.140463890592302,-0.0503668558370713,-0.00892062718990678));
#7810=CARTESIAN_POINT('',(-0.140294927201616,-0.0503692918226318,-0.00892048498568524));
#7811=CARTESIAN_POINT('',(-0.140187290880634,-0.0503698328751081,-0.0089204505581683));
#7812=CARTESIAN_POINT('',(-0.140080845150305,-0.0503698328729656,-0.00892045055828466));
#7813=CARTESIAN_POINT('',(-0.145447568672587,-0.0449485517199944,-0.00945099550142067));
#7814=CARTESIAN_POINT('',(-0.145447107159664,-0.0450587599811991,-0.00944432510176422));
#7815=CARTESIAN_POINT('',(-0.145445735372385,-0.0451709478549527,-0.0094375849738959));
#7816=CARTESIAN_POINT('',(-0.145440393332171,-0.045401018007921,-0.00942391080005526));
#7817=CARTESIAN_POINT('',(-0.145436443627573,-0.0455188645444057,-0.00941697819516035));
#7818=CARTESIAN_POINT('',(-0.145426434382008,-0.0457079868332129,-0.00940616034521653));
#7819=CARTESIAN_POINT('',(-0.145422430924949,-0.0457729365058907,-0.00940248932907165));
#7820=CARTESIAN_POINT('',(-0.145414810991311,-0.0458754430386354,-0.0093968084563631));
#7821=CARTESIAN_POINT('',(-0.145411952607513,-0.0459107020318593,-0.00939487757535745));
#7822=CARTESIAN_POINT('',(-0.145405102413924,-0.0459857152529461,-0.00939086291876556));
#7823=CARTESIAN_POINT('',(-0.145401181753418,-0.046025091827712,-0.00938879166981882));
#7824=CARTESIAN_POINT('',(-0.145394342835234,-0.0460872893695669,-0.00938557456786313));
#7825=CARTESIAN_POINT('',(-0.145389286374091,-0.0461307427567812,-0.00938336177378202));
#7826=CARTESIAN_POINT('',(-0.145381741035247,-0.0461858351690141,-0.00938075754550295));
#7827=CARTESIAN_POINT('',(-0.145376219246977,-0.0462246733747443,-0.00937888205237934));
#7828=CARTESIAN_POINT('',(-0.145374411173837,-0.0462371417929037,-0.00937827189801897));
#7829=CARTESIAN_POINT('',(-0.145367530670454,-0.0462837208157357,-0.00937593725127244));
#7830=CARTESIAN_POINT('',(-0.145356931229838,-0.0463506307876316,-0.00937232129161939));
#7831=CARTESIAN_POINT('',(-0.145336063362597,-0.0464704483877926,-0.00936624662516694));
#7832=CARTESIAN_POINT('',(-0.145318964022536,-0.0465562736102149,-0.00936185335164675));
#7833=CARTESIAN_POINT('',(-0.145291484852325,-0.0466859936778489,-0.00935523240110762));
#7834=CARTESIAN_POINT('',(-0.145270593063267,-0.046774654301725,-0.00935075266685033));
#7835=CARTESIAN_POINT('',(-0.145223708844128,-0.0469528997548341,-0.00934178753646408));
#7836=CARTESIAN_POINT('',(-0.145171776835469,-0.0471317210399187,-0.00933282649629395));
#7837=CARTESIAN_POINT('',(-0.145075613473737,-0.0474053293480045,-0.00931928340943018));
#7838=CARTESIAN_POINT('',(-0.145001661457942,-0.0475841382421412,-0.00931043677492516));
#7839=CARTESIAN_POINT('',(-0.144938613620646,-0.0477230328535959,-0.00930365985638637));
#7840=CARTESIAN_POINT('',(-0.144916328855706,-0.0477701728945641,-0.00930137560127519));
#7841=CARTESIAN_POINT('',(-0.144868606848682,-0.0478668525021733,-0.00929673286486796));
#7842=CARTESIAN_POINT('',(-0.144843179303132,-0.0479163043747982,-0.00929437763388176));
#7843=CARTESIAN_POINT('',(-0.144761420230173,-0.0480677545659522,-0.00928722361474036));
#7844=CARTESIAN_POINT('',(-0.144699584305493,-0.0481729788479763,-0.00928233173305657));
#7845=CARTESIAN_POINT('',(-0.144557305443122,-0.0483897339460552,-0.00927240700147734));
#7846=CARTESIAN_POINT('',(-0.144396531411606,-0.0486122700173024,-0.00926236037106981));
#7847=CARTESIAN_POINT('',(-0.144191990958591,-0.0488366955426354,-0.00925246884277354));
#7848=CARTESIAN_POINT('',(-0.143974011235324,-0.0490480602398144,-0.0092431731926819));
#7849=CARTESIAN_POINT('',(-0.143858173163707,-0.0491471623280244,-0.00923882530836009));
#7850=CARTESIAN_POINT('',(-0.143687954422101,-0.0492773032724983,-0.0092330356480207));
#7851=CARTESIAN_POINT('',(-0.143575976153447,-0.0493580177886234,-0.00922941492578797));
#7852=CARTESIAN_POINT('',(-0.143474174727037,-0.0494247564046593,-0.00922632635879422));
#7853=CARTESIAN_POINT('',(-0.143371947234694,-0.0494886243501655,-0.00922336105749098));
#7854=CARTESIAN_POINT('',(-0.143320032837383,-0.0495195195097306,-0.00922192617302886));
#7855=CARTESIAN_POINT('',(-0.143214964435153,-0.0495793842612306,-0.00921914779111205));
#7856=CARTESIAN_POINT('',(-0.143056383847655,-0.0496656982539201,-0.00921513809873151));
#7857=CARTESIAN_POINT('',(-0.142905751919922,-0.049736001884573,-0.00921180179349057));
#7858=CARTESIAN_POINT('',(-0.142709166438549,-0.0498198768345373,-0.00920778513798038));
#7859=CARTESIAN_POINT('',(-0.142612560870474,-0.0498571509523516,-0.00920598307964383));
#7860=CARTESIAN_POINT('',(-0.142424329411707,-0.0499240581328061,-0.00920272075014259));
#7861=CARTESIAN_POINT('',(-0.142333384702702,-0.0499534687536475,-0.00920126808087004));
#7862=CARTESIAN_POINT('',(-0.142157763988799,-0.050005569023649,-0.00919866301261324));
#7863=CARTESIAN_POINT('',(-0.14198656999597,-0.0500513015792611,-0.00919634701971684));
#7864=CARTESIAN_POINT('',(-0.141715209414503,-0.0501101910301604,-0.00919340217053165));
#7865=CARTESIAN_POINT('',(-0.141502098690821,-0.0501454797688386,-0.00919159445521865));
#7866=CARTESIAN_POINT('',(-0.14137994729074,-0.0501621744877476,-0.00919073010882497));
#7867=CARTESIAN_POINT('',(-0.141298824780056,-0.0501724069351639,-0.00919019913176187));
#7868=CARTESIAN_POINT('',(-0.141258248777321,-0.0501770792081636,-0.00918995619201371));
#7869=CARTESIAN_POINT('',(-0.141197539746881,-0.0501834702460208,-0.00918962324245252));
#7870=CARTESIAN_POINT('',(-0.141177414545051,-0.0501854953307562,-0.00918951754168377));
#7871=CARTESIAN_POINT('',(-0.141137842504011,-0.0501893312404802,-0.0091893165065046));
#7872=CARTESIAN_POINT('',(-0.141118577923631,-0.050191133402635,-0.00918922140421668));
#7873=CARTESIAN_POINT('',(-0.141080271910668,-0.0501945630440543,-0.00918904020690838));
#7874=CARTESIAN_POINT('',(-0.141041460010186,-0.0501978526539188,-0.00918886708837767));
#7875=CARTESIAN_POINT('',(-0.140992706516539,-0.0502013225190771,-0.00918869719583079));
#7876=CARTESIAN_POINT('',(-0.1409470690855,-0.0502043676905444,-0.00918854559129987));
#7877=CARTESIAN_POINT('',(-0.140926673664039,-0.050205615972487,-0.00918848104103013));
#7878=CARTESIAN_POINT('',(-0.140890163640889,-0.0502076686769087,-0.00918837003962874));
#7879=CARTESIAN_POINT('',(-0.140840521941692,-0.0502101748797647,-0.00918822752425218));
#7880=CARTESIAN_POINT('',(-0.140790076403161,-0.0502124097097205,-0.00918810394640534));
#7881=CARTESIAN_POINT('',(-0.140692320765421,-0.050216316773092,-0.00918788597823461));
#7882=CARTESIAN_POINT('',(-0.140633350417317,-0.0502180362985235,-0.00918778378907024));
#7883=CARTESIAN_POINT('',(-0.140517936548462,-0.0502207951065881,-0.00918761935651645));
#7884=CARTESIAN_POINT('',(-0.140461089129452,-0.0502218614001738,-0.0091875562718766));
#7885=CARTESIAN_POINT('',(-0.140293615992046,-0.0502242720562407,-0.00918741309947867));
#7886=CARTESIAN_POINT('',(-0.140186670993135,-0.0502248128814846,-0.00918737863768165));
#7887=CARTESIAN_POINT('',(-0.140080845150305,-0.0502248128793694,-0.00918737863779913));
#7888=CARTESIAN_POINT('',(-0.145390443727712,-0.04495415830374,-0.00953865697974792));
#7889=CARTESIAN_POINT('',(-0.145389972578114,-0.0450640755902717,-0.00953197586951269));
#7890=CARTESIAN_POINT('',(-0.145388592268972,-0.045175928892556,-0.00952522332534497));
#7891=CARTESIAN_POINT('',(-0.145383237268263,-0.0454051984591162,-0.00951151949222418));
#7892=CARTESIAN_POINT('',(-0.145379283040341,-0.0455225797654086,-0.00950456962770403));
#7893=CARTESIAN_POINT('',(-0.145369287023617,-0.0457107203310014,-0.00949371438755282));
#7894=CARTESIAN_POINT('',(-0.145365290900368,-0.0457752988849649,-0.00949002922342061));
#7895=CARTESIAN_POINT('',(-0.145357691606816,-0.0458771325303897,-0.00948432272997201));
#7896=CARTESIAN_POINT('',(-0.145354842356242,-0.0459121423392854,-0.00948238231133761));
#7897=CARTESIAN_POINT('',(-0.145348020984078,-0.045986554853034,-0.00947834415869926));
#7898=CARTESIAN_POINT('',(-0.145344119000977,-0.0460255885621103,-0.00947625939188344));
#7899=CARTESIAN_POINT('',(-0.145337316357269,-0.0460872009694548,-0.00947301976298205));
#7900=CARTESIAN_POINT('',(-0.145332289358886,-0.0461302190117022,-0.00947079009951828));
#7901=CARTESIAN_POINT('',(-0.145324804877696,-0.0461846100659891,-0.00946815662292223));
#7902=CARTESIAN_POINT('',(-0.145319325423427,-0.0462229779270224,-0.00946626366982216));
#7903=CARTESIAN_POINT('',(-0.145317530768779,-0.0462353002972066,-0.00946564853804732));
#7904=CARTESIAN_POINT('',(-0.145310698118781,-0.0462813695072225,-0.00946329903992951));
#7905=CARTESIAN_POINT('',(-0.145300157798182,-0.0463477167024211,-0.00945967959194731));
#7906=CARTESIAN_POINT('',(-0.145279442862228,-0.0464663134608407,-0.00945355643632563));
#7907=CARTESIAN_POINT('',(-0.145262472266521,-0.0465512767731818,-0.00944913556098426));
#7908=CARTESIAN_POINT('',(-0.145235206748946,-0.046679677776396,-0.00944247253014159));
#7909=CARTESIAN_POINT('',(-0.145214487157348,-0.046767405075126,-0.00943796129815747));
#7910=CARTESIAN_POINT('',(-0.145168008203081,-0.04694373661484,-0.00942893267029707));
#7911=CARTESIAN_POINT('',(-0.14511654137689,-0.0471206043300147,-0.00941990864693712));
#7912=CARTESIAN_POINT('',(-0.145021312346506,-0.0473910815783469,-0.00940626526190907));
#7913=CARTESIAN_POINT('',(-0.144948097720543,-0.0475678348992432,-0.00939735327812209));
#7914=CARTESIAN_POINT('',(-0.144885719197599,-0.0477050544238125,-0.00939052332802839));
#7915=CARTESIAN_POINT('',(-0.144863676965822,-0.0477516129509198,-0.0093882206927721));
#7916=CARTESIAN_POINT('',(-0.144816490756142,-0.0478470654252005,-0.00938353925665738));
#7917=CARTESIAN_POINT('',(-0.14479135637534,-0.0478958735125044,-0.00938116377216455));
#7918=CARTESIAN_POINT('',(-0.144710568914771,-0.0480453025002125,-0.00937394647213592));
#7919=CARTESIAN_POINT('',(-0.144649503844562,-0.0481490565332602,-0.00936900896599551));
#7920=CARTESIAN_POINT('',(-0.144509097935589,-0.0483626507688685,-0.00935898766455299));
#7921=CARTESIAN_POINT('',(-0.144350526947165,-0.0485818175465997,-0.00934883945016659));
#7922=CARTESIAN_POINT('',(-0.14414900820642,-0.0488026266420651,-0.00933884248489883));
#7923=CARTESIAN_POINT('',(-0.143934299420198,-0.0490105606166203,-0.0093294475549523));
#7924=CARTESIAN_POINT('',(-0.143820224434173,-0.0491080407822782,-0.0093250532390978));
#7925=CARTESIAN_POINT('',(-0.143652534562192,-0.049236108378752,-0.00931920611038586));
#7926=CARTESIAN_POINT('',(-0.143542196108663,-0.0493155590453081,-0.00931555081095575));
#7927=CARTESIAN_POINT('',(-0.143441779813039,-0.0493813319997731,-0.00931243499558198));
#7928=CARTESIAN_POINT('',(-0.143340934717007,-0.0494442830312754,-0.00930944388417987));
#7929=CARTESIAN_POINT('',(-0.143289723110816,-0.0494747345197922,-0.00930799660231814));
#7930=CARTESIAN_POINT('',(-0.14318607848242,-0.0495337370329694,-0.00930519432968186));
#7931=CARTESIAN_POINT('',(-0.143029641402759,-0.0496188097055797,-0.00930115047457799));
#7932=CARTESIAN_POINT('',(-0.142880949926417,-0.0496881590300864,-0.00929778785717156));
#7933=CARTESIAN_POINT('',(-0.142686834106361,-0.0497709246144042,-0.00929374066244653));
#7934=CARTESIAN_POINT('',(-0.142591414363202,-0.0498077193640276,-0.00929192544855407));
#7935=CARTESIAN_POINT('',(-0.142405421451598,-0.0498737884228369,-0.00928864017929007));
#7936=CARTESIAN_POINT('',(-0.142315514175027,-0.049902845749313,-0.00928717786866828));
#7937=CARTESIAN_POINT('',(-0.142141807996173,-0.0499543461818397,-0.00928455642251303));
#7938=CARTESIAN_POINT('',(-0.141972409772102,-0.0499995762281604,-0.00928222670065719));
#7939=CARTESIAN_POINT('',(-0.141704020055248,-0.0500577882086074,-0.00927926311014181));
#7940=CARTESIAN_POINT('',(-0.141493072703642,-0.0500927056693974,-0.00927744532645213));
#7941=CARTESIAN_POINT('',(-0.141372086184937,-0.0501092326470227,-0.00927657631723198));
#7942=CARTESIAN_POINT('',(-0.14129173331724,-0.0501193631981771,-0.00927604253043527));
#7943=CARTESIAN_POINT('',(-0.141251542728387,-0.0501239892722339,-0.00927579833866887));
#7944=CARTESIAN_POINT('',(-0.141191408349606,-0.0501303175493176,-0.00927546371670698));
#7945=CARTESIAN_POINT('',(-0.141171472087791,-0.0501323229116232,-0.00927535749102251));
#7946=CARTESIAN_POINT('',(-0.141132261817694,-0.050136122215559,-0.00927515545857359));
#7947=CARTESIAN_POINT('',(-0.14111316579599,-0.050137907772988,-0.00927505988772417));
#7948=CARTESIAN_POINT('',(-0.141075191264541,-0.0501413060942796,-0.00927487777435119));
#7949=CARTESIAN_POINT('',(-0.141036722298743,-0.0501445651588098,-0.00927470374564398));
#7950=CARTESIAN_POINT('',(-0.140988543571709,-0.0501479918688895,-0.00927453272481876));
#7951=CARTESIAN_POINT('',(-0.14094340855815,-0.0501510012438417,-0.0092743801848725));
#7952=CARTESIAN_POINT('',(-0.140923208034592,-0.0501522368624036,-0.00927431529877956));
#7953=CARTESIAN_POINT('',(-0.140886988283166,-0.0501542728173022,-0.00927420383688487));
#7954=CARTESIAN_POINT('',(-0.140837662909836,-0.0501567644283385,-0.00927406089431853));
#7955=CARTESIAN_POINT('',(-0.140787552537422,-0.0501589832469276,-0.00927393688477656));
#7956=CARTESIAN_POINT('',(-0.14069039422524,-0.0501628639030355,-0.00927371820614413));
#7957=CARTESIAN_POINT('',(-0.140631677649826,-0.0501645770326248,-0.00927361583062607));
#7958=CARTESIAN_POINT('',(-0.140516712727408,-0.0501673259634205,-0.0092734511134738));
#7959=CARTESIAN_POINT('',(-0.140460069902568,-0.0501683880312381,-0.00927338791391262));
#7960=CARTESIAN_POINT('',(-0.140293138951095,-0.0501707895865042,-0.00927324449500564));
#7961=CARTESIAN_POINT('',(-0.140186445466482,-0.0501713303306431,-0.00927321002331963));
#7962=CARTESIAN_POINT('',(-0.140080845150305,-0.0501713303285396,-0.00927321002343737));
#7963=CARTESIAN_POINT('',(-0.145265589466571,-0.0449647568306683,-0.00970436975258533));
#7964=CARTESIAN_POINT('',(-0.145265105646792,-0.0450740387176495,-0.00969767406367687));
#7965=CARTESIAN_POINT('',(-0.145263716341379,-0.0451851615647505,-0.00969090458822582));
#7966=CARTESIAN_POINT('',(-0.145258356013889,-0.0454126836723061,-0.00967716031001306));
#7967=CARTESIAN_POINT('',(-0.145254405247211,-0.0455290496823627,-0.0096701868974589));
#7968=CARTESIAN_POINT('',(-0.145244466062074,-0.0457150490679599,-0.00965928035438827));
#7969=CARTESIAN_POINT('',(-0.145240496500459,-0.0457788183281043,-0.00965557577020335));
#7970=CARTESIAN_POINT('',(-0.145232961340367,-0.0458791850277944,-0.00964983410290651));
#7971=CARTESIAN_POINT('',(-0.145230139077555,-0.0459136516790251,-0.00964788057534019));
#7972=CARTESIAN_POINT('',(-0.145223397536387,-0.0459867551842042,-0.00964380999251353));
#7973=CARTESIAN_POINT('',(-0.145219545955859,-0.0460250418745017,-0.00964170653802229));
#7974=CARTESIAN_POINT('',(-0.145212838902531,-0.0460853796575552,-0.0096384358875687));
#7975=CARTESIAN_POINT('',(-0.145207888394894,-0.0461274495045874,-0.00963618296243797));
#7976=CARTESIAN_POINT('',(-0.145200556163949,-0.0461803137216476,-0.00963350863090186));
#7977=CARTESIAN_POINT('',(-0.145195182165424,-0.0462176577176315,-0.00963159176678178));
#7978=CARTESIAN_POINT('',(-0.145193420859728,-0.0462296621754986,-0.00963096992923141));
#7979=CARTESIAN_POINT('',(-0.145186706880059,-0.0462746216738251,-0.00962860110868604));
#7980=CARTESIAN_POINT('',(-0.145176311524677,-0.0463397440925767,-0.00962498122458485));
#7981=CARTESIAN_POINT('',(-0.145155963599388,-0.0464556856065466,-0.00961879079699679));
#7982=CARTESIAN_POINT('',(-0.14513929728184,-0.0465387753505205,-0.00961433313377358));
#7983=CARTESIAN_POINT('',(-0.145112533420093,-0.0466643099001143,-0.00960761403674816));
#7984=CARTESIAN_POINT('',(-0.145092214256448,-0.0467500100865534,-0.00960306030824068));
#7985=CARTESIAN_POINT('',(-0.145046669204908,-0.0469221873040874,-0.00959394622261592));
#7986=CARTESIAN_POINT('',(-0.144996267059216,-0.0470948171361976,-0.00958483785274256));
#7987=CARTESIAN_POINT('',(-0.144903151890704,-0.0473585108718705,-0.00957106004996697));
#7988=CARTESIAN_POINT('',(-0.144831592360197,-0.0475308161346254,-0.00956206045039411));
#7989=CARTESIAN_POINT('',(-0.144770709887146,-0.0476644136314737,-0.009555159373477));
#7990=CARTESIAN_POINT('',(-0.144749208931902,-0.0477097151591741,-0.00955283208168402));
#7991=CARTESIAN_POINT('',(-0.144703216580957,-0.0478025159639273,-0.00954809872574214));
#7992=CARTESIAN_POINT('',(-0.144678734505319,-0.0478499333667391,-0.00954569606815531));
#7993=CARTESIAN_POINT('',(-0.144600105110863,-0.0479949980006404,-0.00953839389490596));
#7994=CARTESIAN_POINT('',(-0.144540747690654,-0.0480955796604404,-0.00953339523517571));
#7995=CARTESIAN_POINT('',(-0.14440447658178,-0.0483023603605793,-0.00952324470355345));
#7996=CARTESIAN_POINT('',(-0.144250756939846,-0.0485142704282783,-0.0095129607340851));
#7997=CARTESIAN_POINT('',(-0.144055856344473,-0.0487273062469235,-0.00950282338468015));
#7998=CARTESIAN_POINT('',(-0.143848294220132,-0.0489278729129267,-0.00949329626380731));
#7999=CARTESIAN_POINT('',(-0.14373806326291,-0.0490218736840047,-0.00948884015444508));
#8000=CARTESIAN_POINT('',(-0.143575878415409,-0.0491454963678701,-0.00948291700369724));
#8001=CARTESIAN_POINT('',(-0.143469106872935,-0.0492222386302025,-0.00947921606561013));
#8002=CARTESIAN_POINT('',(-0.143371700130475,-0.0492859433408059,-0.00947606399507749));
#8003=CARTESIAN_POINT('',(-0.143273857157884,-0.0493469310170598,-0.00947303854499459));
#8004=CARTESIAN_POINT('',(-0.143224171077929,-0.0493764327264588,-0.00947157478833317));
#8005=CARTESIAN_POINT('',(-0.143123615886507,-0.0494335897448492,-0.00946874081689128));
#8006=CARTESIAN_POINT('',(-0.142971828269998,-0.049516006089154,-0.00946465168531717));
#8007=CARTESIAN_POINT('',(-0.142827340904361,-0.0495833146223009,-0.0094612541376096));
#8008=CARTESIAN_POINT('',(-0.142638573074054,-0.0496637084380838,-0.00945716639523074));
#8009=CARTESIAN_POINT('',(-0.142545719882874,-0.0496994786213094,-0.00945533371674836));
#8010=CARTESIAN_POINT('',(-0.142364570540087,-0.0497637565800829,-0.00945201800429991));
#8011=CARTESIAN_POINT('',(-0.142276907179185,-0.0497920590637878,-0.00945054290192822));
#8012=CARTESIAN_POINT('',(-0.142107341034133,-0.0498422780642693,-0.00944789971819127));
#8013=CARTESIAN_POINT('',(-0.141941824845604,-0.0498864348194462,-0.00944555176490024));
#8014=CARTESIAN_POINT('',(-0.141679854996266,-0.0499432001139575,-0.00944256320779809));
#8015=CARTESIAN_POINT('',(-0.141473580971254,-0.049977324902822,-0.00944073206546444));
#8016=CARTESIAN_POINT('',(-0.141355110510013,-0.0499934937794973,-0.00943985683477377));
#8017=CARTESIAN_POINT('',(-0.141276419938287,-0.0500034068033226,-0.00943931930550461));
#8018=CARTESIAN_POINT('',(-0.141237061736555,-0.0500079342550332,-0.00943907345243419));
#8019=CARTESIAN_POINT('',(-0.141178168401053,-0.0500141285573555,-0.00943873661978204));
#8020=CARTESIAN_POINT('',(-0.141158640175611,-0.0500160918188671,-0.00943862970040598));
#8021=CARTESIAN_POINT('',(-0.141120211180377,-0.0500198129822662,-0.0094384263430165));
#8022=CARTESIAN_POINT('',(-0.141101479171771,-0.0500215630946972,-0.00943833014482874));
#8023=CARTESIAN_POINT('',(-0.14106422048714,-0.0500248945594519,-0.00943814679570087));
#8024=CARTESIAN_POINT('',(-0.14102649209034,-0.0500280884219254,-0.00943797153451807));
#8025=CARTESIAN_POINT('',(-0.140979554530839,-0.0500314230149585,-0.00943779902866674));
#8026=CARTESIAN_POINT('',(-0.140935504442924,-0.0500343559804971,-0.00943764525767415));
#8027=CARTESIAN_POINT('',(-0.140915724778311,-0.0500355645686724,-0.00943757992809507));
#8028=CARTESIAN_POINT('',(-0.140880131825181,-0.0500375647715283,-0.00943746785308572));
#8029=CARTESIAN_POINT('',(-0.140831489494298,-0.0500400252368406,-0.00943732433406309));
#8030=CARTESIAN_POINT('',(-0.140782102852212,-0.0500422098791945,-0.00943719975224529));
#8031=CARTESIAN_POINT('',(-0.140686234350438,-0.0500460341691253,-0.00943698013225026));
#8032=CARTESIAN_POINT('',(-0.140628065733441,-0.0500477336472891,-0.00943687750551721));
#8033=CARTESIAN_POINT('',(-0.140514070197732,-0.0500504614956545,-0.00943671240554169));
#8034=CARTESIAN_POINT('',(-0.140457869144156,-0.0500515145436068,-0.009436649053284));
#8035=CARTESIAN_POINT('',(-0.140292108909153,-0.0500538966733197,-0.00943650530716517));
#8036=CARTESIAN_POINT('',(-0.140185958500684,-0.0500544372447633,-0.00943647082020014));
#8037=CARTESIAN_POINT('',(-0.140080845150305,-0.0500544372426848,-0.00943647082031823));
#8038=CARTESIAN_POINT('',(-0.145197870318872,-0.0449697474767549,-0.00978240076640841));
#8039=CARTESIAN_POINT('',(-0.145197383468557,-0.0450786849908623,-0.00977570121457521));
#8040=CARTESIAN_POINT('',(-0.145195993691652,-0.0451894120140799,-0.00976892723036585));
#8041=CARTESIAN_POINT('',(-0.145190641003516,-0.0454159873922803,-0.0097551721812168));
#8042=CARTESIAN_POINT('',(-0.145186698224132,-0.0455318034195672,-0.00974819248899932));
#8043=CARTESIAN_POINT('',(-0.145176802642991,-0.045716643524397,-0.00973727205433819));
#8044=CARTESIAN_POINT('',(-0.145172852309241,-0.045779974675998,-0.00973356220613663));
#8045=CARTESIAN_POINT('',(-0.145165360641271,-0.0458795474380192,-0.00972781100034559));
#8046=CARTESIAN_POINT('',(-0.145162556232244,-0.0459137201606444,-0.00972585390702868));
#8047=CARTESIAN_POINT('',(-0.145155865697407,-0.0459861154725225,-0.00972177440476148));
#8048=CARTESIAN_POINT('',(-0.145152045839752,-0.0460239980713608,-0.00971966578914476));
#8049=CARTESIAN_POINT('',(-0.145145398097803,-0.0460836464697959,-0.00971638665763203));
#8050=CARTESIAN_POINT('',(-0.145140494614291,-0.0461252035448482,-0.00971412735059369));
#8051=CARTESIAN_POINT('',(-0.145133253766526,-0.0461772424089929,-0.00971144143436956));
#8052=CARTESIAN_POINT('',(-0.145127942883923,-0.04621403296918,-0.00970951812867869));
#8053=CARTESIAN_POINT('',(-0.145126201506987,-0.046225865588922,-0.00970889456462854));
#8054=CARTESIAN_POINT('',(-0.145119558339048,-0.0462702252796673,-0.00970652127338074));
#8055=CARTESIAN_POINT('',(-0.145109248826561,-0.0463346857983133,-0.00970290441047433));
#8056=CARTESIAN_POINT('',(-0.145089114956531,-0.0464491931298167,-0.00969669523298258));
#8057=CARTESIAN_POINT('',(-0.145072624154315,-0.046531271370576,-0.00969222839100555));
#8058=CARTESIAN_POINT('',(-0.145046148264489,-0.0466552587684355,-0.00968549531909782));
#8059=CARTESIAN_POINT('',(-0.145026057304736,-0.0467398653361184,-0.0096809306040436));
#8060=CARTESIAN_POINT('',(-0.144981040827287,-0.0469098024905583,-0.00967179458121112));
#8061=CARTESIAN_POINT('',(-0.144931238105708,-0.0470801483626791,-0.00966266486773172));
#8062=CARTESIAN_POINT('',(-0.144839302314616,-0.0473401902131436,-0.00964885297754939));
#8063=CARTESIAN_POINT('',(-0.144768660366455,-0.0475101033646696,-0.00963983113270441));
#8064=CARTESIAN_POINT('',(-0.144708604515884,-0.047641754225672,-0.00963291197793976));
#8065=CARTESIAN_POINT('',(-0.144687402262885,-0.0476863803737772,-0.00963057841582847));
#8066=CARTESIAN_POINT('',(-0.144642067882127,-0.0477777568660751,-0.00962583185259197));
#8067=CARTESIAN_POINT('',(-0.144617944896835,-0.0478244274871785,-0.00962342228213595));
#8068=CARTESIAN_POINT('',(-0.14454050178951,-0.0479671493398289,-0.00961609853734095));
#8069=CARTESIAN_POINT('',(-0.14448208103189,-0.048066029144274,-0.0096110843631791));
#8070=CARTESIAN_POINT('',(-0.144348071444352,-0.0482691577508253,-0.00960090120082317));
#8071=CARTESIAN_POINT('',(-0.144196999721065,-0.0484771810208058,-0.00959058309001855));
#8072=CARTESIAN_POINT('',(-0.144005695024785,-0.0486860606599351,-0.00958041082061467));
#8073=CARTESIAN_POINT('',(-0.143802008043843,-0.0488826913745109,-0.00957085081432294));
#8074=CARTESIAN_POINT('',(-0.143693857714869,-0.0489748349742604,-0.00956637935478708));
#8075=CARTESIAN_POINT('',(-0.143534648569088,-0.0490960864788014,-0.00956043766168793));
#8076=CARTESIAN_POINT('',(-0.143429803828225,-0.0491713844216213,-0.00955672566822185));
#8077=CARTESIAN_POINT('',(-0.14333402125861,-0.0492339867296643,-0.00955356459780682));
#8078=CARTESIAN_POINT('',(-0.143237797763814,-0.0492939281354327,-0.00955053062565857));
#8079=CARTESIAN_POINT('',(-0.143188934292089,-0.0493229238194486,-0.00954906279459096));
#8080=CARTESIAN_POINT('',(-0.143090044506566,-0.0493790977421673,-0.00954622102047866));
#8081=CARTESIAN_POINT('',(-0.142940762457785,-0.0494600993098719,-0.00954212078253486));
#8082=CARTESIAN_POINT('',(-0.142798538399539,-0.0495263215361227,-0.00953871462280757));
#8083=CARTESIAN_POINT('',(-0.142612648449211,-0.0496054531564331,-0.0095346168791354));
#8084=CARTESIAN_POINT('',(-0.1425211757695,-0.0496406782311413,-0.00953277989468259));
#8085=CARTESIAN_POINT('',(-0.142342631041093,-0.0497040033683914,-0.0095294566840814));
#8086=CARTESIAN_POINT('',(-0.142256173974522,-0.0497319043698504,-0.00952797843350184));
#8087=CARTESIAN_POINT('',(-0.142088832979392,-0.0497814418881212,-0.00952532989386621));
#8088=CARTESIAN_POINT('',(-0.141925402730211,-0.0498250279556127,-0.00952297744134315));
#8089=CARTESIAN_POINT('',(-0.141666881341563,-0.0498810241615853,-0.00951998266397726));
#8090=CARTESIAN_POINT('',(-0.141463116875928,-0.0499147276260641,-0.00951814823367409));
#8091=CARTESIAN_POINT('',(-0.141345997377936,-0.0499307061745151,-0.00951727144565208));
#8092=CARTESIAN_POINT('',(-0.141268199318557,-0.0499405035863802,-0.00951673298438905));
#8093=CARTESIAN_POINT('',(-0.141229288019629,-0.0499449786233568,-0.00951648672231965));
#8094=CARTESIAN_POINT('',(-0.141171060970722,-0.049951101723476,-0.00951614935170109));
#8095=CARTESIAN_POINT('',(-0.141151751807106,-0.0499530426103272,-0.00951604226364934));
#8096=CARTESIAN_POINT('',(-0.141113742249668,-0.0499567222458461,-0.00951583857882938));
#8097=CARTESIAN_POINT('',(-0.141095205664676,-0.0499584535211159,-0.00951574222201202));
#8098=CARTESIAN_POINT('',(-0.141058331284756,-0.0499617494553211,-0.00951555855354786));
#8099=CARTESIAN_POINT('',(-0.141021000459581,-0.0499649086667829,-0.0095153829704508));
#8100=CARTESIAN_POINT('',(-0.140974729195929,-0.0499681943059583,-0.00951521010802414));
#8101=CARTESIAN_POINT('',(-0.140931261524331,-0.049971086665326,-0.00951505604154254));
#8102=CARTESIAN_POINT('',(-0.140911707785131,-0.0499722808888741,-0.0095149906043624));
#8103=CARTESIAN_POINT('',(-0.140876451305504,-0.0499742620923525,-0.00951487837685206));
#8104=CARTESIAN_POINT('',(-0.140828175633364,-0.0499767060064907,-0.00951473470872931));
#8105=CARTESIAN_POINT('',(-0.140779177494211,-0.0499788724869819,-0.00951460998642586));
#8106=CARTESIAN_POINT('',(-0.140684001368075,-0.0499826668229568,-0.0095143901356831));
#8107=CARTESIAN_POINT('',(-0.140626126890404,-0.0499843590467348,-0.00951428744415946));
#8108=CARTESIAN_POINT('',(-0.140512651712881,-0.0499870756917876,-0.00951412224606149));
#8109=CARTESIAN_POINT('',(-0.140456687798989,-0.0499881239464348,-0.00951405885605663));
#8110=CARTESIAN_POINT('',(-0.140291555995387,-0.0499904957531017,-0.00951391502929265));
#8111=CARTESIAN_POINT('',(-0.140185697102777,-0.049991036232971,-0.00951388053695463));
#8112=CARTESIAN_POINT('',(-0.140080845150305,-0.049991036230906,-0.00951388053707278));
#8113=CARTESIAN_POINT('',(-0.144979132462256,-0.0449837088147435,-0.0100006926145354));
#8114=CARTESIAN_POINT('',(-0.144978646611578,-0.0450915347132128,-0.00999399206504574));
#8115=CARTESIAN_POINT('',(-0.144977267667102,-0.0452009842262889,-0.00998721678014481));
#8116=CARTESIAN_POINT('',(-0.144971969164723,-0.0454245046181595,-0.00997345862075026));
#8117=CARTESIAN_POINT('',(-0.144968069300952,-0.0455385461383885,-0.00996647706338553));
#8118=CARTESIAN_POINT('',(-0.144958350139279,-0.0457196474742018,-0.00995555123538754));
#8119=CARTESIAN_POINT('',(-0.144954475328119,-0.0457815658621148,-0.00995183931069377));
#8120=CARTESIAN_POINT('',(-0.144947148365881,-0.045878578951905,-0.00994608431761259));
#8121=CARTESIAN_POINT('',(-0.144944410560804,-0.045911804147501,-0.00994412574427648));
#8122=CARTESIAN_POINT('',(-0.144937906083071,-0.0459819169504513,-0.00994004196040119));
#8123=CARTESIAN_POINT('',(-0.144934200789013,-0.0460184973168,-0.0099379307426075));
#8124=CARTESIAN_POINT('',(-0.144927765318787,-0.046075924412213,-0.00993464783879224));
#8125=CARTESIAN_POINT('',(-0.144923029049095,-0.0461158294269649,-0.0099323855620101));
#8126=CARTESIAN_POINT('',(-0.144916107312903,-0.0461652100303038,-0.00992969205239408));
#8127=CARTESIAN_POINT('',(-0.14491101681604,-0.046200218252397,-0.00992776644553797));
#8128=CARTESIAN_POINT('',(-0.144909345035585,-0.0462114974949078,-0.00992714274263719));
#8129=CARTESIAN_POINT('',(-0.144902949392829,-0.0462539257171513,-0.0099247722422414));
#8130=CARTESIAN_POINT('',(-0.144892940743047,-0.0463162554911067,-0.00992117520372545));
#8131=CARTESIAN_POINT('',(-0.144873539430559,-0.0464261470233241,-0.00991495558226045));
#8132=CARTESIAN_POINT('',(-0.144857645591025,-0.0465049713585255,-0.00991048983141088));
#8133=CARTESIAN_POINT('',(-0.14483214540599,-0.0466239828426065,-0.00990375851047659));
#8134=CARTESIAN_POINT('',(-0.144812822790824,-0.046705073524935,-0.00989919262885673));
#8135=CARTESIAN_POINT('',(-0.144769576269326,-0.0468678124724075,-0.009890055247779));
#8136=CARTESIAN_POINT('',(-0.14472177242633,-0.0470308224488676,-0.0098809261454434));
#8137=CARTESIAN_POINT('',(-0.144633739856001,-0.0472791462677116,-0.00986711476246111));
#8138=CARTESIAN_POINT('',(-0.144566118499928,-0.0474413908365016,-0.00985809308075156));
#8139=CARTESIAN_POINT('',(-0.14450877602814,-0.0475668047841098,-0.00985117393817927));
#8140=CARTESIAN_POINT('',(-0.144488553215804,-0.0476092675888991,-0.00984884035805049));
#8141=CARTESIAN_POINT('',(-0.144445373904516,-0.0476960829888016,-0.00984409373324545));
#8142=CARTESIAN_POINT('',(-0.144422425897468,-0.0477403627797471,-0.00984168412668189));
#8143=CARTESIAN_POINT('',(-0.144348859635972,-0.0478755865817757,-0.00983436039719108));
#8144=CARTESIAN_POINT('',(-0.144293494253779,-0.0479690227113458,-0.00982934641384026));
#8145=CARTESIAN_POINT('',(-0.144166843625986,-0.0481604785016394,-0.00981916462843199));
#8146=CARTESIAN_POINT('',(-0.144024372684351,-0.048356087065906,-0.00980884882681102));
#8147=CARTESIAN_POINT('',(-0.14384470171532,-0.0485517129557508,-0.00979868136838512));
#8148=CARTESIAN_POINT('',(-0.143653529241081,-0.0487358014082844,-0.00978912586753716));
#8149=CARTESIAN_POINT('',(-0.143552087493921,-0.0488220318642571,-0.00978465665292774));
#8150=CARTESIAN_POINT('',(-0.143402461702633,-0.0489357378368157,-0.00977871987328488));
#8151=CARTESIAN_POINT('',(-0.143303818678519,-0.0490064412104835,-0.00977501130838272));
#8152=CARTESIAN_POINT('',(-0.143213259174824,-0.0490655380488552,-0.0097718515922045));
#8153=CARTESIAN_POINT('',(-0.143122241671507,-0.049122153135017,-0.0097688189154327));
#8154=CARTESIAN_POINT('',(-0.143076021626779,-0.0491495403901866,-0.00976735179538569));
#8155=CARTESIAN_POINT('',(-0.142982482123937,-0.0492025899582049,-0.00976451162065706));
#8156=CARTESIAN_POINT('',(-0.142841247189477,-0.0492790960144605,-0.00976041390865864));
#8157=CARTESIAN_POINT('',(-0.142706285610617,-0.0493418682701072,-0.00975700942252598));
#8158=CARTESIAN_POINT('',(-0.142529626581068,-0.0494169921639155,-0.00975291359397628));
#8159=CARTESIAN_POINT('',(-0.142442580183029,-0.0494504868188146,-0.00975107744529949));
#8160=CARTESIAN_POINT('',(-0.142272384590559,-0.0495107876050926,-0.00974775574015494));
#8161=CARTESIAN_POINT('',(-0.142189793266267,-0.0495374144848781,-0.00974627813711924));
#8162=CARTESIAN_POINT('',(-0.142029581721504,-0.0495847895187318,-0.00974363065995155));
#8163=CARTESIAN_POINT('',(-0.141872833308796,-0.0496265649701975,-0.00974127905305709));
#8164=CARTESIAN_POINT('',(-0.141625354989242,-0.0496801214531422,-0.00973828506356953));
#8165=CARTESIAN_POINT('',(-0.141429624799025,-0.0497124886404655,-0.00973645130755306));
#8166=CARTESIAN_POINT('',(-0.141316829928917,-0.0497278635518978,-0.00973557467001462));
#8167=CARTESIAN_POINT('',(-0.141241888828636,-0.0497372943048468,-0.00973503632945126));
#8168=CARTESIAN_POINT('',(-0.141204408025363,-0.049741603118507,-0.00973479015059207));
#8169=CARTESIAN_POINT('',(-0.141148313639992,-0.0497475004235247,-0.00973445293018388));
#8170=CARTESIAN_POINT('',(-0.141129705644639,-0.0497493703570243,-0.0097343458900989));
#8171=CARTESIAN_POINT('',(-0.141093038602582,-0.0497529182978304,-0.00973414226384387));
#8172=CARTESIAN_POINT('',(-0.1410751275146,-0.0497545898332482,-0.0097340459121686));
#8173=CARTESIAN_POINT('',(-0.141039483176122,-0.0497577730808219,-0.00973386221073853));
#8174=CARTESIAN_POINT('',(-0.141003424840246,-0.0497608223926893,-0.00973368657324986));
#8175=CARTESIAN_POINT('',(-0.140959286103518,-0.049763952802117,-0.00973351384188499));
#8176=CARTESIAN_POINT('',(-0.14091768248424,-0.0497667164023131,-0.0097333598846921));
#8177=CARTESIAN_POINT('',(-0.140898851822829,-0.0497678650760335,-0.00973329447965585));
#8178=CARTESIAN_POINT('',(-0.140864672219323,-0.0497697860303246,-0.00973318227307174));
#8179=CARTESIAN_POINT('',(-0.140817570008787,-0.0497721774546794,-0.00973303858871682));
#8180=CARTESIAN_POINT('',(-0.14076981525066,-0.0497742863437603,-0.00973291389761281));
#8181=CARTESIAN_POINT('',(-0.140676855024975,-0.0497779856959093,-0.00973269410034281));
#8182=CARTESIAN_POINT('',(-0.14061992189925,-0.0497796549139324,-0.00973259140289167));
#8183=CARTESIAN_POINT('',(-0.14050811205515,-0.0497823360304366,-0.00973242619968175));
#8184=CARTESIAN_POINT('',(-0.140452907075979,-0.0497833690853297,-0.00973236281642734));
#8185=CARTESIAN_POINT('',(-0.140289786482726,-0.0497857081574461,-0.00973221900561115));
#8186=CARTESIAN_POINT('',(-0.140184860538259,-0.0497862483459902,-0.00973218450370491));
#8187=CARTESIAN_POINT('',(-0.140080845150305,-0.049786248343968,-0.00973218450382291));
#8188=CARTESIAN_POINT('',(-0.144811495139886,-0.044991697438059,-0.0101255983613172));
#8189=CARTESIAN_POINT('',(-0.144811023552716,-0.045098672330186,-0.0101189114123686));
#8190=CARTESIAN_POINT('',(-0.144809668359896,-0.0452071440672512,-0.010112151719456));
#8191=CARTESIAN_POINT('',(-0.144804448285284,-0.0454283269423391,-0.0100984308013825));
#8192=CARTESIAN_POINT('',(-0.144800602710898,-0.0455410109825534,-0.0100914708490249));
#8193=CARTESIAN_POINT('',(-0.144791063158127,-0.0457192542174518,-0.0100805901881318));
#8194=CARTESIAN_POINT('',(-0.144787262968523,-0.0457800928311559,-0.0100768953109945));
#8195=CARTESIAN_POINT('',(-0.144780092463145,-0.0458751502287724,-0.0100711711575841));
#8196=CARTESIAN_POINT('',(-0.144777416848556,-0.0459076516065947,-0.0100692239798834));
#8197=CARTESIAN_POINT('',(-0.144771081500546,-0.0459760213746508,-0.0100651675003751));
#8198=CARTESIAN_POINT('',(-0.144767479067215,-0.046011607485709,-0.0100630718235654));
#8199=CARTESIAN_POINT('',(-0.1447612320759,-0.0460673390226899,-0.0100598155022383));
#8200=CARTESIAN_POINT('',(-0.144756643051024,-0.0461059832020812,-0.0100575729568215));
#8201=CARTESIAN_POINT('',(-0.144749995562235,-0.0461533361177463,-0.0100549106988744));
#8202=CARTESIAN_POINT('',(-0.144745094595617,-0.046186985003369,-0.0100530064524405));
#8203=CARTESIAN_POINT('',(-0.144743482708736,-0.0461978422409352,-0.0100523894655795));
#8204=CARTESIAN_POINT('',(-0.14473730051588,-0.04623879770591,-0.0100500428881033));
#8205=CARTESIAN_POINT('',(-0.144727553056569,-0.0462995037848979,-0.0100464746971253));
#8206=CARTESIAN_POINT('',(-0.144708764318734,-0.0464058786989154,-0.0100403094836608));
#8207=CARTESIAN_POINT('',(-0.14469336576246,-0.0464822260128172,-0.0100358832305066));
#8208=CARTESIAN_POINT('',(-0.144668670623939,-0.046597451017233,-0.0100292122318322));
#8209=CARTESIAN_POINT('',(-0.144649976024295,-0.046675867969957,-0.010024688500556));
#8210=CARTESIAN_POINT('',(-0.144608164562847,-0.0468331371798871,-0.0100156372959348));
#8211=CARTESIAN_POINT('',(-0.144561971413298,-0.046990577065621,-0.010006596045339));
#8212=CARTESIAN_POINT('',(-0.144477047996209,-0.0472300180385814,-0.00999292399525526));
#8213=CARTESIAN_POINT('',(-0.144411812855502,-0.0473864584585332,-0.00998399289368376));
#8214=CARTESIAN_POINT('',(-0.144356604309647,-0.0475071563688859,-0.0099771471125907));
#8215=CARTESIAN_POINT('',(-0.144337150480787,-0.0475479840407445,-0.00997483893187261));
#8216=CARTESIAN_POINT('',(-0.144295660191094,-0.0476313535172347,-0.00997014575741391));
#8217=CARTESIAN_POINT('',(-0.144273631627304,-0.047673827783514,-0.00996776411940927));
#8218=CARTESIAN_POINT('',(-0.144203093127519,-0.0478033921851047,-0.00996052793063674));
#8219=CARTESIAN_POINT('',(-0.144150106901774,-0.0478927234533837,-0.00995557727978974));
#8220=CARTESIAN_POINT('',(-0.144029164092733,-0.048075388712346,-0.00994553071903323));
#8221=CARTESIAN_POINT('',(-0.143893344851489,-0.0482616585728541,-0.00993535820049602));
#8222=CARTESIAN_POINT('',(-0.143722613521087,-0.0484473418704707,-0.00992534236108485));
#8223=CARTESIAN_POINT('',(-0.143541029051827,-0.048622033180663,-0.00991592959132001));
#8224=CARTESIAN_POINT('',(-0.143444713683189,-0.0487038395333392,-0.0099115272930912));
#8225=CARTESIAN_POINT('',(-0.143302396950133,-0.0488119055119678,-0.00990567590143722));
#8226=CARTESIAN_POINT('',(-0.143208479312841,-0.0488791765860279,-0.0099020192793215));
#8227=CARTESIAN_POINT('',(-0.143121893676919,-0.0489356564786089,-0.00989889887380674));
#8228=CARTESIAN_POINT('',(-0.143034834553751,-0.0489897892027025,-0.00989590344742855));
#8229=CARTESIAN_POINT('',(-0.142990623256766,-0.0490159765531319,-0.00989445432652945));
#8230=CARTESIAN_POINT('',(-0.142901147621844,-0.0490666959267455,-0.00989164911293026));
#8231=CARTESIAN_POINT('',(-0.142766022095701,-0.0491398501373591,-0.00988760168074746));
#8232=CARTESIAN_POINT('',(-0.142636565903111,-0.0492000524116438,-0.0098842355916316));
#8233=CARTESIAN_POINT('',(-0.142466899901658,-0.0492721919141298,-0.0098801842950911));
#8234=CARTESIAN_POINT('',(-0.142383204463951,-0.0493043985209951,-0.00987836734243072));
#8235=CARTESIAN_POINT('',(-0.142219327208794,-0.0493624485426776,-0.00987507916763336));
#8236=CARTESIAN_POINT('',(-0.142139660007293,-0.0493881274895026,-0.00987361567472201));
#8237=CARTESIAN_POINT('',(-0.141984839591555,-0.0494338939504531,-0.00987099212131148));
#8238=CARTESIAN_POINT('',(-0.14183314182858,-0.049474322942867,-0.00986866051447149));
#8239=CARTESIAN_POINT('',(-0.141594006530194,-0.0495260655743197,-0.00986569338661135));
#8240=CARTESIAN_POINT('',(-0.141404343518471,-0.0495574396285616,-0.00986387436272296));
#8241=CARTESIAN_POINT('',(-0.141294813885107,-0.0495723659170295,-0.00986300435358134));
#8242=CARTESIAN_POINT('',(-0.141222029754577,-0.0495815241848076,-0.0098624700432097));
#8243=CARTESIAN_POINT('',(-0.141185628890158,-0.0495857094800891,-0.00986222569553492));
#8244=CARTESIAN_POINT('',(-0.141131144462613,-0.0495914390131668,-0.00986189096805547));
#8245=CARTESIAN_POINT('',(-0.141113065770785,-0.0495932562273889,-0.0098617847114096));
#8246=CARTESIAN_POINT('',(-0.141077412162331,-0.0495967063110878,-0.00986158253448264));
#8247=CARTESIAN_POINT('',(-0.141059973240986,-0.0495983334516025,-0.00986148683690101));
#8248=CARTESIAN_POINT('',(-0.141025257404263,-0.0496014329482266,-0.00986130436260878));
#8249=CARTESIAN_POINT('',(-0.140990159592387,-0.0496044005762944,-0.00986112991838971));
#8250=CARTESIAN_POINT('',(-0.140947630499407,-0.0496074156622658,-0.00986095890455326));
#8251=CARTESIAN_POINT('',(-0.14090743386213,-0.0496100836053036,-0.00986080637205804));
#8252=CARTESIAN_POINT('',(-0.1408891489682,-0.0496111984382022,-0.00986074146998672));
#8253=CARTESIAN_POINT('',(-0.140855782157443,-0.0496130746264082,-0.00986062992528974));
#8254=CARTESIAN_POINT('',(-0.14080956561168,-0.0496154270430609,-0.00986048681215418));
#8255=CARTESIAN_POINT('',(-0.140762749301139,-0.0496174931438359,-0.00986036275545248));
#8256=CARTESIAN_POINT('',(-0.140671461527091,-0.0496211219271,-0.00986014400479535));
#8257=CARTESIAN_POINT('',(-0.14061523886076,-0.0496227740491669,-0.00986004155788712));
#8258=CARTESIAN_POINT('',(-0.140504685880507,-0.049625428764561,-0.00985987674213436));
#8259=CARTESIAN_POINT('',(-0.140450053689189,-0.0496264505263671,-0.00985981352598286));
#8260=CARTESIAN_POINT('',(-0.140288451005589,-0.0496287652777595,-0.00985967007531791));
#8261=CARTESIAN_POINT('',(-0.140184229168148,-0.0496293052480817,-0.00985963557534702));
#8262=CARTESIAN_POINT('',(-0.140080845150305,-0.0496293052460913,-0.00985963557546447));
#8263=CARTESIAN_POINT('',(-0.144445287958792,-0.0450048804371174,-0.0103317205274497));
#8264=CARTESIAN_POINT('',(-0.144444868467373,-0.0451099976953248,-0.010325085287533));
#8265=CARTESIAN_POINT('',(-0.144443589078125,-0.0452163354280003,-0.0103183849689085));
#8266=CARTESIAN_POINT('',(-0.144438597453568,-0.0454324177490864,-0.0103048058681863));
#8267=CARTESIAN_POINT('',(-0.144434903583396,-0.0455421401505104,-0.0102979282254098));
#8268=CARTESIAN_POINT('',(-0.144425824636521,-0.045714150835598,-0.0102872205363918));
#8269=CARTESIAN_POINT('',(-0.144422213178843,-0.0457726351561858,-0.0102835909694527));
#8270=CARTESIAN_POINT('',(-0.144415430886612,-0.0458634294761086,-0.0102779849855254));
#8271=CARTESIAN_POINT('',(-0.144412908224119,-0.0458943532500898,-0.0102760815215124));
#8272=CARTESIAN_POINT('',(-0.144406982823811,-0.0459589248028491,-0.0102721302232021));
#8273=CARTESIAN_POINT('',(-0.144403628014695,-0.0459923446353982,-0.0102700945124544));
#8274=CARTESIAN_POINT('',(-0.144397832234193,-0.0460443825824232,-0.0102669403599334));
#8275=CARTESIAN_POINT('',(-0.144393594036503,-0.046080280478746,-0.010264773753912));
#8276=CARTESIAN_POINT('',(-0.144387590109018,-0.0461232182009108,-0.0102622335035459));
#8277=CARTESIAN_POINT('',(-0.144383134978145,-0.0461539077448209,-0.0102604109299688));
#8278=CARTESIAN_POINT('',(-0.144381664216365,-0.0461638463648409,-0.0102598192743767));
#8279=CARTESIAN_POINT('',(-0.144375986573008,-0.0462015964856217,-0.010257560972742));
#8280=CARTESIAN_POINT('',(-0.144366863932641,-0.046258771650577,-0.0102540894329031));
#8281=CARTESIAN_POINT('',(-0.144349490795985,-0.0463574962701102,-0.0102481349735086));
#8282=CARTESIAN_POINT('',(-0.144335234052159,-0.0464284587572552,-0.0102438565578847));
#8283=CARTESIAN_POINT('',(-0.144312388339394,-0.0465354545320454,-0.0102374112918634));
#8284=CARTESIAN_POINT('',(-0.144295127017452,-0.0466080631598184,-0.0102330467145212));
#8285=CARTESIAN_POINT('',(-0.144256573915642,-0.0467534569778018,-0.0102243202896204));
#8286=CARTESIAN_POINT('',(-0.14421402370953,-0.0468988105372294,-0.0102156089451223));
#8287=CARTESIAN_POINT('',(-0.144136078103635,-0.0471190001442493,-0.0102024603916683));
#8288=CARTESIAN_POINT('',(-0.144076168129071,-0.047262875839076,-0.0101938697156333));
#8289=CARTESIAN_POINT('',(-0.14402570703432,-0.0473733717357855,-0.0101872997206616));
#8290=CARTESIAN_POINT('',(-0.144007962009867,-0.0474106632679141,-0.0101850870369339));
#8291=CARTESIAN_POINT('',(-0.143970220413369,-0.0474865830028622,-0.0101805948400955));
#8292=CARTESIAN_POINT('',(-0.14395023028912,-0.0475251551144269,-0.0101783183684774));
#8293=CARTESIAN_POINT('',(-0.143886395312535,-0.0476424931189329,-0.0101714112685523));
#8294=CARTESIAN_POINT('',(-0.143838665741607,-0.0477229626866115,-0.0101666985918721));
#8295=CARTESIAN_POINT('',(-0.143730299558803,-0.0478866692503872,-0.0101571595456394));
#8296=CARTESIAN_POINT('',(-0.143609106794059,-0.0480528152228801,-0.0101475242597442));
#8297=CARTESIAN_POINT('',(-0.143457943053118,-0.0482171177472685,-0.0101380754144632));
#8298=CARTESIAN_POINT('',(-0.143297300432042,-0.0483716201494346,-0.0101291964007444));
#8299=CARTESIAN_POINT('',(-0.143212160736361,-0.0484439318637508,-0.0101250442510894));
#8300=CARTESIAN_POINT('',(-0.143085755914667,-0.0485399031149795,-0.0101195107662442));
#8301=CARTESIAN_POINT('',(-0.143002118303501,-0.0485998170731893,-0.0101160472526686));
#8302=CARTESIAN_POINT('',(-0.14292416823361,-0.0486506900959295,-0.0101130737645492));
#8303=CARTESIAN_POINT('',(-0.142845707035016,-0.0486995056725813,-0.0101102175463601));
#8304=CARTESIAN_POINT('',(-0.142805857023625,-0.0487231235862821,-0.010108835635912));
#8305=CARTESIAN_POINT('',(-0.142725201754732,-0.048768854201889,-0.0101061608326964));
#8306=CARTESIAN_POINT('',(-0.142603331753835,-0.0488348340349793,-0.0101023008088717));
#8307=CARTESIAN_POINT('',(-0.14248580716353,-0.0488895391530607,-0.0100990779918042));
#8308=CARTESIAN_POINT('',(-0.142331289567426,-0.0489552968322057,-0.0100951928730445));
#8309=CARTESIAN_POINT('',(-0.14225484944316,-0.0489847499354113,-0.0100934475457794));
#8310=CARTESIAN_POINT('',(-0.142104648362956,-0.0490379891318731,-0.0100902844523055));
#8311=CARTESIAN_POINT('',(-0.142031308341077,-0.049061642420191,-0.010088873586335));
#8312=CARTESIAN_POINT('',(-0.141888150401335,-0.0491039719548826,-0.0100863392836027));
#8313=CARTESIAN_POINT('',(-0.141747375339444,-0.0491415246618201,-0.0100840823155587));
#8314=CARTESIAN_POINT('',(-0.141526276190351,-0.0491893931854584,-0.0100812156527816));
#8315=CARTESIAN_POINT('',(-0.141349725024023,-0.0492186466934867,-0.0100794515746603));
#8316=CARTESIAN_POINT('',(-0.141247251028491,-0.0492326150409625,-0.0100786063839456));
#8317=CARTESIAN_POINT('',(-0.141179127547559,-0.0492411915078019,-0.0100780871451301));
#8318=CARTESIAN_POINT('',(-0.141145060040644,-0.049245113098513,-0.0100778496274821));
#8319=CARTESIAN_POINT('',(-0.141094054028884,-0.0492504844813899,-0.0100775241748236));
#8320=CARTESIAN_POINT('',(-0.141077118911979,-0.0492521891553021,-0.0100774208324417));
#8321=CARTESIAN_POINT('',(-0.141043654829819,-0.0492554303232697,-0.0100772240658924));
#8322=CARTESIAN_POINT('',(-0.141027236014996,-0.0492569626708839,-0.0100771308235475));
#8323=CARTESIAN_POINT('',(-0.140994526162452,-0.0492598833126979,-0.0100769529824982));
#8324=CARTESIAN_POINT('',(-0.140961503485281,-0.0492626764868625,-0.010076783057799));
#8325=CARTESIAN_POINT('',(-0.140922451790741,-0.0492654454220263,-0.0100766184164582));
#8326=CARTESIAN_POINT('',(-0.140885294705938,-0.0492679091921534,-0.0100764711696132));
#8327=CARTESIAN_POINT('',(-0.140868188836624,-0.0492689517905441,-0.0100764081376283));
#8328=CARTESIAN_POINT('',(-0.1408365778804,-0.0492707324099894,-0.0100762990674527));
#8329=CARTESIAN_POINT('',(-0.140792274567339,-0.049273001529385,-0.0100761581115962));
#8330=CARTESIAN_POINT('',(-0.140747485531675,-0.0492749762919422,-0.0100760364196065));
#8331=CARTESIAN_POINT('',(-0.140659810644461,-0.0492784544366585,-0.0100758215688741));
#8332=CARTESIAN_POINT('',(-0.140605122693888,-0.0492800700534032,-0.0100757200673439));
#8333=CARTESIAN_POINT('',(-0.140497284757202,-0.0492826683967203,-0.0100755567112943));
#8334=CARTESIAN_POINT('',(-0.140443889892006,-0.0492836660511331,-0.0100754941191825));
#8335=CARTESIAN_POINT('',(-0.140285566164519,-0.0492859288858057,-0.0100753520124585));
#8336=CARTESIAN_POINT('',(-0.140182865304948,-0.0492864683837199,-0.0100753175251285));
#8337=CARTESIAN_POINT('',(-0.140080845150305,-0.0492864683817977,-0.0100753175252441));
#8338=CARTESIAN_POINT('',(-0.144247369419987,-0.0450100540375189,-0.0104126121149207));
#8339=CARTESIAN_POINT('',(-0.144246987678055,-0.0451141679713254,-0.0104060148801229));
#8340=CARTESIAN_POINT('',(-0.14424576022085,-0.045219353270704,-0.0103993582253932));
#8341=CARTESIAN_POINT('',(-0.144240918248148,-0.0454326816248573,-0.0103858834178856));
#8342=CARTESIAN_POINT('',(-0.144237321545235,-0.0455408051341865,-0.010379066315652));
#8343=CARTESIAN_POINT('',(-0.144228522856661,-0.0457094524600545,-0.010368486089352));
#8344=CARTESIAN_POINT('',(-0.144225025205006,-0.0457666664509674,-0.0103649046559655));
#8345=CARTESIAN_POINT('',(-0.144218474035893,-0.0458551609717286,-0.0103593857682712));
#8346=CARTESIAN_POINT('',(-0.144216041885959,-0.0458852337675007,-0.010357514536039));
#8347=CARTESIAN_POINT('',(-0.144210356646233,-0.0459477569035312,-0.0103536409082719));
#8348=CARTESIAN_POINT('',(-0.144207146204736,-0.0459800085713208,-0.0103516495052747));
#8349=CARTESIAN_POINT('',(-0.144201612414124,-0.0460300550640983,-0.0103485707378254));
#8350=CARTESIAN_POINT('',(-0.144197577223521,-0.0460644724041536,-0.0103464601905305));
#8351=CARTESIAN_POINT('',(-0.144191941607972,-0.0461050304971394,-0.0103440104613975));
#8352=CARTESIAN_POINT('',(-0.144187742020787,-0.0461341253063072,-0.0103422480377323));
#8353=CARTESIAN_POINT('',(-0.144186352235893,-0.0461435689479085,-0.0103416749458413));
#8354=CARTESIAN_POINT('',(-0.144180964706362,-0.0461795921732193,-0.0103394808111917));
#8355=CARTESIAN_POINT('',(-0.144172204098713,-0.0462348663338579,-0.0103360768387541));
#8356=CARTESIAN_POINT('',(-0.144155631656122,-0.0463294709102415,-0.0103302783149703));
#8357=CARTESIAN_POINT('',(-0.144142019346089,-0.0463975351596335,-0.0103261079348298));
#8358=CARTESIAN_POINT('',(-0.144120214622819,-0.0465001028045371,-0.0103198276143134));
#8359=CARTESIAN_POINT('',(-0.144103755998857,-0.0465695871620528,-0.0103155797174592));
#8360=CARTESIAN_POINT('',(-0.144067020348043,-0.0467085964282647,-0.0103070912344803));
#8361=CARTESIAN_POINT('',(-0.144026495813335,-0.0468474552190601,-0.010298621268672));
#8362=CARTESIAN_POINT('',(-0.143952406314039,-0.0470573104810167,-0.0102858558079614));
#8363=CARTESIAN_POINT('',(-0.143895425734907,-0.0471944478967297,-0.0102775142811421));
#8364=CARTESIAN_POINT('',(-0.143847569658442,-0.0472994759180058,-0.0102711461470052));
#8365=CARTESIAN_POINT('',(-0.143830761394632,-0.0473348727168813,-0.0102690033656605));
#8366=CARTESIAN_POINT('',(-0.143795072759524,-0.0474068018491363,-0.0102646582853332));
#8367=CARTESIAN_POINT('',(-0.143776197984163,-0.0474432842521127,-0.0102624587966078));
#8368=CARTESIAN_POINT('',(-0.143716026777455,-0.0475540769419471,-0.0102557925720469));
#8369=CARTESIAN_POINT('',(-0.143671165304493,-0.047629805379556,-0.0102512540502543));
#8370=CARTESIAN_POINT('',(-0.143569645443418,-0.0477833773632071,-0.010242086254437));
#8371=CARTESIAN_POINT('',(-0.143456401311151,-0.0479387737759094,-0.010232843816676));
#8372=CARTESIAN_POINT('',(-0.143315830586392,-0.048091675892218,-0.0102238091817879));
#8373=CARTESIAN_POINT('',(-0.143166504467359,-0.0482354221770555,-0.0102153200970414));
#8374=CARTESIAN_POINT('',(-0.143087394159362,-0.0483026801085704,-0.0102113506660201));
#8375=CARTESIAN_POINT('',(-0.142969563847684,-0.0483922179182072,-0.0102060490453528));
#8376=CARTESIAN_POINT('',(-0.14289146256836,-0.0484482200000073,-0.0102027262994928));
#8377=CARTESIAN_POINT('',(-0.142818158847153,-0.0484961129788312,-0.0101998601167894));
#8378=CARTESIAN_POINT('',(-0.142744321914828,-0.0485421031378231,-0.0101971055709238));
#8379=CARTESIAN_POINT('',(-0.142706816692553,-0.0485643560439865,-0.010195772733879));
#8380=CARTESIAN_POINT('',(-0.142630902251157,-0.0486074368754699,-0.0101931931121334));
#8381=CARTESIAN_POINT('',(-0.142516154819635,-0.0486696067965554,-0.0101894698318271));
#8382=CARTESIAN_POINT('',(-0.142405035270313,-0.0487213944092327,-0.0101863515958721));
#8383=CARTESIAN_POINT('',(-0.142258646176763,-0.0487837658802742,-0.0101825877820624));
#8384=CARTESIAN_POINT('',(-0.14218609753815,-0.0488117583693501,-0.010180894737292));
#8385=CARTESIAN_POINT('',(-0.142043230044729,-0.0488624459624773,-0.0101778229382557));
#8386=CARTESIAN_POINT('',(-0.141973281862694,-0.0488850250854805,-0.0101764504811656));
#8387=CARTESIAN_POINT('',(-0.14183637459832,-0.0489255323074993,-0.0101739813223606));
#8388=CARTESIAN_POINT('',(-0.141701452231768,-0.0489615602434172,-0.0101717788400887));
#8389=CARTESIAN_POINT('',(-0.141490014258333,-0.0490073753266909,-0.0101689855752055));
#8390=CARTESIAN_POINT('',(-0.141320484534046,-0.0490355051465252,-0.0101672615980939));
#8391=CARTESIAN_POINT('',(-0.141221788443445,-0.0490489658620244,-0.0101664345466744));
#8392=CARTESIAN_POINT('',(-0.141156160388118,-0.0490572340364431,-0.0101659263183879));
#8393=CARTESIAN_POINT('',(-0.141123342167434,-0.049061015904157,-0.0101656937855836));
#8394=CARTESIAN_POINT('',(-0.141074198453359,-0.0490661975370255,-0.0101653750957753));
#8395=CARTESIAN_POINT('',(-0.141057875582604,-0.0490678425873005,-0.0101652738782344));
#8396=CARTESIAN_POINT('',(-0.141025583715606,-0.0490709730637571,-0.0101650810616523));
#8397=CARTESIAN_POINT('',(-0.141009711034164,-0.0490724551804226,-0.0101649896154402));
#8398=CARTESIAN_POINT('',(-0.140978075111754,-0.0490752810345104,-0.0101648151710789));
#8399=CARTESIAN_POINT('',(-0.140946163370609,-0.0490779817474198,-0.0101646485634636));
#8400=CARTESIAN_POINT('',(-0.140908973272637,-0.0490806202863841,-0.0101644885639826));
#8401=CARTESIAN_POINT('',(-0.140873443375599,-0.0490829758983692,-0.0101643451672176));
#8402=CARTESIAN_POINT('',(-0.140856968675535,-0.0490839802297374,-0.0101642834985133));
#8403=CARTESIAN_POINT('',(-0.140826297671795,-0.0490857102145663,-0.0101641762359088));
#8404=CARTESIAN_POINT('',(-0.140783018538791,-0.0490879351916506,-0.0101640368617281));
#8405=CARTESIAN_POINT('',(-0.140739314740488,-0.0490898615646663,-0.0101639168951995));
#8406=CARTESIAN_POINT('',(-0.140653573890726,-0.0490932599041647,-0.0101637048897813));
#8407=CARTESIAN_POINT('',(-0.140599707478908,-0.0490948561760488,-0.0101636040811661));
#8408=CARTESIAN_POINT('',(-0.140493322914243,-0.0490974246479118,-0.0101634417943866));
#8409=CARTESIAN_POINT('',(-0.140440590396284,-0.0490984095303713,-0.0101633796579268));
#8410=CARTESIAN_POINT('',(-0.140284021908949,-0.0491006448602314,-0.0101632385322281));
#8411=CARTESIAN_POINT('',(-0.140182135226944,-0.0491011841050254,-0.0101632040556057));
#8412=CARTESIAN_POINT('',(-0.140080845150305,-0.0491011841031394,-0.0101632040557199));
#8413=CARTESIAN_POINT('',(-0.143846321479507,-0.045017533986402,-0.0105295645063688));
#8414=CARTESIAN_POINT('',(-0.143846031288665,-0.0451196158267509,-0.0105230594674728));
#8415=CARTESIAN_POINT('',(-0.143844926316999,-0.0452224672873402,-0.0105165087182724));
#8416=CARTESIAN_POINT('',(-0.143840428799282,-0.0454302192483937,-0.0105032868706548));
#8417=CARTESIAN_POINT('',(-0.143837052895469,-0.0455351055380566,-0.0104966166006772));
#8418=CARTESIAN_POINT('',(-0.143828871878824,-0.0456969454083899,-0.0104863453478542));
#8419=CARTESIAN_POINT('',(-0.143825623608647,-0.0457515884827896,-0.0104828805871757));
#8420=CARTESIAN_POINT('',(-0.143819574672256,-0.045835429372244,-0.010477572812498));
#8421=CARTESIAN_POINT('',(-0.143817338440367,-0.0458637803631876,-0.0104757796980939));
#8422=CARTESIAN_POINT('',(-0.143812169714792,-0.0459221595194271,-0.0104720942325416));
#8423=CARTESIAN_POINT('',(-0.143809268780574,-0.0459520481841537,-0.010470210149821));
#8424=CARTESIAN_POINT('',(-0.14380429486211,-0.0459980667780668,-0.0104673140537087));
#8425=CARTESIAN_POINT('',(-0.143800692512088,-0.0460294897910397,-0.0104653393278875));
#8426=CARTESIAN_POINT('',(-0.143795836943982,-0.0460652363717634,-0.0104631085943156));
#8427=CARTESIAN_POINT('',(-0.143792178283783,-0.0460911070171421,-0.0104614920097332));
#8428=CARTESIAN_POINT('',(-0.143790959864051,-0.0460995499963125,-0.0104609639938886));
#8429=CARTESIAN_POINT('',(-0.143786186209712,-0.0461320823861463,-0.010458926049575));
#8430=CARTESIAN_POINT('',(-0.143778190940756,-0.0461835154314029,-0.0104556885126155));
#8431=CARTESIAN_POINT('',(-0.14376329879025,-0.0462697942946392,-0.0104502675457037));
#8432=CARTESIAN_POINT('',(-0.143751034052346,-0.0463320043768339,-0.0104463597160003));
#8433=CARTESIAN_POINT('',(-0.14373140198553,-0.0464256292106081,-0.0104404802600406));
#8434=CARTESIAN_POINT('',(-0.143716613412564,-0.0464888058268629,-0.0104365156496865));
#8435=CARTESIAN_POINT('',(-0.143683647730887,-0.0466149298877979,-0.0104286049807715));
#8436=CARTESIAN_POINT('',(-0.14364731507952,-0.0467406859319201,-0.010420721406786));
#8437=CARTESIAN_POINT('',(-0.143581169728431,-0.0469297088264401,-0.0104088865534275));
#8438=CARTESIAN_POINT('',(-0.143530203993609,-0.0470532732109858,-0.0104011502399794));
#8439=CARTESIAN_POINT('',(-0.143487686820356,-0.047147292354189,-0.0103952724365609));
#8440=CARTESIAN_POINT('',(-0.143472797069433,-0.0471788751214359,-0.0103932994493287));
#8441=CARTESIAN_POINT('',(-0.143441309839397,-0.0472427730446633,-0.0103893117149184));
#8442=CARTESIAN_POINT('',(-0.143424716122582,-0.0472750507132168,-0.0103872992171482));
#8443=CARTESIAN_POINT('',(-0.143372031588457,-0.0473726769528552,-0.0103812180916202));
#8444=CARTESIAN_POINT('',(-0.143333023384579,-0.0474388727244606,-0.0103771026215121));
#8445=CARTESIAN_POINT('',(-0.143245451550556,-0.0475720809957419,-0.0103688367632616));
#8446=CARTESIAN_POINT('',(-0.143148380301812,-0.0477058901289224,-0.0103605488275079));
#8447=CARTESIAN_POINT('',(-0.143029300211065,-0.0478359293329438,-0.0103525208516827));
#8448=CARTESIAN_POINT('',(-0.142902901273891,-0.0479581183973011,-0.0103449794077733));
#8449=CARTESIAN_POINT('',(-0.142835991644077,-0.0480152548979948,-0.0103414540482754));
#8450=CARTESIAN_POINT('',(-0.142735496354785,-0.048091914392958,-0.0103367161603118));
#8451=CARTESIAN_POINT('',(-0.142668582725432,-0.0481400880417066,-0.0103337357108497));
#8452=CARTESIAN_POINT('',(-0.142604661782437,-0.0481820194914428,-0.0103311303189702));
#8453=CARTESIAN_POINT('',(-0.142540160232788,-0.0482223584353276,-0.0103286228743311));
#8454=CARTESIAN_POINT('',(-0.142507387289731,-0.0482418816449088,-0.0103274093127891));
#8455=CARTESIAN_POINT('',(-0.142441038766372,-0.0482796642273581,-0.0103250610581368));
#8456=CARTESIAN_POINT('',(-0.142340659822826,-0.0483342173601156,-0.0103216701980702));
#8457=CARTESIAN_POINT('',(-0.142242451922511,-0.0483801750147744,-0.0103188061669567));
#8458=CARTESIAN_POINT('',(-0.14211244358358,-0.0484357812057072,-0.0103153372051236));
#8459=CARTESIAN_POINT('',(-0.142047734624043,-0.0484608561637236,-0.0103137712425498));
#8460=CARTESIAN_POINT('',(-0.141919638378264,-0.0485064475126591,-0.0103109213561654));
#8461=CARTESIAN_POINT('',(-0.141856520491818,-0.0485268815733281,-0.0103096422622831));
#8462=CARTESIAN_POINT('',(-0.141732198525713,-0.0485637500619621,-0.010307331449431));
#8463=CARTESIAN_POINT('',(-0.141609057875505,-0.0485967338318464,-0.0103052614014103));
#8464=CARTESIAN_POINT('',(-0.141417063486238,-0.0486384498244213,-0.0103026465015364));
#8465=CARTESIAN_POINT('',(-0.141261661663359,-0.0486643369185301,-0.0103010200000016));
#8466=CARTESIAN_POINT('',(-0.141170566492399,-0.0486767844899464,-0.0103002370243289));
#8467=CARTESIAN_POINT('',(-0.141109958937432,-0.0486844373831625,-0.0102997555530641));
#8468=CARTESIAN_POINT('',(-0.141079654054303,-0.0486879404072077,-0.0102995351370982));
#8469=CARTESIAN_POINT('',(-0.141034256858638,-0.0486927433709783,-0.0102992328899371));
#8470=CARTESIAN_POINT('',(-0.141019165674162,-0.0486942694362016,-0.010299136838644));
#8471=CARTESIAN_POINT('',(-0.140989231994164,-0.0486971790115859,-0.0102989536226075));
#8472=CARTESIAN_POINT('',(-0.140974457981508,-0.0486985608813566,-0.0102988665396922));
#8473=CARTESIAN_POINT('',(-0.140944982491603,-0.0487011975581248,-0.0102987003422984));
#8474=CARTESIAN_POINT('',(-0.140915305605638,-0.0487037137336807,-0.0102985417860288));
#8475=CARTESIAN_POINT('',(-0.140881860374302,-0.0487060920685607,-0.0102983930753429));
#8476=CARTESIAN_POINT('',(-0.140849603779464,-0.0487082318530839,-0.0102982590418616));
#8477=CARTESIAN_POINT('',(-0.140834398748235,-0.048709159822511,-0.0102982006879229));
#8478=CARTESIAN_POINT('',(-0.140805618547931,-0.0487107887622384,-0.0102980978180654));
#8479=CARTESIAN_POINT('',(-0.140764399618799,-0.0487129256446238,-0.0102979622840097));
#8480=CARTESIAN_POINT('',(-0.140722878857572,-0.0487147554554158,-0.0102978465118732));
#8481=CARTESIAN_POINT('',(-0.14064102845962,-0.0487179945426791,-0.0102976414232866));
#8482=CARTESIAN_POINT('',(-0.140588814600678,-0.0487195522087993,-0.0102975422970933));
#8483=CARTESIAN_POINT('',(-0.140485353542056,-0.0487220610681491,-0.0102973826070424));
#8484=CARTESIAN_POINT('',(-0.140433953360971,-0.0487230204639708,-0.0102973215781284));
#8485=CARTESIAN_POINT('',(-0.140280915602713,-0.0487252009077128,-0.0102971828371015));
#8486=CARTESIAN_POINT('',(-0.140180666654989,-0.0487257396455669,-0.0102971483852802));
#8487=CARTESIAN_POINT('',(-0.140080845150305,-0.048725739643753,-0.0102971483853914));
#8488=CARTESIAN_POINT('',(-0.143643843397752,-0.0450198195595422,-0.0105653004784662));
#8489=CARTESIAN_POINT('',(-0.143643606925757,-0.0451208759340108,-0.0105588495269812));
#8490=CARTESIAN_POINT('',(-0.143642572387714,-0.0452225497841895,-0.0105523609010102));
#8491=CARTESIAN_POINT('',(-0.143638269302693,-0.0454274883893624,-0.0105392874372524));
#8492=CARTESIAN_POINT('',(-0.14363501678315,-0.0455307416181345,-0.0105327032949567));
#8493=CARTESIAN_POINT('',(-0.14362717244144,-0.045689148481829,-0.0105226132108407));
#8494=CARTESIAN_POINT('',(-0.143624059442372,-0.045742495158623,-0.0105192168602284));
#8495=CARTESIAN_POINT('',(-0.143618280982417,-0.0458239898022905,-0.0105140328687549));
#8496=CARTESIAN_POINT('',(-0.143616149906962,-0.045851472774473,-0.0105122855541268));
#8497=CARTESIAN_POINT('',(-0.143611256877561,-0.0459077631313242,-0.0105087103739583));
#8498=CARTESIAN_POINT('',(-0.143608520687135,-0.0459364608162063,-0.0105068891864361));
#8499=CARTESIAN_POINT('',(-0.143603843908916,-0.0459804495427788,-0.010504100175343));
#8500=CARTESIAN_POINT('',(-0.143600470817106,-0.0460103636763772,-0.0105022050629656));
#8501=CARTESIAN_POINT('',(-0.143596025982543,-0.0460436862506653,-0.0105001025690425));
#8502=CARTESIAN_POINT('',(-0.143592651943827,-0.0460679327374972,-0.0104985715111085));
#8503=CARTESIAN_POINT('',(-0.143591523657731,-0.0460758716668383,-0.010498069956081));
#8504=CARTESIAN_POINT('',(-0.143587072778984,-0.0461066458081204,-0.0104961238491814));
#8505=CARTESIAN_POINT('',(-0.143579479220249,-0.0461561449570599,-0.010492984944099));
#8506=CARTESIAN_POINT('',(-0.1435654643353,-0.0462382317834334,-0.0104877851879897));
#8507=CARTESIAN_POINT('',(-0.143553900640339,-0.046297495503888,-0.0104840315688885));
#8508=CARTESIAN_POINT('',(-0.143535396850733,-0.0463866202764933,-0.0104783875670921));
#8509=CARTESIAN_POINT('',(-0.143521473066585,-0.0464466237468335,-0.0104745892396479));
#8510=CARTESIAN_POINT('',(-0.143490454054457,-0.046566268256896,-0.0104670177815328));
#8511=CARTESIAN_POINT('',(-0.143456281036441,-0.0466854377899252,-0.0104594785450124));
#8512=CARTESIAN_POINT('',(-0.143394211175604,-0.0468639968370654,-0.0104481901352747));
#8513=CARTESIAN_POINT('',(-0.143346321334316,-0.0469807487667308,-0.0104408091897993));
#8514=CARTESIAN_POINT('',(-0.143306529539105,-0.0470692450082488,-0.010435219292457));
#8515=CARTESIAN_POINT('',(-0.143292618480137,-0.0470989147506662,-0.0104333460017576));
#8516=CARTESIAN_POINT('',(-0.143263272983572,-0.0471587852829959,-0.0104295680859904));
#8517=CARTESIAN_POINT('',(-0.14324784132902,-0.0471889548471749,-0.0104276653813478));
#8518=CARTESIAN_POINT('',(-0.143198967705991,-0.047279981633264,-0.0104219278067235));
#8519=CARTESIAN_POINT('',(-0.143162935272826,-0.0473414015781752,-0.0104180607466371));
#8520=CARTESIAN_POINT('',(-0.143082442658371,-0.0474644143009421,-0.0104103245360812));
#8521=CARTESIAN_POINT('',(-0.142993569517042,-0.0475874213388575,-0.0104025971527766));
#8522=CARTESIAN_POINT('',(-0.142885352109476,-0.0477060358115917,-0.0103951604608988));
#8523=CARTESIAN_POINT('',(-0.142770526510954,-0.0478174594211538,-0.0103881756328636));
#8524=CARTESIAN_POINT('',(-0.142709768264889,-0.0478695450260897,-0.010384911112696));
#8525=CARTESIAN_POINT('',(-0.142618005144852,-0.0479397809398493,-0.0103805044386161));
#8526=CARTESIAN_POINT('',(-0.142556724526166,-0.0479840509717889,-0.0103777251197984));
#8527=CARTESIAN_POINT('',(-0.142497524663125,-0.0480230108164876,-0.0103752729120107));
#8528=CARTESIAN_POINT('',(-0.142437718951726,-0.0480605333306388,-0.0103729106108028));
#8529=CARTESIAN_POINT('',(-0.142407325750035,-0.0480786963756262,-0.0103717671134604));
#8530=CARTESIAN_POINT('',(-0.142345786646606,-0.0481138392726434,-0.0103695547766473));
#8531=CARTESIAN_POINT('',(-0.142252630074107,-0.0481645981489544,-0.0103663592082779));
#8532=CARTESIAN_POINT('',(-0.142160907606783,-0.0482076530204359,-0.0103636445069743));
#8533=CARTESIAN_POINT('',(-0.14203912464522,-0.0482598913632784,-0.0103603487513462));
#8534=CARTESIAN_POINT('',(-0.141978351011651,-0.0482835142458614,-0.0103588574415901));
#8535=CARTESIAN_POINT('',(-0.141857668175872,-0.0483265694112303,-0.0103561379168814));
#8536=CARTESIAN_POINT('',(-0.141797977528184,-0.0483459361351118,-0.0103549136693904));
#8537=CARTESIAN_POINT('',(-0.141679969513377,-0.0483809942437166,-0.0103526958755701));
#8538=CARTESIAN_POINT('',(-0.141562738528162,-0.048412463673992,-0.0103507036230591));
#8539=CARTESIAN_POINT('',(-0.141380494594938,-0.0484521408321906,-0.0103481934847389));
#8540=CARTESIAN_POINT('',(-0.141232176006565,-0.048476912613706,-0.010346624245142));
#8541=CARTESIAN_POINT('',(-0.141144891354157,-0.0484888563590673,-0.0103458671551858));
#8542=CARTESIAN_POINT('',(-0.141086800619706,-0.0484962032868482,-0.0103454013995783));
#8543=CARTESIAN_POINT('',(-0.14105775565548,-0.0484995676534164,-0.0103451881016084));
#8544=CARTESIAN_POINT('',(-0.141014236520266,-0.0485041823263499,-0.0103448955152023));
#8545=CARTESIAN_POINT('',(-0.140999762750672,-0.0485056492275541,-0.0103448024993322));
#8546=CARTESIAN_POINT('',(-0.140971011164983,-0.0485084489604903,-0.0103446249227918));
#8547=CARTESIAN_POINT('',(-0.140956787881228,-0.0485097809813636,-0.0103445404020301));
#8548=CARTESIAN_POINT('',(-0.140928395341405,-0.0485123235846726,-0.0103443790454988));
#8549=CARTESIAN_POINT('',(-0.140899838699912,-0.0485147479929785,-0.0103442252143247));
#8550=CARTESIAN_POINT('',(-0.140868270580523,-0.0485169969511255,-0.0103440831374666));
#8551=CARTESIAN_POINT('',(-0.140837654717412,-0.0485190294239392,-0.0103439546063164));
#8552=CARTESIAN_POINT('',(-0.140823086097882,-0.0485199194251112,-0.0103438982000218));
#8553=CARTESIAN_POINT('',(-0.140795253639232,-0.0485214981224129,-0.010343797910277));
#8554=CARTESIAN_POINT('',(-0.140755067346041,-0.0485235911996544,-0.0103436646302867));
#8555=CARTESIAN_POINT('',(-0.140714640794598,-0.0485253729981344,-0.0103435513222326));
#8556=CARTESIAN_POINT('',(-0.140634740413259,-0.0485285329028256,-0.0103433502971658));
#8557=CARTESIAN_POINT('',(-0.140583354850829,-0.048530071372548,-0.0103432521585593));
#8558=CARTESIAN_POINT('',(-0.140481359118532,-0.0485325505903515,-0.010343093992991));
#8559=CARTESIAN_POINT('',(-0.14043062673605,-0.0485334973138419,-0.010343033614686));
#8560=CARTESIAN_POINT('',(-0.140279358660411,-0.0485356504674614,-0.010342896274541));
#8561=CARTESIAN_POINT('',(-0.140179930576124,-0.0485361889525617,-0.0103428618368153));
#8562=CARTESIAN_POINT('',(-0.140080845150305,-0.0485361889507835,-0.0103428618369249));
#8563=CARTESIAN_POINT('',(-0.143349650235467,-0.0450216038646487,-0.0105931988976306));
#8564=CARTESIAN_POINT('',(-0.143349499811118,-0.0451211707674937,-0.0105868342315111));
#8565=CARTESIAN_POINT('',(-0.143348576818182,-0.0452211342966004,-0.0105804446924932));
#8566=CARTESIAN_POINT('',(-0.143344578231184,-0.0454219872799435,-0.0105676079015152));
#8567=CARTESIAN_POINT('',(-0.143341517761302,-0.0455228691014652,-0.010561161126257));
#8568=CARTESIAN_POINT('',(-0.143334189630738,-0.0456762920451073,-0.0105513598217948));
#8569=CARTESIAN_POINT('',(-0.14333128338381,-0.0457277567832435,-0.0105480725109123));
#8570=CARTESIAN_POINT('',(-0.143325916360011,-0.045805845855414,-0.0105430858153672));
#8571=CARTESIAN_POINT('',(-0.143323944902212,-0.0458320689809625,-0.0105414114910511));
#8572=CARTESIAN_POINT('',(-0.143319468967766,-0.045885328015285,-0.0105380119875153));
#8573=CARTESIAN_POINT('',(-0.143316981577237,-0.04591229743931,-0.0105362909688421));
#8574=CARTESIAN_POINT('',(-0.143312752452902,-0.0459533408117301,-0.0105336725802881));
#8575=CARTESIAN_POINT('',(-0.143309724308538,-0.04598106568401,-0.0105319042997041));
#8576=CARTESIAN_POINT('',(-0.14330589568436,-0.0460108719579638,-0.0105300057783632));
#8577=CARTESIAN_POINT('',(-0.143302947665843,-0.0460327624909167,-0.0105286110740468));
#8578=CARTESIAN_POINT('',(-0.143301954100716,-0.0460399702745755,-0.0105281517711013));
#8579=CARTESIAN_POINT('',(-0.143297984688709,-0.046068194047223,-0.0105263526856528));
#8580=CARTESIAN_POINT('',(-0.143290985295743,-0.0461148883390006,-0.0105233736194793));
#8581=CARTESIAN_POINT('',(-0.143278277609783,-0.0461908965071164,-0.0105185260186145));
#8582=CARTESIAN_POINT('',(-0.143267753512784,-0.0462458888917143,-0.0105150188592665));
#8583=CARTESIAN_POINT('',(-0.143250920883601,-0.0463284907526844,-0.0105097511706325));
#8584=CARTESIAN_POINT('',(-0.14323827617102,-0.0463838957392048,-0.0105062183267146));
#8585=CARTESIAN_POINT('',(-0.14321013052563,-0.0464941526444622,-0.0104991885626166));
#8586=CARTESIAN_POINT('',(-0.143179139719295,-0.0466037820684259,-0.0104921994363951));
#8587=CARTESIAN_POINT('',(-0.143123057803623,-0.046767193400386,-0.0104817839677703));
#8588=CARTESIAN_POINT('',(-0.14307967732744,-0.0468740887726991,-0.0104749707014868));
#8589=CARTESIAN_POINT('',(-0.14304387612631,-0.0469545969231275,-0.0104698407029068));
#8590=CARTESIAN_POINT('',(-0.143031397433576,-0.0469815001517957,-0.0104681266640084));
#8591=CARTESIAN_POINT('',(-0.143005184917845,-0.047035547389492,-0.0104646839025305));
#8592=CARTESIAN_POINT('',(-0.142991452398233,-0.0470626692485339,-0.0104629565757387));
#8593=CARTESIAN_POINT('',(-0.142948147786584,-0.047144156931411,-0.0104577677866142));
#8594=CARTESIAN_POINT('',(-0.142916460123732,-0.0471986760348171,-0.0104542975557998));
#8595=CARTESIAN_POINT('',(-0.142846291153537,-0.047306963375442,-0.0104474075596866));
#8596=CARTESIAN_POINT('',(-0.142769362610881,-0.0474143751546008,-0.0104405758680199));
#8597=CARTESIAN_POINT('',(-0.142676940041609,-0.047516511199713,-0.0104340842578428));
#8598=CARTESIAN_POINT('',(-0.142578926903716,-0.0476124142994803,-0.0104279890988598));
#8599=CARTESIAN_POINT('',(-0.142527097201774,-0.0476572217700549,-0.0104251415092538));
#8600=CARTESIAN_POINT('',(-0.142448000270032,-0.0477182042911369,-0.0104212645013474));
#8601=CARTESIAN_POINT('',(-0.142394887810973,-0.0477568520935231,-0.0104188068775227));
#8602=CARTESIAN_POINT('',(-0.142342530756705,-0.0477915334166981,-0.0104165995280453));
#8603=CARTESIAN_POINT('',(-0.142289529850302,-0.0478250013355385,-0.0104144692341723));
#8604=CARTESIAN_POINT('',(-0.142262584474467,-0.0478412064964649,-0.0104134377426426));
#8605=CARTESIAN_POINT('',(-0.142208012288662,-0.0478725500198653,-0.010411442712783));
#8606=CARTESIAN_POINT('',(-0.142125316353602,-0.047917848251777,-0.010408559406387));
#8607=CARTESIAN_POINT('',(-0.142042982495503,-0.0479567269346718,-0.0104060834461411));
#8608=CARTESIAN_POINT('',(-0.141933104364854,-0.0480041206687203,-0.0104030646011345));
#8609=CARTESIAN_POINT('',(-0.141878025156733,-0.0480256550757787,-0.0104016926427273));
#8610=CARTESIAN_POINT('',(-0.141768068117569,-0.0480650627765482,-0.0103991815396049));
#8611=CARTESIAN_POINT('',(-0.141713335261764,-0.0480828946588989,-0.0103980449820118));
#8612=CARTESIAN_POINT('',(-0.141604459927129,-0.0481153496090619,-0.0103959759053576));
#8613=CARTESIAN_POINT('',(-0.141495775700917,-0.048144641800249,-0.0103941080258761));
#8614=CARTESIAN_POINT('',(-0.141327630806865,-0.0481813880081271,-0.010391765329565));
#8615=CARTESIAN_POINT('',(-0.141189552899287,-0.048204556593873,-0.010390287641986));
#8616=CARTESIAN_POINT('',(-0.141107777036935,-0.0482157761710937,-0.0103895719202837));
#8617=CARTESIAN_POINT('',(-0.141053324743502,-0.0482226833235903,-0.0103891312835785));
#8618=CARTESIAN_POINT('',(-0.141026101140243,-0.0482258483908344,-0.010388929365996));
#8619=CARTESIAN_POINT('',(-0.140985296916979,-0.0482301924204332,-0.0103886522298768));
#8620=CARTESIAN_POINT('',(-0.140971715671467,-0.048231574281511,-0.0103885640686018));
#8621=CARTESIAN_POINT('',(-0.140944672892525,-0.0482342161369098,-0.0103883955077097));
#8622=CARTESIAN_POINT('',(-0.140931245725872,-0.0482354765134819,-0.0103883150803818));
#8623=CARTESIAN_POINT('',(-0.140904418658369,-0.0482378839194339,-0.0103881614527328));
#8624=CARTESIAN_POINT('',(-0.140877481389568,-0.0482401764491887,-0.0103880151629342));
#8625=CARTESIAN_POINT('',(-0.140848626687495,-0.0482422394466263,-0.0103878836988111));
#8626=CARTESIAN_POINT('',(-0.140820382538569,-0.0482441176743485,-0.010387763970308));
#8627=CARTESIAN_POINT('',(-0.140806733860837,-0.0482449531029868,-0.0103877106790735));
#8628=CARTESIAN_POINT('',(-0.140780271367045,-0.0482464595899107,-0.0103876145133515));
#8629=CARTESIAN_POINT('',(-0.140741577738631,-0.0482484897153143,-0.0103874848320786));
#8630=CARTESIAN_POINT('',(-0.140702732861496,-0.0482502025069343,-0.0103873754639353));
#8631=CARTESIAN_POINT('',(-0.140625651212977,-0.0482532486042924,-0.0103871809364235));
#8632=CARTESIAN_POINT('',(-0.1405754629315,-0.0482547594871808,-0.010387084374696));
#8633=CARTESIAN_POINT('',(-0.140475585289555,-0.0482571961068076,-0.0103869286437182));
#8634=CARTESIAN_POINT('',(-0.140425818193781,-0.0482581246170474,-0.010386869305485));
#8635=CARTESIAN_POINT('',(-0.140277108149531,-0.0482602385478042,-0.0103867342049965));
#8636=CARTESIAN_POINT('',(-0.140178866595952,-0.0482607766715278,-0.0103866997887266));
#8637=CARTESIAN_POINT('',(-0.140080845150305,-0.048260776669801,-0.010386699788834));
#8638=CARTESIAN_POINT('',(-0.143253051080733,-0.0450219324167884,-0.0105983359592676));
#8639=CARTESIAN_POINT('',(-0.143252930248543,-0.0451210103299758,-0.0105920009159266));
#8640=CARTESIAN_POINT('',(-0.14325204542253,-0.0452204123882097,-0.0105856453921184));
#8641=CARTESIAN_POINT('',(-0.143248150498786,-0.0454199241946908,-0.01057288984764));
#8642=CARTESIAN_POINT('',(-0.143245155226923,-0.0455200275874777,-0.0105664902276229));
#8643=CARTESIAN_POINT('',(-0.143238001118147,-0.0456718147355395,-0.0105567880313448));
#8644=CARTESIAN_POINT('',(-0.14323516446646,-0.0457226618150179,-0.0105535381418663));
#8645=CARTESIAN_POINT('',(-0.143229935624077,-0.045799633233714,-0.0105486191558814));
#8646=CARTESIAN_POINT('',(-0.143228017719469,-0.0458254429115439,-0.010546969879668));
#8647=CARTESIAN_POINT('',(-0.143223681501625,-0.0458777072095933,-0.0105436306514651));
#8648=CARTESIAN_POINT('',(-0.143221277382555,-0.0459041095207254,-0.0105419439984992));
#8649=CARTESIAN_POINT('',(-0.143217197909192,-0.045944186442093,-0.0105393841573277));
#8650=CARTESIAN_POINT('',(-0.143214285009949,-0.045971192980613,-0.0105376593950798));
#8651=CARTESIAN_POINT('',(-0.143210661966872,-0.0459998456199329,-0.0105358308149486));
#8652=CARTESIAN_POINT('',(-0.143207855920441,-0.0460209632196384,-0.0105344829102734));
#8653=CARTESIAN_POINT('',(-0.143206907220917,-0.046027931133789,-0.0105340381184357));
#8654=CARTESIAN_POINT('',(-0.143203097993603,-0.0460553182058785,-0.0105322895789084));
#8655=CARTESIAN_POINT('',(-0.143196295473476,-0.0461010923564007,-0.0105293657355006));
#8656=CARTESIAN_POINT('',(-0.143184022453702,-0.0461751066248693,-0.0105246389299559));
#8657=CARTESIAN_POINT('',(-0.143173843231092,-0.0462286981147532,-0.0105212164457027));
#8658=CARTESIAN_POINT('',(-0.143157564662147,-0.0463091607562789,-0.0105160780466893));
#8659=CARTESIAN_POINT('',(-0.143145343714381,-0.0463630578234209,-0.0105126363760855));
#8660=CARTESIAN_POINT('',(-0.143118149070167,-0.0464702367932934,-0.0105057926589489));
#8661=CARTESIAN_POINT('',(-0.14308821057931,-0.0465767386932113,-0.0104989925023168));
#8662=CARTESIAN_POINT('',(-0.143034105944886,-0.0467351855850646,-0.0104888768923528));
#8663=CARTESIAN_POINT('',(-0.142992212865312,-0.046838851509497,-0.0104822586233534));
#8664=CARTESIAN_POINT('',(-0.142957727132217,-0.0469167428563572,-0.0104772865976117));
#8665=CARTESIAN_POINT('',(-0.142945720496607,-0.046942739876065,-0.0104756272605157));
#8666=CARTESIAN_POINT('',(-0.142920540241432,-0.04699487976664,-0.0104722996216419));
#8667=CARTESIAN_POINT('',(-0.142907367429887,-0.0470210034638436,-0.0104706325355641));
#8668=CARTESIAN_POINT('',(-0.142865896761466,-0.0470993672707255,-0.0104656322514337));
#8669=CARTESIAN_POINT('',(-0.142835639248014,-0.0471516268698513,-0.0104622983323772));
#8670=CARTESIAN_POINT('',(-0.142768866408108,-0.04725509388873,-0.0104556990288725));
#8671=CARTESIAN_POINT('',(-0.142695865446363,-0.0473574016315297,-0.0104491750404023));
#8672=CARTESIAN_POINT('',(-0.142608631131246,-0.0474541472515449,-0.0104430081406922));
#8673=CARTESIAN_POINT('',(-0.142516137885203,-0.0475449744637429,-0.0104372186534671));
#8674=CARTESIAN_POINT('',(-0.14246723835899,-0.0475874022932942,-0.0104345143149247));
#8675=CARTESIAN_POINT('',(-0.142392296837051,-0.0476453598096384,-0.0104308193270375));
#8676=CARTESIAN_POINT('',(-0.142341863672542,-0.0476821698428045,-0.0104284722613519));
#8677=CARTESIAN_POINT('',(-0.142291750670241,-0.0477154528522378,-0.0104263490423616));
#8678=CARTESIAN_POINT('',(-0.142240981114576,-0.0477475957266068,-0.0104242984637683));
#8679=CARTESIAN_POINT('',(-0.142215166192823,-0.0477631610902407,-0.0104233054577062));
#8680=CARTESIAN_POINT('',(-0.142162878099403,-0.047793263107394,-0.0104213850987398));
#8681=CARTESIAN_POINT('',(-0.142083611385263,-0.04783677707698,-0.0104186090954728));
#8682=CARTESIAN_POINT('',(-0.142004354528808,-0.0478742914393649,-0.0104162151700344));
#8683=CARTESIAN_POINT('',(-0.141898377623177,-0.0479201025983663,-0.0104132914750468));
#8684=CARTESIAN_POINT('',(-0.141845164267399,-0.0479409548225902,-0.0104119605274774));
#8685=CARTESIAN_POINT('',(-0.141738721435015,-0.047979171152362,-0.0104095210417888));
#8686=CARTESIAN_POINT('',(-0.141685612823414,-0.0479965017385055,-0.0104084146162821));
#8687=CARTESIAN_POINT('',(-0.141579729320621,-0.0480281064999985,-0.010406396641378));
#8688=CARTESIAN_POINT('',(-0.141473844787124,-0.0480566876480242,-0.0104045714978821));
#8689=CARTESIAN_POINT('',(-0.141310317961754,-0.0480924767296377,-0.0104022863306483));
#8690=CARTESIAN_POINT('',(-0.141175594069729,-0.048115121801508,-0.0104008401022768));
#8691=CARTESIAN_POINT('',(-0.141095622386165,-0.0481261049146658,-0.0104001385929785));
#8692=CARTESIAN_POINT('',(-0.141042361702459,-0.0481328684665492,-0.0103997065865743));
#8693=CARTESIAN_POINT('',(-0.141015734598256,-0.0481359684559359,-0.010399508579524));
#8694=CARTESIAN_POINT('',(-0.140975819506002,-0.0481402241109259,-0.0103992367530661));
#8695=CARTESIAN_POINT('',(-0.140962530560102,-0.0481415782034629,-0.0103991502601393));
#8696=CARTESIAN_POINT('',(-0.140936047410148,-0.0481441685073514,-0.0103989847970829));
#8697=CARTESIAN_POINT('',(-0.140922880968873,-0.0481454054906722,-0.0103989057759233));
#8698=CARTESIAN_POINT('',(-0.140896566586416,-0.0481477687533493,-0.0103987548025644));
#8699=CARTESIAN_POINT('',(-0.140870159652932,-0.0481500182241852,-0.0103986111022859));
#8700=CARTESIAN_POINT('',(-0.140842193571586,-0.0481520204991349,-0.0103984832858172));
#8701=CARTESIAN_POINT('',(-0.140814726137053,-0.0481538483606428,-0.0103983665828415));
#8702=CARTESIAN_POINT('',(-0.140801378730806,-0.0481546659697352,-0.0103983143621633));
#8703=CARTESIAN_POINT('',(-0.14077536488497,-0.0481561488785045,-0.0103982196133836));
#8704=CARTESIAN_POINT('',(-0.140737160084785,-0.0481581584499461,-0.0103980911679848));
#8705=CARTESIAN_POINT('',(-0.140698833186215,-0.0481598487091493,-0.0103979831537154));
#8706=CARTESIAN_POINT('',(-0.140622674636515,-0.0481628576456051,-0.0103977908589966));
#8707=CARTESIAN_POINT('',(-0.140572878446692,-0.0481643595213242,-0.0103976948388236));
#8708=CARTESIAN_POINT('',(-0.140473694447655,-0.048166782232411,-0.0103975399440304));
#8709=CARTESIAN_POINT('',(-0.140424243469098,-0.0481677047956423,-0.0103974809631677));
#8710=CARTESIAN_POINT('',(-0.140276371142217,-0.0481698059192687,-0.0103973466322557));
#8711=CARTESIAN_POINT('',(-0.14017851815875,-0.0481703439253074,-0.0103973122232084));
#8712=CARTESIAN_POINT('',(-0.140080845150305,-0.0481703439235973,-0.0103973122233153));
#8713=CARTESIAN_POINT('',(-0.143062569636126,-0.0450222664880844,-0.0106035593154142));
#8714=CARTESIAN_POINT('',(-0.143062508814516,-0.0451203802753372,-0.0105972842554995));
#8715=CARTESIAN_POINT('',(-0.143061701162559,-0.0452186753275498,-0.0105909976059709));
#8716=CARTESIAN_POINT('',(-0.143058015221151,-0.0454155429277118,-0.0105784065699922));
#8717=CARTESIAN_POINT('',(-0.143055151168698,-0.0455141116375416,-0.0105721024289282));
#8718=CARTESIAN_POINT('',(-0.143048345867307,-0.0456626740527494,-0.0105626008722068));
#8719=CARTESIAN_POINT('',(-0.143045648586217,-0.0457123035344016,-0.010559426739581));
#8720=CARTESIAN_POINT('',(-0.143040696083008,-0.0457870717923714,-0.0105546448257862));
#8721=CARTESIAN_POINT('',(-0.143038885210751,-0.0458120664836228,-0.0105530462555433));
#8722=CARTESIAN_POINT('',(-0.143034827978036,-0.0458623700415215,-0.0105498290293736));
#8723=CARTESIAN_POINT('',(-0.14303259005189,-0.045887654533582,-0.0105482119317292));
#8724=CARTESIAN_POINT('',(-0.143028809017584,-0.0459258265600255,-0.010545770603341));
#8725=CARTESIAN_POINT('',(-0.143026125860565,-0.0459514172769056,-0.0105441339280687));
#8726=CARTESIAN_POINT('',(-0.1430229123555,-0.045977796290252,-0.0105424468560919));
#8727=CARTESIAN_POINT('',(-0.143020388864906,-0.0459973905708958,-0.0105411936993599));
#8728=CARTESIAN_POINT('',(-0.143019529405756,-0.04600388574421,-0.0105407782984794));
#8729=CARTESIAN_POINT('',(-0.143016038520724,-0.0460296238244356,-0.0105391322069119));
#8730=CARTESIAN_POINT('',(-0.143009625851027,-0.0460735845406652,-0.0105363206579153));
#8731=CARTESIAN_POINT('',(-0.142998216849225,-0.0461436696327177,-0.0105318383095034));
#8732=CARTESIAN_POINT('',(-0.142988721935928,-0.0461945007058731,-0.0105285873688786));
#8733=CARTESIAN_POINT('',(-0.142973542353292,-0.0462707482540712,-0.0105237109000899));
#8734=CARTESIAN_POINT('',(-0.142962161651103,-0.0463216743558513,-0.0105204538866047));
#8735=CARTESIAN_POINT('',(-0.142936851464049,-0.0464227895549394,-0.0105139870005081));
#8736=CARTESIAN_POINT('',(-0.14290899703972,-0.0465231304888776,-0.0105075696381483));
#8737=CARTESIAN_POINT('',(-0.142858804891167,-0.0466717995705881,-0.0104980614399608));
#8738=CARTESIAN_POINT('',(-0.142819852967016,-0.0467691059657623,-0.0104918381654696));
#8739=CARTESIAN_POINT('',(-0.142787967435487,-0.0468418447746212,-0.0104871861332847));
#8740=CARTESIAN_POINT('',(-0.142776893750514,-0.0468660575343495,-0.0104856376009636));
#8741=CARTESIAN_POINT('',(-0.142753753290729,-0.0469144421819397,-0.0104825431555944));
#8742=CARTESIAN_POINT('',(-0.142741686335369,-0.04693860076041,-0.0104809980936263));
#8743=CARTESIAN_POINT('',(-0.142703838473298,-0.0470108148408497,-0.010476379649759));
#8744=CARTESIAN_POINT('',(-0.142676405326037,-0.0470586268092798,-0.010473321851151));
#8745=CARTESIAN_POINT('',(-0.142616336893892,-0.0471526068244017,-0.010467311412497));
#8746=CARTESIAN_POINT('',(-0.142551087302371,-0.0472448704320557,-0.0104614107673886));
#8747=CARTESIAN_POINT('',(-0.142474085856182,-0.0473310115314546,-0.0104559017204501));
#8748=CARTESIAN_POINT('',(-0.142392476389932,-0.0474118544492112,-0.0104507315144149));
#8749=CARTESIAN_POINT('',(-0.142349352877195,-0.0474496022754096,-0.0104483174014797));
#8750=CARTESIAN_POINT('',(-0.142282600860889,-0.0475016110784765,-0.0104449912336007));
#8751=CARTESIAN_POINT('',(-0.1422374475249,-0.0475348073230911,-0.0104428681981123));
#8752=CARTESIAN_POINT('',(-0.142191756071008,-0.0475653409942845,-0.0104409154283359));
#8753=CARTESIAN_POINT('',(-0.142145382749547,-0.0475948786943974,-0.0104390263540713));
#8754=CARTESIAN_POINT('',(-0.14212179492035,-0.0476091861979322,-0.0104381113221766));
#8755=CARTESIAN_POINT('',(-0.142074006463223,-0.0476368474374032,-0.0104363422567019));
#8756=CARTESIAN_POINT('',(-0.142001494931456,-0.047676853686684,-0.0104337836697396));
#8757=CARTESIAN_POINT('',(-0.141928298479595,-0.047711686206147,-0.0104315559564694));
#8758=CARTESIAN_POINT('',(-0.141830004824351,-0.0477543866360507,-0.0104288250461084));
#8759=CARTESIAN_POINT('',(-0.141780465900808,-0.0477738980183468,-0.0104275771913928));
#8760=CARTESIAN_POINT('',(-0.141680943322378,-0.0478097727388536,-0.0104252828122877));
#8761=CARTESIAN_POINT('',(-0.141631033051128,-0.0478261180749525,-0.010424237438813));
#8762=CARTESIAN_POINT('',(-0.141531040639726,-0.0478560519106099,-0.0104223230027538));
#8763=CARTESIAN_POINT('',(-0.141430668630629,-0.0478832356541053,-0.0104205844469949));
#8764=CARTESIAN_POINT('',(-0.141276234177518,-0.0479171437938444,-0.0104184158316132));
#8765=CARTESIAN_POINT('',(-0.141148113577086,-0.0479387600796341,-0.0104170333442839));
#8766=CARTESIAN_POINT('',(-0.14107169384555,-0.0479492785186412,-0.0104163606277687));
#8767=CARTESIAN_POINT('',(-0.141020779111466,-0.0479557598811508,-0.0104159461061139));
#8768=CARTESIAN_POINT('',(-0.140995326340413,-0.0479587319850431,-0.0104157560223721));
#8769=CARTESIAN_POINT('',(-0.140957161679178,-0.0479628139721056,-0.0104154949549492));
#8770=CARTESIAN_POINT('',(-0.140944448181731,-0.0479641134958045,-0.0104154118426359));
#8771=CARTESIAN_POINT('',(-0.140919066768362,-0.0479666024961399,-0.0104152526560719));
#8772=CARTESIAN_POINT('',(-0.140906413614203,-0.047967793510869,-0.0104151764834249));
#8773=CARTESIAN_POINT('',(-0.140881108547527,-0.0479700700330502,-0.0104150308859156));
#8774=CARTESIAN_POINT('',(-0.140855745675448,-0.0479722348955839,-0.0104148924297765));
#8775=CARTESIAN_POINT('',(-0.140829528995268,-0.0479741178423198,-0.010414772005261));
#8776=CARTESIAN_POINT('',(-0.140803590653405,-0.0479758467271882,-0.0104146614335151));
#8777=CARTESIAN_POINT('',(-0.140790836349551,-0.047976629318824,-0.0104146113821631));
#8778=CARTESIAN_POINT('',(-0.140765705739181,-0.0479780658951752,-0.0104145195040962));
#8779=CARTESIAN_POINT('',(-0.140728463272754,-0.0479800350791178,-0.0104143935617467));
#8780=CARTESIAN_POINT('',(-0.140691156095817,-0.0479816810602155,-0.0104142882906803));
#8781=CARTESIAN_POINT('',(-0.140616814809035,-0.047984616972252,-0.0104141005200693));
#8782=CARTESIAN_POINT('',(-0.140567790509348,-0.0479861011493266,-0.010414005596753));
#8783=CARTESIAN_POINT('',(-0.140469972048357,-0.0479884965305481,-0.0104138523956388));
#8784=CARTESIAN_POINT('',(-0.140421143393312,-0.0479894074075093,-0.0104137941388286));
#8785=CARTESIAN_POINT('',(-0.140274920236607,-0.0479914833641834,-0.0104136613671624));
#8786=CARTESIAN_POINT('',(-0.140177832209378,-0.0479920211396108,-0.0104136269725521));
#8787=CARTESIAN_POINT('',(-0.140080845150305,-0.0479920211379335,-0.0104136269726579));
#8788=CARTESIAN_POINT('',(-0.1429687077,-0.0450222713580112,-0.0106036354589274));
#8789=CARTESIAN_POINT('',(-0.142968677294226,-0.0451199101122113,-0.0105973907564301));
#8790=CARTESIAN_POINT('',(-0.142967908645654,-0.0452176597478716,-0.0105911389622714));
#8791=CARTESIAN_POINT('',(-0.142964328011753,-0.0454132246020231,-0.0105786311794548));
#8792=CARTESIAN_POINT('',(-0.142961529972954,-0.0455110372222145,-0.0105723753569769));
#8793=CARTESIAN_POINT('',(-0.142954899434077,-0.0456580110467008,-0.010562975320939));
#8794=CARTESIAN_POINT('',(-0.142952271918833,-0.0457070407200983,-0.0105598395197277));
#8795=CARTESIAN_POINT('',(-0.142947457553593,-0.0457807237078899,-0.0105551269612635));
#8796=CARTESIAN_POINT('',(-0.142945700152715,-0.0458053169480269,-0.0105535540461925));
#8797=CARTESIAN_POINT('',(-0.142941782167983,-0.0458546547134128,-0.0105503985402766));
#8798=CARTESIAN_POINT('',(-0.142939627150932,-0.0458793886198715,-0.0105488166285798));
#8799=CARTESIAN_POINT('',(-0.142935994881521,-0.0459166224079831,-0.0105464352593036));
#8800=CARTESIAN_POINT('',(-0.142933426203628,-0.0459415157898408,-0.0105448431480051));
#8801=CARTESIAN_POINT('',(-0.142930416624162,-0.0459667750579929,-0.0105432276356391));
#8802=CARTESIAN_POINT('',(-0.142928033693513,-0.0459856191175254,-0.0105420224221303));
#8803=CARTESIAN_POINT('',(-0.142927218601176,-0.0459918814705797,-0.010541621899489));
#8804=CARTESIAN_POINT('',(-0.142923885842927,-0.0460168074373574,-0.0105400277041497));
#8805=CARTESIAN_POINT('',(-0.142917666100955,-0.0460598750547606,-0.0105372732194171));
#8806=CARTESIAN_POINT('',(-0.142906686378049,-0.0461280252960799,-0.0105329145199914));
#8807=CARTESIAN_POINT('',(-0.142897530834197,-0.0461774971462113,-0.010529750438389));
#8808=CARTESIAN_POINT('',(-0.1428828960717,-0.0462516692774036,-0.0105250065956767));
#8809=CARTESIAN_POINT('',(-0.142871931770143,-0.0463011326558593,-0.0105218430558991));
#8810=CARTESIAN_POINT('',(-0.142847554856304,-0.0463992626790051,-0.0105155669332141));
#8811=CARTESIAN_POINT('',(-0.142820731977445,-0.0464965708418516,-0.0105093433744224));
#8812=CARTESIAN_POINT('',(-0.142772474641285,-0.0466404276214945,-0.0105001426958824));
#8813=CARTESIAN_POINT('',(-0.142734976177345,-0.046734604632078,-0.0104941193968596));
#8814=CARTESIAN_POINT('',(-0.142704375113505,-0.0468048082721585,-0.0104896293677741));
#8815=CARTESIAN_POINT('',(-0.142693762226412,-0.046828143176916,-0.0104881369323257));
#8816=CARTESIAN_POINT('',(-0.142671629091766,-0.0468746803416251,-0.0104851605450208));
#8817=CARTESIAN_POINT('',(-0.142660108170542,-0.0468978721794961,-0.0104836772597315));
#8818=CARTESIAN_POINT('',(-0.142624048796857,-0.0469670610870504,-0.0104792521301093));
#8819=CARTESIAN_POINT('',(-0.142598009572622,-0.0470126854199789,-0.01047633412498));
#8820=CARTESIAN_POINT('',(-0.142541248715269,-0.0471019998025817,-0.0104706218260854));
#8821=CARTESIAN_POINT('',(-0.142479822096074,-0.0471893244247137,-0.0104650367867229));
#8822=CARTESIAN_POINT('',(-0.142407864172951,-0.0472702526089971,-0.0104598608456913));
#8823=CARTESIAN_POINT('',(-0.142331617427731,-0.0473461882338928,-0.0104550042148384));
#8824=CARTESIAN_POINT('',(-0.142291339130657,-0.0473816362212698,-0.010452737060398));
#8825=CARTESIAN_POINT('',(-0.142228620324457,-0.0474307219811683,-0.0104495976720505));
#8826=CARTESIAN_POINT('',(-0.142186066950329,-0.0474621426108212,-0.0104475880961815));
#8827=CARTESIAN_POINT('',(-0.142142552513207,-0.0474913255662707,-0.0104457216357157));
#8828=CARTESIAN_POINT('',(-0.142098343597769,-0.04751958342934,-0.0104439143415793));
#8829=CARTESIAN_POINT('',(-0.142075852164899,-0.0475332730114573,-0.0104430387940748));
#8830=CARTESIAN_POINT('',(-0.142030278761974,-0.0475597352538518,-0.0104413463428304));
#8831=CARTESIAN_POINT('',(-0.141961092455798,-0.0475980184395244,-0.0104388978570119));
#8832=CARTESIAN_POINT('',(-0.141890878745167,-0.0476315337387452,-0.0104367543119174));
#8833=CARTESIAN_POINT('',(-0.141796366275458,-0.0476727063653455,-0.0104341210255131));
#8834=CARTESIAN_POINT('',(-0.141748635529699,-0.0476915592398452,-0.0104329152482236));
#8835=CARTESIAN_POINT('',(-0.141652518240602,-0.047726283986375,-0.0104306943502514));
#8836=CARTESIAN_POINT('',(-0.141604181714968,-0.0477421454798937,-0.0104296798933492));
#8837=CARTESIAN_POINT('',(-0.141507087917127,-0.047771258767157,-0.0104278178886663));
#8838=CARTESIAN_POINT('',(-0.141409428134841,-0.0477977563072646,-0.0104261231798786));
#8839=CARTESIAN_POINT('',(-0.141259466986792,-0.0478307408443928,-0.0104240135808478));
#8840=CARTESIAN_POINT('',(-0.141134594936623,-0.0478518519743818,-0.0104226633718334));
#8841=CARTESIAN_POINT('',(-0.141059922587822,-0.0478621422559901,-0.010422005234112));
#8842=CARTESIAN_POINT('',(-0.141010161935689,-0.0478684850617186,-0.010421599565942));
#8843=CARTESIAN_POINT('',(-0.140985286869593,-0.0478713943724489,-0.0104214134945391));
#8844=CARTESIAN_POINT('',(-0.140947983315858,-0.0478753910858257,-0.0104211578758947));
#8845=CARTESIAN_POINT('',(-0.140935552903962,-0.0478766638153958,-0.0104210764756599));
#8846=CARTESIAN_POINT('',(-0.140910713477018,-0.0478791030751606,-0.0104209204674062));
#8847=CARTESIAN_POINT('',(-0.140898312828141,-0.0478802715197697,-0.0104208457369467));
#8848=CARTESIAN_POINT('',(-0.140873504281193,-0.0478825054546089,-0.0104207028607028));
#8849=CARTESIAN_POINT('',(-0.140848655020368,-0.047884628777411,-0.0104205670588964));
#8850=CARTESIAN_POINT('',(-0.140823298928184,-0.0478864531318945,-0.0104204503782701));
#8851=CARTESIAN_POINT('',(-0.140798112796389,-0.0478881334175127,-0.0104203429118868));
#8852=CARTESIAN_POINT('',(-0.140785650258198,-0.0478888988151963,-0.0104202939591849));
#8853=CARTESIAN_POINT('',(-0.140760954138173,-0.0478903126425357,-0.0104202035347302));
#8854=CARTESIAN_POINT('',(-0.140724185071402,-0.0478922619975428,-0.0104200788594189));
#8855=CARTESIAN_POINT('',(-0.140687379525348,-0.0478938862379634,-0.0104199749775301));
#8856=CARTESIAN_POINT('',(-0.140613932202736,-0.0478967862947468,-0.0104197894979839));
#8857=CARTESIAN_POINT('',(-0.140565287616606,-0.0478982617823621,-0.0104196951299098));
#8858=CARTESIAN_POINT('',(-0.140468140900513,-0.047900643745368,-0.0104195427861971));
#8859=CARTESIAN_POINT('',(-0.140419618383292,-0.0479015488843911,-0.0104194848960287));
#8860=CARTESIAN_POINT('',(-0.140274206497947,-0.0479036124840928,-0.0104193529139454));
#8861=CARTESIAN_POINT('',(-0.14017749477268,-0.047904150146627,-0.0104193185265496));
#8862=CARTESIAN_POINT('',(-0.140080845150305,-0.0479041501449658,-0.010419318526655));
#8863=CARTESIAN_POINT('',(-0.1428749577,-0.0450222713580112,-0.0106036354589274));
#8864=CARTESIAN_POINT('',(-0.142874957701662,-0.0451194356472155,-0.0105974211018928));
#8865=CARTESIAN_POINT('',(-0.142874228042437,-0.045216640519057,-0.0105912041493058));
#8866=CARTESIAN_POINT('',(-0.142870752668056,-0.0454109041875663,-0.0105787795866928));
#8867=CARTESIAN_POINT('',(-0.142868020609414,-0.0455079616242732,-0.0105725720636461));
#8868=CARTESIAN_POINT('',(-0.14286156472394,-0.0456533487667093,-0.0105632735073684));
#8869=CARTESIAN_POINT('',(-0.142859006928938,-0.0457017793529595,-0.0105601760221007));
#8870=CARTESIAN_POINT('',(-0.142854330604933,-0.0457743783767218,-0.0105555327909536));
#8871=CARTESIAN_POINT('',(-0.142852626637036,-0.0457985706492179,-0.010553985520655));
#8872=CARTESIAN_POINT('',(-0.142848847797329,-0.0458469437868197,-0.0105508917096427));
#8873=CARTESIAN_POINT('',(-0.142846775626922,-0.0458711277721707,-0.0105493449693668));
#8874=CARTESIAN_POINT('',(-0.142843292004885,-0.0459074244549439,-0.0105470235347352));
#8875=CARTESIAN_POINT('',(-0.142840837714545,-0.0459316213444285,-0.0105454759691471));
#8876=CARTESIAN_POINT('',(-0.142838031897992,-0.0459557622242532,-0.0105439319857803));
#8877=CARTESIAN_POINT('',(-0.142835789404844,-0.0459738569711169,-0.0105427746962207));
#8878=CARTESIAN_POINT('',(-0.142835018638626,-0.0459798867856916,-0.0105423890460921));
#8879=CARTESIAN_POINT('',(-0.142831843850934,-0.0460040016209838,-0.0105408467284612));
#8880=CARTESIAN_POINT('',(-0.142825816789647,-0.0460461772148834,-0.0105381492950648));
#8881=CARTESIAN_POINT('',(-0.142815265962831,-0.0461123949565047,-0.0105339141929318));
#8882=CARTESIAN_POINT('',(-0.142806449447193,-0.04616050923582,-0.0105308369377738));
#8883=CARTESIAN_POINT('',(-0.142792358950972,-0.0462326084753834,-0.0105262256714306));
#8884=CARTESIAN_POINT('',(-0.142781810627509,-0.0462806109144705,-0.0105231555692618));
#8885=CARTESIAN_POINT('',(-0.142758366018797,-0.0463757594100078,-0.0105170701367699));
#8886=CARTESIAN_POINT('',(-0.142732573593217,-0.0464700385154722,-0.0105110403080431));
#8887=CARTESIAN_POINT('',(-0.142686248969569,-0.0466090889123914,-0.0105021470323415));
#8888=CARTESIAN_POINT('',(-0.142650202358243,-0.046700140404779,-0.0104963236327482));
#8889=CARTESIAN_POINT('',(-0.142620884326484,-0.0467678120170213,-0.0104919955451038));
#8890=CARTESIAN_POINT('',(-0.142610731720221,-0.0467902701557415,-0.0104905591851666));
#8891=CARTESIAN_POINT('',(-0.142589604775616,-0.0468349621321842,-0.0104877008109586));
#8892=CARTESIAN_POINT('',(-0.142578629270873,-0.0468571884316117,-0.0104862792788162));
#8893=CARTESIAN_POINT('',(-0.14254435635222,-0.0469233559336721,-0.0104820473898654));
#8894=CARTESIAN_POINT('',(-0.142519709453869,-0.0469667953626977,-0.0104792691250981));
#8895=CARTESIAN_POINT('',(-0.142466252340912,-0.0470514499586031,-0.0104738548531687));
#8896=CARTESIAN_POINT('',(-0.142408644231773,-0.0471338418019049,-0.0104685853005871));
#8897=CARTESIAN_POINT('',(-0.142341723842138,-0.0472095636671885,-0.0104637423412031));
#8898=CARTESIAN_POINT('',(-0.142270833401692,-0.0472805982303859,-0.0104591991685918));
#8899=CARTESIAN_POINT('',(-0.142233396893112,-0.0473137493104807,-0.0104570789179372));
#8900=CARTESIAN_POINT('',(-0.142174706410999,-0.0473599157572434,-0.0104541262407185));
#8901=CARTESIAN_POINT('',(-0.142134749840554,-0.0473895630401106,-0.0104522300831657));
#8902=CARTESIAN_POINT('',(-0.142093409768817,-0.0474173970118689,-0.0104504498999357));
#8903=CARTESIAN_POINT('',(-0.142051362619087,-0.0474443766805713,-0.0104487243555472));
#8904=CARTESIAN_POINT('',(-0.142029966242862,-0.0474574491349365,-0.0104478882778132));
#8905=CARTESIAN_POINT('',(-0.141986605183981,-0.0474827139207756,-0.0104462724125515));
#8906=CARTESIAN_POINT('',(-0.141920740029559,-0.0475192762578849,-0.0104439339874091));
#8907=CARTESIAN_POINT('',(-0.141853505392381,-0.0475514760351285,-0.0104418745794325));
#8908=CARTESIAN_POINT('',(-0.141762769450818,-0.0475911228302653,-0.0104393388809545));
#8909=CARTESIAN_POINT('',(-0.141716844651762,-0.0476093180478175,-0.0104381751655698));
#8910=CARTESIAN_POINT('',(-0.141624128445903,-0.0476428943069162,-0.0104360277216515));
#8911=CARTESIAN_POINT('',(-0.141577363719711,-0.0476582725838014,-0.010435044169938));
#8912=CARTESIAN_POINT('',(-0.141483164947947,-0.0476865663848558,-0.0104332345773082));
#8913=CARTESIAN_POINT('',(-0.141388214032254,-0.0477123786106838,-0.0104315836993111));
#8914=CARTESIAN_POINT('',(-0.141242720640098,-0.0477444407439291,-0.0104295330946609));
#8915=CARTESIAN_POINT('',(-0.141121093105377,-0.0477650473735788,-0.0104282151520816));
#8916=CARTESIAN_POINT('',(-0.141048165968079,-0.0477751097943691,-0.0104275715877028));
#8917=CARTESIAN_POINT('',(-0.140999557963639,-0.047781314223355,-0.0104271747697234));
#8918=CARTESIAN_POINT('',(-0.140975259884417,-0.0477841608224401,-0.0104269927091825));
#8919=CARTESIAN_POINT('',(-0.140938816367686,-0.0477880723727298,-0.0104267425373318));
#8920=CARTESIAN_POINT('',(-0.1409266686894,-0.047789318342922,-0.0104266628485521));
#8921=CARTESIAN_POINT('',(-0.140902370575046,-0.0477917079267204,-0.0104265100174348));
#8922=CARTESIAN_POINT('',(-0.140890222117513,-0.0477928538305889,-0.0104264367286182));
#8923=CARTESIAN_POINT('',(-0.140865909472959,-0.0477950452336503,-0.0104262965725883));
#8924=CARTESIAN_POINT('',(-0.140841573184775,-0.0477971270709863,-0.0104261634240766));
#8925=CARTESIAN_POINT('',(-0.140817076610357,-0.0477988929091467,-0.0104260504859912));
#8926=CARTESIAN_POINT('',(-0.140792641753151,-0.0478005246584939,-0.0104259461238524));
#8927=CARTESIAN_POINT('',(-0.140780470617757,-0.0478012728845266,-0.0104258982694015));
#8928=CARTESIAN_POINT('',(-0.140756208447685,-0.0478026639924264,-0.0104258092980187));
#8929=CARTESIAN_POINT('',(-0.140719912191745,-0.0478045935443791,-0.0104256858892556));
#8930=CARTESIAN_POINT('',(-0.140683607652641,-0.0478061960723514,-0.0104255833960345));
#8931=CARTESIAN_POINT('',(-0.140611053182258,-0.0478090603204316,-0.0104254002067131));
#8932=CARTESIAN_POINT('',(-0.140562787837345,-0.0478105271299269,-0.0104253063936673));
#8933=CARTESIAN_POINT('',(-0.140466312030536,-0.047812895692214,-0.0104251549070272));
#8934=CARTESIAN_POINT('',(-0.140418095270324,-0.0478137951007536,-0.0104250973833647));
#8935=CARTESIAN_POINT('',(-0.140273493647163,-0.0478158463595326,-0.0104249661905723));
#8936=CARTESIAN_POINT('',(-0.140177157755743,-0.0478163839093517,-0.0104249318103846));
#8937=CARTESIAN_POINT('',(-0.140080845150305,-0.0478163839077066,-0.0104249318104898));
#8938=CARTESIAN_POINT('',(-0.1428749577,-0.0450222713580112,-0.0106036354589273));
#8939=CARTESIAN_POINT('',(-0.1432499577,-0.0450222713580107,-0.0106036354589192));
#8940=CARTESIAN_POINT('',(-0.1440546452,-0.0450197781235354,-0.0105646526077054));
#8941=CARTESIAN_POINT('',(-0.14521480145,-0.0449801356953775,-0.00994482527349564));
#8942=CARTESIAN_POINT('',(-0.1458358952,-0.0449060866314599,-0.00878703459277508));
#8943=CARTESIAN_POINT('',(-0.1458749577,-0.0448547260012678,-0.00798398785792564));
#8944=CARTESIAN_POINT('',(-0.1458749577,-0.0448307909503046,-0.00760975248635396));
#8945=CARTESIAN_POINT('',(-0.1428749577,0.0446393130922934,-0.0163381404156818));
#8946=CARTESIAN_POINT('',(-0.142874957710979,0.0447951014389215,-0.0163481042039799));
#8947=CARTESIAN_POINT('',(-0.142875235549656,0.0449509219723392,-0.0163580700508554));
#8948=CARTESIAN_POINT('',(-0.142869375618981,0.0451582051017255,-0.0163713273018867));
#8949=CARTESIAN_POINT('',(-0.142867393425554,0.0452099857875504,-0.0163746390501828));
#8950=CARTESIAN_POINT('',(-0.142859291566793,0.045365172213875,-0.0163845643413365));
#8951=CARTESIAN_POINT('',(-0.142851004311256,0.0454684253431387,-0.0163911681236051));
#8952=CARTESIAN_POINT('',(-0.14282549192467,0.0456743185710365,-0.0164043364804123));
#8953=CARTESIAN_POINT('',(-0.142808282527848,0.0457770171906441,-0.0164109047977893));
#8954=CARTESIAN_POINT('',(-0.142774225177814,0.0459300225484181,-0.0164206905938796));
#8955=CARTESIAN_POINT('',(-0.142761530523958,0.045980789538668,-0.016423937509033));
#8956=CARTESIAN_POINT('',(-0.142733398371384,0.0460813526330421,-0.0164303692441701));
#8957=CARTESIAN_POINT('',(-0.14271798361495,0.0461310999562629,-0.0164335509442632));
#8958=CARTESIAN_POINT('',(-0.142684201437822,0.046229447128058,-0.0164398409551703));
#8959=CARTESIAN_POINT('',(-0.142647432423322,0.0463267199311209,-0.0164460622524488));
#8960=CARTESIAN_POINT('',(-0.142603921659329,0.0464222393557869,-0.0164521714085335));
#8961=CARTESIAN_POINT('',(-0.142556917908533,0.0465158129541308,-0.0164581561149919));
#8962=CARTESIAN_POINT('',(-0.142531689718718,0.0465615993585089,-0.0164610844857592));
#8963=CARTESIAN_POINT('',(-0.142477422319647,0.0466504218016487,-0.0164667653215773));
#8964=CARTESIAN_POINT('',(-0.142448440720282,0.0466934454433543,-0.016469516993747));
#8965=CARTESIAN_POINT('',(-0.14240121702567,0.0467556141148968,-0.0164734931286469));
#8966=CARTESIAN_POINT('',(-0.142384832004732,0.0467759590907512,-0.0164747943365789));
#8967=CARTESIAN_POINT('',(-0.142350756413387,0.0468156843063409,-0.0164773350506104));
#8968=CARTESIAN_POINT('',(-0.142333071724057,0.0468350583937114,-0.0164785741632219));
#8969=CARTESIAN_POINT('',(-0.142278110104281,0.0468913388774861,-0.016482173706049));
#8970=CARTESIAN_POINT('',(-0.142238860837805,0.0469263355573583,-0.0164844119961198));
#8971=CARTESIAN_POINT('',(-0.142157067242852,0.0469911046980464,-0.0164885544497759));
#8972=CARTESIAN_POINT('',(-0.142114551806937,0.0470208622793852,-0.0164904576617114));
#8973=CARTESIAN_POINT('',(-0.142026639652388,0.0470765113930092,-0.016494016823864));
#8974=CARTESIAN_POINT('',(-0.141981245334469,0.0471023918141177,-0.0164956720634411));
#8975=CARTESIAN_POINT('',(-0.141888300219833,0.0471506487162587,-0.0164987584403574));
#8976=CARTESIAN_POINT('',(-0.141840765466569,0.0471730144447732,-0.0165001888899955));
#8977=CARTESIAN_POINT('',(-0.141744738083376,0.0472143055297398,-0.0165028297526667));
#8978=CARTESIAN_POINT('',(-0.141696321418749,0.0472332116435055,-0.0165040389349912));
#8979=CARTESIAN_POINT('',(-0.14159866833832,0.0472679290722873,-0.0165062593649407));
#8980=CARTESIAN_POINT('',(-0.141549411329788,0.0472837513667417,-0.01650727131478));
#8981=CARTESIAN_POINT('',(-0.141449951484691,0.0473126866559083,-0.0165091219352009));
#8982=CARTESIAN_POINT('',(-0.141399762266864,0.0473257793695901,-0.0165099593086643));
#8983=CARTESIAN_POINT('',(-0.141298541609184,0.0473493383268871,-0.0165114660738885));
#8984=CARTESIAN_POINT('',(-0.141247494344096,0.047359801218944,-0.016512135251293));
#8985=CARTESIAN_POINT('',(-0.141144715783291,0.0473782412536368,-0.0165133146244994));
#8986=CARTESIAN_POINT('',(-0.141093011529931,0.0473862241234566,-0.0165138251865961));
#8987=CARTESIAN_POINT('',(-0.140989417593936,0.047399916928273,-0.0165147009402154));
#8988=CARTESIAN_POINT('',(-0.14093755742427,0.0474056130272513,-0.0165150652468248));
#8989=CARTESIAN_POINT('',(-0.140833922918243,0.0474150148741013,-0.0165156665627361));
#8990=CARTESIAN_POINT('',(-0.140782117024598,0.0474187354163885,-0.0165159045182476));
#8991=CARTESIAN_POINT('',(-0.140626666531579,0.0474276018908051,-0.0165164715932307));
#8992=CARTESIAN_POINT('',(-0.140522955992156,0.0474304678222619,-0.0165166548902162));
#8993=CARTESIAN_POINT('',(-0.140367353520514,0.047432624757647,-0.0165167928417897));
#8994=CARTESIAN_POINT('',(-0.140315483530298,0.0474329886652632,-0.0165168161163062));
#8995=CARTESIAN_POINT('',(-0.140237677231454,0.0474332792014264,-0.0165168346981892));
#8996=CARTESIAN_POINT('',(-0.140211741425152,0.0474333332008394,-0.0165168381518411));
#8997=CARTESIAN_POINT('',(-0.140159868945906,0.0474334007275933,-0.016516842470664));
#8998=CARTESIAN_POINT('',(-0.140107995554164,0.0474334297739861,-0.0165168443283903));
#8999=CARTESIAN_POINT('',(-0.140056121259516,0.0474334218279171,-0.0165168438201819));
#9000=CARTESIAN_POINT('',(-0.140004246988448,0.047433414762124,-0.0165168433682734));
#9001=CARTESIAN_POINT('',(-0.139978309911162,0.047433413640285,-0.0165168432965237));
#9002=CARTESIAN_POINT('',(-0.139906892762609,0.0474334182404874,-0.0165168435907399));
#9003=CARTESIAN_POINT('',(-0.139861412644279,0.0474334220144646,-0.0165168438321129));
#9004=CARTESIAN_POINT('',(-0.139815932456176,0.047433422900303,-0.0165168438887687));
#9005=CARTESIAN_POINT('',(-0.1429687077,0.0446393130922934,-0.0163381404156818));
#9006=CARTESIAN_POINT('',(-0.142968707710894,0.0447951014376004,-0.0163481042038979));
#9007=CARTESIAN_POINT('',(-0.14296905320671,0.0449516319792718,-0.0163581154609203));
#9008=CARTESIAN_POINT('',(-0.142963278112747,0.0451614276791462,-0.0163715334089538));
#9009=CARTESIAN_POINT('',(-0.142961317648079,0.0452139699865915,-0.0163748938684451));
#9010=CARTESIAN_POINT('',(-0.142953248496231,0.0453718127795212,-0.0163849890534006));
#9011=CARTESIAN_POINT('',(-0.142944938772698,0.0454773324141469,-0.0163917377950331));
#9012=CARTESIAN_POINT('',(-0.142919105231618,0.0456885557546434,-0.0164052470509813));
#9013=CARTESIAN_POINT('',(-0.142901598184854,0.0457943020232657,-0.0164120102874921));
#9014=CARTESIAN_POINT('',(-0.142866768785586,0.045952203545105,-0.0164221092285851));
#9015=CARTESIAN_POINT('',(-0.142853762954584,0.046004660961599,-0.016425464258688));
#9016=CARTESIAN_POINT('',(-0.142824883574878,0.0461087072842302,-0.0164321187713928));
#9017=CARTESIAN_POINT('',(-0.142809035245042,0.0461602419300445,-0.0164354147836558));
#9018=CARTESIAN_POINT('',(-0.142774227345046,0.0462622882287781,-0.0164419413804084));
#9019=CARTESIAN_POINT('',(-0.142736270285054,0.0463633928950272,-0.0164484077529726));
#9020=CARTESIAN_POINT('',(-0.14269114163106,0.0464631376919524,-0.0164547871520864));
#9021=CARTESIAN_POINT('',(-0.142642189223989,0.0465612108022323,-0.0164610596347831));
#9022=CARTESIAN_POINT('',(-0.142615826906873,0.0466093813664257,-0.016464140489765));
#9023=CARTESIAN_POINT('',(-0.142558790095482,0.0467033496557831,-0.0164701504395601));
#9024=CARTESIAN_POINT('',(-0.142528187997608,0.0467491324738983,-0.01647307858096));
#9025=CARTESIAN_POINT('',(-0.142477859018056,0.0468158414418847,-0.0164773451005617));
#9026=CARTESIAN_POINT('',(-0.142460316681172,0.0468377779852881,-0.0164787481007167));
#9027=CARTESIAN_POINT('',(-0.142423720690449,0.0468807434613631,-0.0164814960527748));
#9028=CARTESIAN_POINT('',(-0.142404676463768,0.0469017617817797,-0.0164828403259476));
#9029=CARTESIAN_POINT('',(-0.142345432459891,0.0469628529896232,-0.0164867475492734));
#9030=CARTESIAN_POINT('',(-0.142303038746628,0.0470008792831756,-0.0164891796049883));
#9031=CARTESIAN_POINT('',(-0.142215359931089,0.0470707177154395,-0.0164936462764));
#9032=CARTESIAN_POINT('',(-0.142170121050555,0.0471025012022694,-0.0164956790596023));
#9033=CARTESIAN_POINT('',(-0.142077094991248,0.0471616322944858,-0.0164994609193976));
#9034=CARTESIAN_POINT('',(-0.142029309871729,0.0471889663236722,-0.0165012091276946));
#9035=CARTESIAN_POINT('',(-0.141931826789415,0.0472397538434489,-0.0165044573558593));
#9036=CARTESIAN_POINT('',(-0.141882145936492,0.0472631937735437,-0.0165059565084355));
#9037=CARTESIAN_POINT('',(-0.141782013136294,0.0473063710609965,-0.0165087180073588));
#9038=CARTESIAN_POINT('',(-0.141731637094073,0.0473260927509568,-0.0165099793516628));
#9039=CARTESIAN_POINT('',(-0.141630193870341,0.0473622507443413,-0.0165122919161079));
#9040=CARTESIAN_POINT('',(-0.141579104551405,0.0473786982928075,-0.0165133438554505));
#9041=CARTESIAN_POINT('',(-0.141476058049628,0.047408746895699,-0.0165152656803132));
#9042=CARTESIAN_POINT('',(-0.141424119033733,0.047422324703815,-0.0165161340790641));
#9043=CARTESIAN_POINT('',(-0.141319492137614,0.0474467284754337,-0.0165176948762569));
#9044=CARTESIAN_POINT('',(-0.141266785983446,0.0474575512082854,-0.0165183870680753));
#9045=CARTESIAN_POINT('',(-0.141160801960125,0.0474766026751912,-0.0165196055467814));
#9046=CARTESIAN_POINT('',(-0.14110755531771,0.0474848369298212,-0.0165201321867497));
#9047=CARTESIAN_POINT('',(-0.141001060550303,0.0474989387792652,-0.0165210341017229));
#9048=CARTESIAN_POINT('',(-0.140947843605541,0.0475047918389683,-0.0165214084471026));
#9049=CARTESIAN_POINT('',(-0.140841732970757,0.0475144329238548,-0.0165220250640118));
#9050=CARTESIAN_POINT('',(-0.140788805940702,0.0475182364909715,-0.0165222683295599));
#9051=CARTESIAN_POINT('',(-0.140630396269222,0.0475272820425076,-0.0165228468578162));
#9052=CARTESIAN_POINT('',(-0.14052528685732,0.0475301793662335,-0.0165230321625635));
#9053=CARTESIAN_POINT('',(-0.140368295595006,0.0475323547624341,-0.0165231712948395));
#9054=CARTESIAN_POINT('',(-0.140316075019443,0.0475327205924888,-0.0165231946923101));
#9055=CARTESIAN_POINT('',(-0.140237917457914,0.0475330125798347,-0.0165232133670069));
#9056=CARTESIAN_POINT('',(-0.140211894042406,0.0475330667353656,-0.0165232168306437));
#9057=CARTESIAN_POINT('',(-0.1401599075976,0.0475331344355512,-0.0165232211605587));
#9058=CARTESIAN_POINT('',(-0.140107984226039,0.0475331635527873,-0.0165232230228157));
#9059=CARTESIAN_POINT('',(-0.140056123261868,0.0475331555874726,-0.0165232225133761));
#9060=CARTESIAN_POINT('',(-0.140004260812095,0.0475331485038843,-0.0165232220603295));
#9061=CARTESIAN_POINT('',(-0.139978325647194,0.0475331473792203,-0.0165232219883992));
#9062=CARTESIAN_POINT('',(-0.139906900862534,0.0475331519910088,-0.0165232222833568));
#9063=CARTESIAN_POINT('',(-0.139861414444101,0.0475331557744909,-0.0165232225253375));
#9064=CARTESIAN_POINT('',(-0.139815932776802,0.0475331566625603,-0.0165232225821354));
#9065=CARTESIAN_POINT('',(-0.143062569597786,0.044639317961892,-0.0163380642773005));
#9066=CARTESIAN_POINT('',(-0.143062569636576,0.0447951063061157,-0.0163480280616916));
#9067=CARTESIAN_POINT('',(-0.143062982862018,0.044952347708316,-0.0163580847422669));
#9068=CARTESIAN_POINT('',(-0.143057292605029,0.0451646589813089,-0.0163716634444471));
#9069=CARTESIAN_POINT('',(-0.143055353862111,0.0452179638202218,-0.0163750726327684));
#9070=CARTESIAN_POINT('',(-0.143047317336129,0.0453784661488618,-0.0163853377737927));
#9071=CARTESIAN_POINT('',(-0.143038985009288,0.0454862549878627,-0.0163922315287962));
#9072=CARTESIAN_POINT('',(-0.143012829669396,0.0457028147608384,-0.0164060818122072));
#9073=CARTESIAN_POINT('',(-0.142995024466233,0.0458116122804194,-0.0164130400417381));
#9074=CARTESIAN_POINT('',(-0.142959421859886,0.045974415723895,-0.0164234522468083));
#9075=CARTESIAN_POINT('',(-0.142946104399765,0.0460285655501097,-0.0164269154329831));
#9076=CARTESIAN_POINT('',(-0.142916476738798,0.046136099178172,-0.0164337928080364));
#9077=CARTESIAN_POINT('',(-0.142900194236547,0.046189423233947,-0.0164372031759916));
#9078=CARTESIAN_POINT('',(-0.142864359226403,0.0462951729683609,-0.016443966448683));
#9079=CARTESIAN_POINT('',(-0.14282521253963,0.0464001139500811,-0.01645067798988));
#9080=CARTESIAN_POINT('',(-0.142778463900205,0.0465040890030578,-0.0164573277349836));
#9081=CARTESIAN_POINT('',(-0.1427275603489,0.0466066668088882,-0.0164638881036183));
#9082=CARTESIAN_POINT('',(-0.142700062470694,0.0466572242717617,-0.016467121500965));
#9083=CARTESIAN_POINT('',(-0.142640252788356,0.046756344296781,-0.0164734606903797));
#9084=CARTESIAN_POINT('',(-0.142608028183922,0.0468048894396393,-0.0164765653684305));
#9085=CARTESIAN_POINT('',(-0.142554590120389,0.0468761438590496,-0.0164811223839418));
#9086=CARTESIAN_POINT('',(-0.142535889058251,0.0468996737729411,-0.0164826272153462));
#9087=CARTESIAN_POINT('',(-0.142496769614114,0.0469458831716803,-0.0164855824849784));
#9088=CARTESIAN_POINT('',(-0.142476364209658,0.046968547579383,-0.0164870319591237));
#9089=CARTESIAN_POINT('',(-0.142412832679864,0.0470344549229968,-0.0164912469813388));
#9090=CARTESIAN_POINT('',(-0.142367290778906,0.0470755142184381,-0.0164938728774938));
#9091=CARTESIAN_POINT('',(-0.142273719784405,0.0471504275947266,-0.0164986638918201));
#9092=CARTESIAN_POINT('',(-0.142225754262255,0.0471842392362087,-0.016500826296303));
#9093=CARTESIAN_POINT('',(-0.142127608316998,0.0472468561660526,-0.0165048309396529));
#9094=CARTESIAN_POINT('',(-0.142077429611479,0.0472756454103,-0.0165066721525079));
#9095=CARTESIAN_POINT('',(-0.141975403290687,0.0473289663416631,-0.0165100822942738));
#9096=CARTESIAN_POINT('',(-0.141923573853113,0.0473534816570851,-0.0165116501762334));
#9097=CARTESIAN_POINT('',(-0.141819330891594,0.0473985472234781,-0.0165145323578208));
#9098=CARTESIAN_POINT('',(-0.141766993212121,0.0474190853864167,-0.01651584588416));
#9099=CARTESIAN_POINT('',(-0.141661755480767,0.0474566855271564,-0.0165182506185113));
#9100=CARTESIAN_POINT('',(-0.141608831745008,0.0474737590158776,-0.0165193425627188));
#9101=CARTESIAN_POINT('',(-0.141502194467821,0.0475049221537446,-0.0165213356193702));
#9102=CARTESIAN_POINT('',(-0.141448503646878,0.0475189855880025,-0.0165222350553206));
#9103=CARTESIAN_POINT('',(-0.141340466608843,0.0475442350994798,-0.0165238499052229));
#9104=CARTESIAN_POINT('',(-0.141286099666284,0.0475554180671023,-0.0165245651202875));
#9105=CARTESIAN_POINT('',(-0.141176906512597,0.0475750816354933,-0.0165258227194991));
#9106=CARTESIAN_POINT('',(-0.141122115717401,0.0475835675499793,-0.0165263654435073));
#9107=CARTESIAN_POINT('',(-0.141012716802771,0.0475980788915073,-0.0165272935298694));
#9108=CARTESIAN_POINT('',(-0.140958141532704,0.0476040890835925,-0.016527677917869));
#9109=CARTESIAN_POINT('',(-0.140849551940619,0.0476139696681618,-0.0165283098416415));
#9110=CARTESIAN_POINT('',(-0.140795502493812,0.0476178563509022,-0.0165285584192606));
#9111=CARTESIAN_POINT('',(-0.140634130264861,0.0476270811753945,-0.0165291484051762));
#9112=CARTESIAN_POINT('',(-0.140527620383491,0.0476300099257386,-0.016529335718451));
#9113=CARTESIAN_POINT('',(-0.140369238745003,0.0476322038029656,-0.0165294760318795));
#9114=CARTESIAN_POINT('',(-0.140316667183855,0.0476325715575661,-0.016529499552351));
#9115=CARTESIAN_POINT('',(-0.140238157958627,0.0476328649976851,-0.0165295183198973));
#9116=CARTESIAN_POINT('',(-0.140212046833893,0.0476329193095055,-0.0165295217935229));
#9117=CARTESIAN_POINT('',(-0.14015994629342,0.0476329871833133,-0.0165295261345345));
#9118=CARTESIAN_POINT('',(-0.140107972884981,0.0476330163714707,-0.016529528001324));
#9119=CARTESIAN_POINT('',(-0.140056125266506,0.047633008386889,-0.0165295274906529));
#9120=CARTESIAN_POINT('',(-0.140004274651523,0.047633001285486,-0.0165295270364676));
#9121=CARTESIAN_POINT('',(-0.13997834140119,0.0476330001579938,-0.0165295269643567));
#9122=CARTESIAN_POINT('',(-0.139906908971707,0.0476330047813813,-0.0165295272600558));
#9123=CARTESIAN_POINT('',(-0.139861416245978,0.0476330085743786,-0.0165295275026446));
#9124=CARTESIAN_POINT('',(-0.139815933097795,0.0476330094646814,-0.0165295275595848));
#9125=CARTESIAN_POINT('',(-0.143253050147917,0.0446396520163549,-0.016332841184346));
#9126=CARTESIAN_POINT('',(-0.143253050839327,0.0447954403701747,-0.0163428047765615));
#9127=CARTESIAN_POINT('',(-0.14325359966638,0.044954124693828,-0.0163529509894015));
#9128=CARTESIAN_POINT('',(-0.143248073493632,0.0451715411015869,-0.0163668470201488));
#9129=CARTESIAN_POINT('',(-0.143246176331396,0.0452263934046952,-0.0163703524143955));
#9130=CARTESIAN_POINT('',(-0.143238197203793,0.0453922926426207,-0.0163809531389218));
#9131=CARTESIAN_POINT('',(-0.143229811382039,0.0455046859608956,-0.0163881332701812));
#9132=CARTESIAN_POINT('',(-0.143202985133033,0.0457320721481783,-0.0164026570880834));
#9133=CARTESIAN_POINT('',(-0.143184564698866,0.045847059190365,-0.0164100004571043));
#9134=CARTESIAN_POINT('',(-0.143147377197911,0.046019804358931,-0.0164210314179282));
#9135=CARTESIAN_POINT('',(-0.14313342197027,0.046077386321054,-0.0164247082351728));
#9136=CARTESIAN_POINT('',(-0.143102265003906,0.0461919914026131,-0.0164320258127522));
#9137=CARTESIAN_POINT('',(-0.143085096007524,0.04624894365765,-0.0164356620595499));
#9138=CARTESIAN_POINT('',(-0.143047165833751,0.0463622017071267,-0.0164428928227247));
#9139=CARTESIAN_POINT('',(-0.143005594177988,0.0464749196696384,-0.0164500886305951));
#9140=CARTESIAN_POINT('',(-0.142955547180139,0.0465874685940459,-0.0164572723752323));
#9141=CARTESIAN_POINT('',(-0.142900673421422,0.0466991753864663,-0.0164644013924803));
#9142=CARTESIAN_POINT('',(-0.142870865844524,0.0467545695046557,-0.0164679361015002));
#9143=CARTESIAN_POINT('',(-0.142805419088603,0.0468641272485208,-0.0164749256344914));
#9144=CARTESIAN_POINT('',(-0.142769897089599,0.0469182684011436,-0.0164783790265145));
#9145=CARTESIAN_POINT('',(-0.142710143795762,0.0469987295451185,-0.0164835098768455));
#9146=CARTESIAN_POINT('',(-0.142689089554632,0.047025486544227,-0.0164852158645708));
#9147=CARTESIAN_POINT('',(-0.142644846414124,0.0470782654101992,-0.0164885806730897));
#9148=CARTESIAN_POINT('',(-0.142621677700875,0.0471042631604989,-0.0164902379660785));
#9149=CARTESIAN_POINT('',(-0.142549443809947,0.0471799224199268,-0.0164950610388693));
#9150=CARTESIAN_POINT('',(-0.142497514362167,0.0472271218815799,-0.0164980698789971));
#9151=CARTESIAN_POINT('',(-0.142391991124795,0.0473123081976671,-0.0165035016560921));
#9152=CARTESIAN_POINT('',(-0.142338496095758,0.047350224718763,-0.016505920137951));
#9153=CARTESIAN_POINT('',(-0.14222996863121,0.0474198963721847,-0.0165103649063567));
#9154=CARTESIAN_POINT('',(-0.142174937233414,0.0474516304562705,-0.0165123898553894));
#9155=CARTESIAN_POINT('',(-0.142063700969935,0.047510077871847,-0.0165161198655033));
#9156=CARTESIAN_POINT('',(-0.142007516457528,0.0475367691355515,-0.0165178235247179));
#9157=CARTESIAN_POINT('',(-0.141894942995949,0.0475856553287226,-0.0165209441178581));
#9158=CARTESIAN_POINT('',(-0.141838629752131,0.0476078454214888,-0.0165223607304477));
#9159=CARTESIAN_POINT('',(-0.141725702281629,0.0476483633041494,-0.0165249475468595));
#9160=CARTESIAN_POINT('',(-0.141669061238607,0.0476667031418644,-0.0165261185204509));
#9161=CARTESIAN_POINT('',(-0.141555147811887,0.04770012106819,-0.0165282522948351));
#9162=CARTESIAN_POINT('',(-0.141497907382285,0.047715166933023,-0.016529213044296));
#9163=CARTESIAN_POINT('',(-0.141382960735021,0.0477421273612745,-0.0165309346742924));
#9164=CARTESIAN_POINT('',(-0.141325228823989,0.0477540390609457,-0.0165316953712316));
#9165=CARTESIAN_POINT('',(-0.14120953370339,0.0477749408608464,-0.0165330302519889));
#9166=CARTESIAN_POINT('',(-0.141151614398972,0.047783935854682,-0.0165336047495387));
#9167=CARTESIAN_POINT('',(-0.141036331660361,0.0477992755457364,-0.0165345845365842));
#9168=CARTESIAN_POINT('',(-0.140979004455331,0.047805603593013,-0.0165349887633619));
#9169=CARTESIAN_POINT('',(-0.140865392592911,0.0478159686490137,-0.0165356509250875));
#9170=CARTESIAN_POINT('',(-0.140809069196827,0.0478200234609931,-0.016535909996366));
#9171=CARTESIAN_POINT('',(-0.140641695028163,0.0478296109244558,-0.0165365226160422));
#9172=CARTESIAN_POINT('',(-0.140532347913207,0.0478326032456362,-0.0165367138968482));
#9173=CARTESIAN_POINT('',(-0.14037114948813,0.0478348345073315,-0.0165368565434258));
#9174=CARTESIAN_POINT('',(-0.140317866859611,0.0478352061550578,-0.0165368803068561));
#9175=CARTESIAN_POINT('',(-0.14023864519304,0.047835502533957,-0.016536899257809));
#9176=CARTESIAN_POINT('',(-0.140212356376722,0.0478355571619361,-0.016536902751166));
#9177=CARTESIAN_POINT('',(-0.140160024687928,0.0478356253869667,-0.0165369071140972));
#9178=CARTESIAN_POINT('',(-0.140107949908941,0.047835654718592,-0.0165369089898402));
#9179=CARTESIAN_POINT('',(-0.140056129327736,0.047835646695035,-0.0165369084767364));
#9180=CARTESIAN_POINT('',(-0.140004302689053,0.0478356395575942,-0.016536908020302));
#9181=CARTESIAN_POINT('',(-0.139978373317475,0.0478356384243809,-0.0165369079478342));
#9182=CARTESIAN_POINT('',(-0.139906925400217,0.047835643071232,-0.0165369082449981));
#9183=CARTESIAN_POINT('',(-0.13986141989643,0.0478356468834779,-0.0165369084887878));
#9184=CARTESIAN_POINT('',(-0.139815933748098,0.0478356477782986,-0.0165369085460095));
#9185=CARTESIAN_POINT('',(-0.143349648455208,0.0446399805519394,-0.016327704381557));
#9186=CARTESIAN_POINT('',(-0.143349649764997,0.0447957689164757,-0.0163376677848462));
#9187=CARTESIAN_POINT('',(-0.143350266447779,0.044955185146409,-0.0163478581008852));
#9188=CARTESIAN_POINT('',(-0.143344819514544,0.0451751905698549,-0.0163619106879654));
#9189=CARTESIAN_POINT('',(-0.143342942210278,0.0452308276402238,-0.0163654635538705));
#9190=CARTESIAN_POINT('',(-0.143334987862408,0.0453994636751392,-0.0163762298869781));
#9191=CARTESIAN_POINT('',(-0.143326571167553,0.0455141917769713,-0.0163835513651664));
#9192=CARTESIAN_POINT('',(-0.143299395911718,0.045747066794206,-0.0163984076527695));
#9193=CARTESIAN_POINT('',(-0.143280658487492,0.0458651914509589,-0.0164059411469948));
#9194=CARTESIAN_POINT('',(-0.143242659497971,0.0460429753712595,-0.0164172775654804));
#9195=CARTESIAN_POINT('',(-0.143228378210206,0.0461022966970422,-0.0164210598459522));
#9196=CARTESIAN_POINT('',(-0.143196440403565,0.046220485180982,-0.0164285947394637));
#9197=CARTESIAN_POINT('',(-0.14317881919048,0.046279275843325,-0.0164323424969747));
#9198=CARTESIAN_POINT('',(-0.143139821207701,0.0463963379831106,-0.0164398040489576));
#9199=CARTESIAN_POINT('',(-0.143097014489503,0.0465129957950363,-0.0164472389282132));
#9200=CARTESIAN_POINT('',(-0.143045289491943,0.0466298874385667,-0.0164546862970081));
#9201=CARTESIAN_POINT('',(-0.142988397114902,0.0467462175699241,-0.0164620960456547));
#9202=CARTESIAN_POINT('',(-0.14295741565743,0.0468040609413068,-0.0164657795074166));
#9203=CARTESIAN_POINT('',(-0.142889105320906,0.0469189035847653,-0.0164730901086467));
#9204=CARTESIAN_POINT('',(-0.142851908795799,0.0469758778426952,-0.0164767156588532));
#9205=CARTESIAN_POINT('',(-0.142788950042752,0.0470609993095164,-0.0164821298166879));
#9206=CARTESIAN_POINT('',(-0.142766701603109,0.0470893896908158,-0.0164839351184892));
#9207=CARTESIAN_POINT('',(-0.142719858773473,0.0471454934255594,-0.0164875021259684));
#9208=CARTESIAN_POINT('',(-0.142695288227034,0.0471731780888354,-0.0164892620255025));
#9209=CARTESIAN_POINT('',(-0.14261864043563,0.0472537721286801,-0.0164943853169043));
#9210=CARTESIAN_POINT('',(-0.142563472310483,0.0473040781280627,-0.0164975832398304));
#9211=CARTESIAN_POINT('',(-0.142451890279181,0.0473944613939,-0.0165033314021224));
#9212=CARTESIAN_POINT('',(-0.142395592969349,0.0474344542233253,-0.0165058763262451));
#9213=CARTESIAN_POINT('',(-0.142281804965866,0.0475076940475365,-0.016510538412378));
#9214=CARTESIAN_POINT('',(-0.142224314971765,0.0475409174584009,-0.0165126540831049));
#9215=CARTESIAN_POINT('',(-0.142108412970048,0.0476019574283071,-0.0165165420306812));
#9216=CARTESIAN_POINT('',(-0.142050022423204,0.0476297490352606,-0.0165183127304276));
#9217=CARTESIAN_POINT('',(-0.141933229493397,0.0476805671907641,-0.0165215510395647));
#9218=CARTESIAN_POINT('',(-0.141874902737297,0.0477035925738297,-0.016523018550793));
#9219=CARTESIAN_POINT('',(-0.141758080836737,0.0477455857570424,-0.0165256952695066));
#9220=CARTESIAN_POINT('',(-0.141699557290248,0.0477645658759799,-0.0165269052633394));
#9221=CARTESIAN_POINT('',(-0.141581959246266,0.0477991238288245,-0.0165291085160501));
#9222=CARTESIAN_POINT('',(-0.141522921381964,0.0478146663992536,-0.0165300995385024));
#9223=CARTESIAN_POINT('',(-0.141404475985052,0.0478424918323517,-0.0165318738901013));
#9224=CARTESIAN_POINT('',(-0.141345040243209,0.0478547719560429,-0.0165326570432057));
#9225=CARTESIAN_POINT('',(-0.141226052960657,0.0478762997615112,-0.0165340300808176));
#9226=CARTESIAN_POINT('',(-0.141166549624235,0.0478855521236868,-0.0165346202661479));
#9227=CARTESIAN_POINT('',(-0.141048287818869,0.0479013105889587,-0.0165356255796868));
#9228=CARTESIAN_POINT('',(-0.140989567289397,0.0479077993271141,-0.0165360396015476));
#9229=CARTESIAN_POINT('',(-0.140873412634387,0.0479184093061922,-0.0165367166927233));
#9230=CARTESIAN_POINT('',(-0.140815937941373,0.0479225491148957,-0.0165369809450207));
#9231=CARTESIAN_POINT('',(-0.140645525012252,0.0479323199079383,-0.0165376047395696));
#9232=CARTESIAN_POINT('',(-0.140534741427065,0.047935344366945,-0.0165377979791633));
#9233=CARTESIAN_POINT('',(-0.14037211688334,0.0479375945283212,-0.0165379417776102));
#9234=CARTESIAN_POINT('',(-0.140318474246691,0.0479379681442354,-0.0165379656609849));
#9235=CARTESIAN_POINT('',(-0.140238891876271,0.0479382660088455,-0.0165379847024848));
#9236=CARTESIAN_POINT('',(-0.140212513096,0.047938320796662,-0.0165379882055832));
#9237=CARTESIAN_POINT('',(-0.140160064378496,0.0479383891992576,-0.0165379925793362));
#9238=CARTESIAN_POINT('',(-0.14010793827634,0.0479384186034149,-0.0165379944594996));
#9239=CARTESIAN_POINT('',(-0.140056131383907,0.0479384105601534,-0.0165379939451948));
#9240=CARTESIAN_POINT('',(-0.140004316884249,0.0479384034044933,-0.01653799348765));
#9241=CARTESIAN_POINT('',(-0.139978389476458,0.0479384022683876,-0.0165379934150059));
#9242=CARTESIAN_POINT('',(-0.139906933717852,0.0479384069271011,-0.0165379937128929));
#9243=CARTESIAN_POINT('',(-0.139861421744628,0.0479384107490784,-0.0165379939572757));
#9244=CARTESIAN_POINT('',(-0.139815934077343,0.0479384116461831,-0.0165379940146364));
#9245=CARTESIAN_POINT('',(-0.143545774757292,0.0446411700325537,-0.0163091063129611));
#9246=CARTESIAN_POINT('',(-0.143545777871536,0.0447969584352725,-0.0163190690758616));
#9247=CARTESIAN_POINT('',(-0.143546528925936,0.044957861193708,-0.0163293447082744));
#9248=CARTESIAN_POINT('',(-0.143541229409565,0.0451831232925605,-0.0163437008522144));
#9249=CARTESIAN_POINT('',(-0.143539388293198,0.0452403536914214,-0.0163473457864604));
#9250=CARTESIAN_POINT('',(-0.143531469789858,0.0454145458246757,-0.0163584333621427));
#9251=CARTESIAN_POINT('',(-0.143522977994224,0.0455340133217906,-0.0163660290843293));
#9252=CARTESIAN_POINT('',(-0.143495065198452,0.0457780272107483,-0.0163815305313366));
#9253=CARTESIAN_POINT('',(-0.143475667772906,0.0459025180007611,-0.0163894330020726));
#9254=CARTESIAN_POINT('',(-0.143435995765866,0.046090522318826,-0.016401362243983));
#9255=CARTESIAN_POINT('',(-0.143421043838091,0.0461533712349184,-0.0164053492079068));
#9256=CARTESIAN_POINT('',(-0.143387503330796,0.0462788261333219,-0.0164133058725688));
#9257=CARTESIAN_POINT('',(-0.143368955279837,0.046341344209335,-0.0164172700538385));
#9258=CARTESIAN_POINT('',(-0.143327771950099,0.0464661180150304,-0.0164251795300067));
#9259=CARTESIAN_POINT('',(-0.14328244031329,0.0465907615205856,-0.0164330784103132));
#9260=CARTESIAN_POINT('',(-0.143227291049806,0.0467164526825188,-0.0164410374357229));
#9261=CARTESIAN_POINT('',(-0.143166283167507,0.0468421491423947,-0.0164489920488803));
#9262=CARTESIAN_POINT('',(-0.143132909961981,0.0469049535806683,-0.0164529642231703));
#9263=CARTESIAN_POINT('',(-0.143058769772613,0.0470304987302503,-0.0164608979943315));
#9264=CARTESIAN_POINT('',(-0.143018165851196,0.0470932093381087,-0.0164648576955202));
#9265=CARTESIAN_POINT('',(-0.14294868983633,0.0471877642692896,-0.0164708217654634));
#9266=CARTESIAN_POINT('',(-0.142924014101133,0.0472194605476404,-0.016472819844304));
#9267=CARTESIAN_POINT('',(-0.142871888857746,0.0472822928598385,-0.0164767793465776));
#9268=CARTESIAN_POINT('',(-0.142844470624302,0.0473133909522338,-0.0164787384235262));
#9269=CARTESIAN_POINT('',(-0.142758859144646,0.0474039691312567,-0.0164844445087906));
#9270=CARTESIAN_POINT('',(-0.142697117677395,0.0474605584630328,-0.0164880095105547));
#9271=CARTESIAN_POINT('',(-0.142573242886474,0.0475614515045787,-0.0164943718974975));
#9272=CARTESIAN_POINT('',(-0.142511262337987,0.0476056422792089,-0.0164971622967208));
#9273=CARTESIAN_POINT('',(-0.142386807762407,0.0476860956493045,-0.0165022462808791));
#9274=CARTESIAN_POINT('',(-0.142324333769937,0.0477223295195836,-0.0165045380761324));
#9275=CARTESIAN_POINT('',(-0.142198974945577,0.0477886095702718,-0.0165087326363042));
#9276=CARTESIAN_POINT('',(-0.142136113836639,0.0478186249568578,-0.0165106334839471));
#9277=CARTESIAN_POINT('',(-0.142010771039641,0.0478733473551093,-0.0165141003170845));
#9278=CARTESIAN_POINT('',(-0.141948364793343,0.0478980606349283,-0.0165156666377264));
#9279=CARTESIAN_POINT('',(-0.141823653233748,0.0479430348663308,-0.0165185178825005));
#9280=CARTESIAN_POINT('',(-0.14176131630839,0.0479633086826116,-0.0165198036251688));
#9281=CARTESIAN_POINT('',(-0.141636254809634,0.0480001700044148,-0.0165221417537032));
#9282=CARTESIAN_POINT('',(-0.141573576357747,0.0480167160996179,-0.016523191543769));
#9283=CARTESIAN_POINT('',(-0.141448044818469,0.0480462891056654,-0.0165250682411712));
#9284=CARTESIAN_POINT('',(-0.141385158425356,0.0480593135311659,-0.0165258949871432));
#9285=CARTESIAN_POINT('',(-0.141259503977159,0.0480821059950772,-0.0165273420963497));
#9286=CARTESIAN_POINT('',(-0.1411967928353,0.0480918782804743,-0.0165279627353255));
#9287=CARTESIAN_POINT('',(-0.141072498288419,0.0481084827226301,-0.0165290176015703));
#9288=CARTESIAN_POINT('',(-0.141010956283292,0.0481152960711955,-0.0165294506377914));
#9289=CARTESIAN_POINT('',(-0.140889652546722,0.0481264008164979,-0.0165301567100485));
#9290=CARTESIAN_POINT('',(-0.140829846547684,0.0481307123242396,-0.0165304310196343));
#9291=CARTESIAN_POINT('',(-0.140653280353743,0.048140853453753,-0.0165310765064365));
#9292=CARTESIAN_POINT('',(-0.140539588058409,0.0481439428328071,-0.016531273548108));
#9293=CARTESIAN_POINT('',(-0.140374075763598,0.0481462311730643,-0.0165314195823185));
#9294=CARTESIAN_POINT('',(-0.140319704146037,0.0481466087649154,-0.0165314436984889));
#9295=CARTESIAN_POINT('',(-0.140239391385668,0.0481469096307972,-0.0165314629157322));
#9296=CARTESIAN_POINT('',(-0.140212830437197,0.0481469647415015,-0.0165314664377368));
#9297=CARTESIAN_POINT('',(-0.140160144748012,0.0481470335027973,-0.0165314708324926));
#9298=CARTESIAN_POINT('',(-0.140107914721461,0.0481470630534772,-0.0165314727212352));
#9299=CARTESIAN_POINT('',(-0.140056135547452,0.0481470549704104,-0.0165314722045995));
#9300=CARTESIAN_POINT('',(-0.140004345628134,0.0481470477779452,-0.0165314717448997));
#9301=CARTESIAN_POINT('',(-0.139978422196816,0.0481470466359967,-0.0165314716719136));
#9302=CARTESIAN_POINT('',(-0.139906950560247,0.0481470513186733,-0.0165314719712039));
#9303=CARTESIAN_POINT('',(-0.139861425487047,0.048147055160309,-0.0165314722167376));
#9304=CARTESIAN_POINT('',(-0.13981593474403,0.0481470560620278,-0.0165314722743681));
#9305=CARTESIAN_POINT('',(-0.143645282407031,0.0446420303283037,-0.0162956551989384));
#9306=CARTESIAN_POINT('',(-0.143645286701006,0.0447978187585256,-0.0163056175098008));
#9307=CARTESIAN_POINT('',(-0.14364610425504,0.0449594759845392,-0.0163159343498757));
#9308=CARTESIAN_POINT('',(-0.143640872908266,0.0451874051971508,-0.0163304374762551));
#9309=CARTESIAN_POINT('',(-0.143639048120866,0.0452454439917758,-0.0163341270017463));
#9310=CARTESIAN_POINT('',(-0.143631140689541,0.0454224548497939,-0.0163453701925703));
#9311=CARTESIAN_POINT('',(-0.143622604684734,0.0455443264672927,-0.0163530987958702));
#9312=CARTESIAN_POINT('',(-0.143594303459327,0.0457939892461457,-0.0163689128952535));
#9313=CARTESIAN_POINT('',(-0.143574563107066,0.0459217078977711,-0.0163769941960302));
#9314=CARTESIAN_POINT('',(-0.143534029770036,0.0461148928101466,-0.0163892107695888));
#9315=CARTESIAN_POINT('',(-0.143518733340653,0.046179529590361,-0.0163932969419669));
#9316=CARTESIAN_POINT('',(-0.143484371156839,0.0463086667551626,-0.0164014580376018));
#9317=CARTESIAN_POINT('',(-0.143465348589721,0.0463730734555445,-0.0164055271194798));
#9318=CARTESIAN_POINT('',(-0.143423047966504,0.0465017540477673,-0.0164136537052887));
#9319=CARTESIAN_POINT('',(-0.143376426753293,0.0466304425816314,-0.0164217774886056));
#9320=CARTESIAN_POINT('',(-0.14331953159688,0.0467605896465882,-0.0164299845170863));
#9321=CARTESIAN_POINT('',(-0.143256427272501,0.046891028143943,-0.0164382032320792));
#9322=CARTESIAN_POINT('',(-0.143221836456522,0.0469563438924717,-0.0164423153495888));
#9323=CARTESIAN_POINT('',(-0.143144730616948,0.0470873055649934,-0.0164505511867242));
#9324=CARTESIAN_POINT('',(-0.14310239418723,0.0471529188377588,-0.0164546728615737));
#9325=CARTESIAN_POINT('',(-0.143029607056868,0.0472522459601587,-0.0164609035047154));
#9326=CARTESIAN_POINT('',(-0.143003698479853,0.0472856144208321,-0.0164629950355238));
#9327=CARTESIAN_POINT('',(-0.142948891065675,0.047351849765916,-0.0164671448112791));
#9328=CARTESIAN_POINT('',(-0.142920027276244,0.0473846740321197,-0.016469200447771));
#9329=CARTESIAN_POINT('',(-0.142829866943553,0.0474803005702769,-0.0164751890752118));
#9330=CARTESIAN_POINT('',(-0.142764791493324,0.0475400660701237,-0.0164789320522812));
#9331=CARTESIAN_POINT('',(-0.142634684006691,0.0476462708916041,-0.0164855922440208));
#9332=CARTESIAN_POINT('',(-0.142569823084821,0.0476925828864776,-0.0164885016622492));
#9333=CARTESIAN_POINT('',(-0.142439963570485,0.0477766809165073,-0.0164937902029317));
#9334=CARTESIAN_POINT('',(-0.142374964685924,0.0478144356214236,-0.0164961673910916));
#9335=CARTESIAN_POINT('',(-0.142244815743128,0.0478833626802666,-0.0165005106091121));
#9336=CARTESIAN_POINT('',(-0.14217969056228,0.04791450128353,-0.0165024745567799));
#9337=CARTESIAN_POINT('',(-0.142050018236829,0.0479711955766916,-0.016506052185029));
#9338=CARTESIAN_POINT('',(-0.141985546427427,0.0479967612964148,-0.0165076664108692));
#9339=CARTESIAN_POINT('',(-0.141856840440322,0.0480432409814411,-0.0165106022695497));
#9340=CARTESIAN_POINT('',(-0.141792573026535,0.0480641680863266,-0.0165119247365344));
#9341=CARTESIAN_POINT('',(-0.141663733447128,0.0481021925236053,-0.0165143282549485));
#9342=CARTESIAN_POINT('',(-0.141599212211268,0.0481192453391492,-0.0165154065363166));
#9343=CARTESIAN_POINT('',(-0.141470093996936,0.0481497007412307,-0.0165173328521376));
#9344=CARTESIAN_POINT('',(-0.141405461132636,0.0481631009712622,-0.0165181807323488));
#9345=CARTESIAN_POINT('',(-0.14127643235534,0.0481865319635922,-0.0165196637521098));
#9346=CARTESIAN_POINT('',(-0.141212097764485,0.0481965667527173,-0.0165202991552293));
#9347=CARTESIAN_POINT('',(-0.141084750152847,0.0482135983143145,-0.0165213780448856));
#9348=CARTESIAN_POINT('',(-0.141021780281724,0.0482205755504805,-0.0165218202993087));
#9349=CARTESIAN_POINT('',(-0.140897870776626,0.0482319300902586,-0.0165225404215576));
#9350=CARTESIAN_POINT('',(-0.140836885004089,0.0482363282834234,-0.0165228196068433));
#9351=CARTESIAN_POINT('',(-0.140657204927571,0.0482466563833934,-0.0165234756097975));
#9352=CARTESIAN_POINT('',(-0.140542040686207,0.0482497785382767,-0.0165236744945431));
#9353=CARTESIAN_POINT('',(-0.140375067050726,0.0482520861539731,-0.0165238216125204));
#9354=CARTESIAN_POINT('',(-0.140320326534037,0.0482524657531809,-0.0165238458415288));
#9355=CARTESIAN_POINT('',(-0.140239644161364,0.0482527681343274,-0.0165238651439583));
#9356=CARTESIAN_POINT('',(-0.140212991027053,0.0482528234080502,-0.0165238686751266));
#9357=CARTESIAN_POINT('',(-0.140160185418838,0.0482528923504457,-0.0165238730800622));
#9358=CARTESIAN_POINT('',(-0.140107902801563,0.0482529219751015,-0.0165238749729628));
#9359=CARTESIAN_POINT('',(-0.140056137654405,0.0482529138719379,-0.0165238744551975));
#9360=CARTESIAN_POINT('',(-0.140004360173917,0.0482529066608907,-0.0165238739944531));
#9361=CARTESIAN_POINT('',(-0.139978438754886,0.0482529055159922,-0.0165238739213012));
#9362=CARTESIAN_POINT('',(-0.139906959083307,0.0482529102107672,-0.0165238742212717));
#9363=CARTESIAN_POINT('',(-0.13986142738089,0.0482529140623281,-0.0165238744673632));
#9364=CARTESIAN_POINT('',(-0.139815935081405,0.0482529149663764,-0.0165238745251246));
#9365=CARTESIAN_POINT('',(-0.143845691342578,0.0446444057184932,-0.0162585148965595));
#9366=CARTESIAN_POINT('',(-0.143845698167657,0.0448001942179704,-0.0162684760802513));
#9367=CARTESIAN_POINT('',(-0.143846644939557,0.0449633715789415,-0.0162788708133209));
#9368=CARTESIAN_POINT('',(-0.14384153376328,0.0451966724615786,-0.016293652469429));
#9369=CARTESIAN_POINT('',(-0.143839736654852,0.0452563393405131,-0.0162974265169418));
#9370=CARTESIAN_POINT('',(-0.143831833389737,0.0454390264364786,-0.0163089647279834));
#9371=CARTESIAN_POINT('',(-0.143823192904979,0.0455657386886397,-0.0163169453140008));
#9372=CARTESIAN_POINT('',(-0.143794073576132,0.0458267717344817,-0.0163333523905679));
#9373=CARTESIAN_POINT('',(-0.143773622343151,0.0459609859901247,-0.0163417728976478));
#9374=CARTESIAN_POINT('',(-0.143731322983743,0.0461645922987152,-0.0163545345050369));
#9375=CARTESIAN_POINT('',(-0.143715322110859,0.0462328250145882,-0.0163588088674399));
#9376=CARTESIAN_POINT('',(-0.143679283750654,0.0463693670296562,-0.0163673577548076));
#9377=CARTESIAN_POINT('',(-0.14365929482724,0.0464375710365085,-0.0163716258275581));
#9378=CARTESIAN_POINT('',(-0.143614722662516,0.0465741051943876,-0.0163801642602934));
#9379=CARTESIAN_POINT('',(-0.143565482946247,0.046710923733308,-0.0163887146759182));
#9380=CARTESIAN_POINT('',(-0.143505050231214,0.0468500232145902,-0.0163973921590486));
#9381=CARTESIAN_POINT('',(-0.143437702762397,0.0469899867868813,-0.0164061118728948));
#9382=CARTESIAN_POINT('',(-0.143400649401932,0.0470603458514522,-0.0164104894635717));
#9383=CARTESIAN_POINT('',(-0.143317551359733,0.0472021824018802,-0.0164192983342645));
#9384=CARTESIAN_POINT('',(-0.143271716428314,0.0472736221890924,-0.0164237272855297));
#9385=CARTESIAN_POINT('',(-0.14319224963811,0.0473825254041643,-0.0164304636647925));
#9386=CARTESIAN_POINT('',(-0.143163854881504,0.0474192488418596,-0.0164327324946423));
#9387=CARTESIAN_POINT('',(-0.143103640557238,0.0474923108566079,-0.0164372432711298));
#9388=CARTESIAN_POINT('',(-0.143071863642421,0.0475285974390431,-0.0164394821122358));
#9389=CARTESIAN_POINT('',(-0.142972539674254,0.0476343483091548,-0.0164460068307512));
#9390=CARTESIAN_POINT('',(-0.142900752512185,0.0477004812560488,-0.0164500875219687));
#9391=CARTESIAN_POINT('',(-0.142758103217613,0.0478173328884387,-0.0164573128146016));
#9392=CARTESIAN_POINT('',(-0.142687449091512,0.0478678954290584,-0.0164604480807472));
#9393=CARTESIAN_POINT('',(-0.142546721475827,0.0479592958501201,-0.0164661247809501));
#9394=CARTESIAN_POINT('',(-0.14247664706268,0.0480000971626643,-0.0164686640064397));
#9395=CARTESIAN_POINT('',(-0.142336870789033,0.0480743263444814,-0.0164732893075413));
#9396=CARTESIAN_POINT('',(-0.142267196147449,0.0481077145257122,-0.0164753729880538));
#9397=CARTESIAN_POINT('',(-0.142128825160205,0.0481683578453381,-0.0164791608492336));
#9398=CARTESIAN_POINT('',(-0.142060203903895,0.0481956305648757,-0.0164808659738995));
#9399=CARTESIAN_POINT('',(-0.141923474461212,0.0482451247307266,-0.0164839623841201));
#9400=CARTESIAN_POINT('',(-0.141855329779552,0.0482673598650669,-0.0164853545334419));
#9401=CARTESIAN_POINT('',(-0.141718902717227,0.048307713030885,-0.0164878821251176));
#9402=CARTESIAN_POINT('',(-0.141650680935444,0.0483257803191903,-0.0164890144667011));
#9403=CARTESIAN_POINT('',(-0.141514360645757,0.0483580022492145,-0.0164910349296381));
#9404=CARTESIAN_POINT('',(-0.14144622106991,0.0483721547943022,-0.0164919229102778));
#9405=CARTESIAN_POINT('',(-0.14131041730506,0.0483968640209407,-0.0164934740671518));
#9406=CARTESIAN_POINT('',(-0.141242823293462,0.0484074242852404,-0.0164941374838392));
#9407=CARTESIAN_POINT('',(-0.141109346165221,0.0484253108330958,-0.0164952619554648));
#9408=CARTESIAN_POINT('',(-0.14104350970746,0.0484326161242332,-0.0164957217003658));
#9409=CARTESIAN_POINT('',(-0.140914368932133,0.0484444706777485,-0.0164964684806605));
#9410=CARTESIAN_POINT('',(-0.140851014723707,0.0484490423866536,-0.0164967569168355));
#9411=CARTESIAN_POINT('',(-0.14066508346946,0.0484597447378679,-0.0164974328723822));
#9412=CARTESIAN_POINT('',(-0.140546964312608,0.0484629324980289,-0.0164976352537964));
#9413=CARTESIAN_POINT('',(-0.140377057049511,0.0484652786966934,-0.0164977844278254));
#9414=CARTESIAN_POINT('',(-0.140321575971815,0.0484656623139592,-0.016497808870883));
#9415=CARTESIAN_POINT('',(-0.140240151606102,0.04846596772814,-0.0164978283349083));
#9416=CARTESIAN_POINT('',(-0.140213313409619,0.0484660233281646,-0.0164978318834575));
#9417=CARTESIAN_POINT('',(-0.140160267065126,0.0484660926330519,-0.0164978363077002));
#9418=CARTESIAN_POINT('',(-0.140107878872484,0.048466122405779,-0.0164978382084871));
#9419=CARTESIAN_POINT('',(-0.140056141884094,0.0484661142623893,-0.0164978376885793));
#9420=CARTESIAN_POINT('',(-0.140004389374435,0.048466107014148,-0.0164978372258539));
#9421=CARTESIAN_POINT('',(-0.139978471995049,0.0484661058633449,-0.0164978371523875));
#9422=CARTESIAN_POINT('',(-0.139906976193266,0.0484661105823364,-0.0164978374536479));
#9423=CARTESIAN_POINT('',(-0.139861431182762,0.0484661144537635,-0.0164978377007975));
#9424=CARTESIAN_POINT('',(-0.139815935758683,0.0484661153624747,-0.0164978377588071));
#9425=CARTESIAN_POINT('',(-0.143946572283333,0.0446459201636531,-0.0162348358599875));
#9426=CARTESIAN_POINT('',(-0.14394658045344,0.0448017087049193,-0.0162447963679711));
#9427=CARTESIAN_POINT('',(-0.143947589927315,0.0449656515786259,-0.0162552277808605));
#9428=CARTESIAN_POINT('',(-0.143942530744183,0.0452016564715688,-0.0162701409661704));
#9429=CARTESIAN_POINT('',(-0.143940744984801,0.0452621428735813,-0.0162739549390225));
#9430=CARTESIAN_POINT('',(-0.143932834821097,0.0454476869061454,-0.0162856325362881));
#9431=CARTESIAN_POINT('',(-0.143924134084068,0.0455768351812431,-0.0162937322079536));
#9432=CARTESIAN_POINT('',(-0.143894585184888,0.045843588452303,-0.0163104195720012));
#9433=CARTESIAN_POINT('',(-0.143873766082446,0.0459810697932701,-0.0163190004340781));
#9434=CARTESIAN_POINT('',(-0.143830562229615,0.0461899158520458,-0.0163320197095346));
#9435=CARTESIAN_POINT('',(-0.143814201493117,0.0462599562769273,-0.0163363830417377));
#9436=CARTESIAN_POINT('',(-0.143777308816895,0.0464002201301788,-0.0163451152656199));
#9437=CARTESIAN_POINT('',(-0.14375682815836,0.0464703324371375,-0.0163494774161975));
#9438=CARTESIAN_POINT('',(-0.14371110199008,0.0466108125850721,-0.0163582105604819));
#9439=CARTESIAN_POINT('',(-0.143660533626928,0.0467517152848332,-0.0163669626787489));
#9440=CARTESIAN_POINT('',(-0.143598309619488,0.0468953103831607,-0.0163758625840718));
#9441=CARTESIAN_POINT('',(-0.143528815893168,0.0470400560408066,-0.0163848191636593));
#9442=CARTESIAN_POINT('',(-0.143490517855697,0.0471129466077223,-0.0163893222677173));
#9443=CARTESIAN_POINT('',(-0.143404393883114,0.0472602404295265,-0.0163984020702755));
#9444=CARTESIAN_POINT('',(-0.1433567933202,0.0473346034865641,-0.0164029763051573));
#9445=CARTESIAN_POINT('',(-0.143273958672765,0.0474483096527946,-0.0164099518159364));
#9446=CARTESIAN_POINT('',(-0.143244310833609,0.0474867155526515,-0.0164123044818644));
#9447=CARTESIAN_POINT('',(-0.143181372323877,0.0475632005283809,-0.0164169859632501));
#9448=CARTESIAN_POINT('',(-0.143148128137487,0.0476012229109045,-0.0164193114381009));
#9449=CARTESIAN_POINT('',(-0.143044190321622,0.0477120487542092,-0.0164260896724392));
#9450=CARTESIAN_POINT('',(-0.142969026112451,0.0477813723534865,-0.0164303300817652));
#9451=CARTESIAN_POINT('',(-0.142820068975627,0.0479035579708275,-0.0164378226358374));
#9452=CARTESIAN_POINT('',(-0.142746502603156,0.047956249420318,-0.0164410647170636));
#9453=CARTESIAN_POINT('',(-0.142600312919284,0.0480513068573167,-0.0164469249964886));
#9454=CARTESIAN_POINT('',(-0.142527688379614,0.0480936336448527,-0.0164495408564759));
#9455=CARTESIAN_POINT('',(-0.142383075859522,0.0481705174231917,-0.0164542995655253));
#9456=CARTESIAN_POINT('',(-0.142311116284859,0.0482050317460063,-0.0164564398715179));
#9457=CARTESIAN_POINT('',(-0.142168377034786,0.0482676518116808,-0.0164603271576252));
#9458=CARTESIAN_POINT('',(-0.142097672309483,0.048295778924579,-0.0164620752703417));
#9459=CARTESIAN_POINT('',(-0.141956914640197,0.0483467818236165,-0.0164652476083437));
#9460=CARTESIAN_POINT('',(-0.14188682356607,0.048369671571291,-0.0164666727114085));
#9461=CARTESIAN_POINT('',(-0.141746587858338,0.0484111901232089,-0.0164692589788485));
#9462=CARTESIAN_POINT('',(-0.141676508683515,0.0484297650650978,-0.0164704168860254));
#9463=CARTESIAN_POINT('',(-0.141536573711193,0.0484628709549617,-0.0164724818718775));
#9464=CARTESIAN_POINT('',(-0.141466674244257,0.0484773999373165,-0.0164733888162433));
#9465=CARTESIAN_POINT('',(-0.141327470495545,0.048502748745388,-0.0164749721954903));
#9466=CARTESIAN_POINT('',(-0.141258240836636,0.0485135719299806,-0.0164756488598807));
#9467=CARTESIAN_POINT('',(-0.141121687866553,0.048531886261428,-0.0164767948872632));
#9468=CARTESIAN_POINT('',(-0.141054412973367,0.0485393556880056,-0.0164772629033647));
#9469=CARTESIAN_POINT('',(-0.14092264721678,0.0485514604121111,-0.016478022290074));
#9470=CARTESIAN_POINT('',(-0.140858104581559,0.0485561189344427,-0.0164783151008689));
#9471=CARTESIAN_POINT('',(-0.140669036653947,0.0485670085300101,-0.0164790004916273));
#9472=CARTESIAN_POINT('',(-0.140549434821523,0.0485702291132279,-0.0164792045264201));
#9473=CARTESIAN_POINT('',(-0.140378055563248,0.0485725946156603,-0.0164793546726064));
#9474=CARTESIAN_POINT('',(-0.140322202897327,0.0485729802432351,-0.016479379216862));
#9475=CARTESIAN_POINT('',(-0.140240406224674,0.0485732871748894,-0.0164793987572866));
#9476=CARTESIAN_POINT('',(-0.140213475170266,0.0485733429381653,-0.0164794023140518));
#9477=CARTESIAN_POINT('',(-0.140160308032465,0.0485734124244094,-0.0164794067474207));
#9478=CARTESIAN_POINT('',(-0.140107866865683,0.0485734422712171,-0.0164794086519353));
#9479=CARTESIAN_POINT('',(-0.140056144006408,0.0485734341077022,-0.0164794081310147));
#9480=CARTESIAN_POINT('',(-0.140004404026265,0.0485734268408526,-0.0164794076673529));
#9481=CARTESIAN_POINT('',(-0.139978488673836,0.0485734256870953,-0.016479407593738));
#9482=CARTESIAN_POINT('',(-0.139906984778464,0.0485734304182024,-0.016479407895608));
#9483=CARTESIAN_POINT('',(-0.139861433090413,0.0485734342995687,-0.0164794081432577));
#9484=CARTESIAN_POINT('',(-0.139815936098519,0.0485734352106128,-0.0164794082013847));
#9485=CARTESIAN_POINT('',(-0.144247353533333,0.0446515299412226,-0.0161471244447754));
#9486=CARTESIAN_POINT('',(-0.144247365137097,0.0448073186125764,-0.0161570828522433));
#9487=CARTESIAN_POINT('',(-0.144248552674948,0.044973544961434,-0.0161676152350297));
#9488=CARTESIAN_POINT('',(-0.14424361845623,0.0452176120294445,-0.0161828910952426));
#9489=CARTESIAN_POINT('',(-0.144241857463852,0.0452805417932583,-0.0161868151764617));
#9490=CARTESIAN_POINT('',(-0.144233895316534,0.0454746026170229,-0.0161988772281238));
#9491=CARTESIAN_POINT('',(-0.14422498837595,0.045611011722859,-0.0162073054156087));
#9492=CARTESIAN_POINT('',(-0.144194097411676,0.0458948085672142,-0.0162247660771128));
#9493=CARTESIAN_POINT('',(-0.1441721469917,0.0460420216588168,-0.0162337893818385));
#9494=CARTESIAN_POINT('',(-0.144126193035453,0.0462664690280909,-0.0162475196193161));
#9495=CARTESIAN_POINT('',(-0.144108741279299,0.0463418909183611,-0.0162521284415171));
#9496=CARTESIAN_POINT('',(-0.144069265152509,0.0464932322908929,-0.0162613665399839));
#9497=CARTESIAN_POINT('',(-0.14404730020126,0.0465690233210011,-0.0162659882778618));
#9498=CARTESIAN_POINT('',(-0.143998097090783,0.0467212433958533,-0.0162752586876852));
#9499=CARTESIAN_POINT('',(-0.143943531119721,0.0468742946100767,-0.0162845673635149));
#9500=CARTESIAN_POINT('',(-0.143875930077776,0.0470312563156129,-0.0162940810000505));
#9501=CARTESIAN_POINT('',(-0.143800001719572,0.0471902165391793,-0.0163036911700301));
#9502=CARTESIAN_POINT('',(-0.143757975205132,0.0472706301625979,-0.0163085406087153));
#9503=CARTESIAN_POINT('',(-0.143662796504719,0.0474341369942852,-0.016318368017385));
#9504=CARTESIAN_POINT('',(-0.143609916054814,0.0475171826922935,-0.0163233431504877));
#9505=CARTESIAN_POINT('',(-0.143517021437603,0.0476451492198805,-0.0163309785504107));
#9506=CARTESIAN_POINT('',(-0.143483632084527,0.0476885496454689,-0.0163335625680902));
#9507=CARTESIAN_POINT('',(-0.143412563013149,0.0477751942857904,-0.0163387151316526));
#9508=CARTESIAN_POINT('',(-0.143374941212473,0.0478183678701909,-0.0163412796881672));
#9509=CARTESIAN_POINT('',(-0.143257243636663,0.0479442517417448,-0.0163487575629225));
#9510=CARTESIAN_POINT('',(-0.143172015936623,0.0480230385813937,-0.0163534387805918));
#9511=CARTESIAN_POINT('',(-0.143004270695152,0.0481610409890342,-0.0163616689606568));
#9512=CARTESIAN_POINT('',(-0.142922034934838,0.0482200432642578,-0.0163652058487622));
#9513=CARTESIAN_POINT('',(-0.142759589893892,0.0483259399046486,-0.0163715728001669));
#9514=CARTESIAN_POINT('',(-0.142679378521515,0.0483727872379176,-0.016374400167586));
#9515=CARTESIAN_POINT('',(-0.142520380729648,0.0484575367262056,-0.0163795270737064));
#9516=CARTESIAN_POINT('',(-0.142441626282241,0.0484953873586455,-0.0163818236609872));
#9517=CARTESIAN_POINT('',(-0.142285898770967,0.0485638632470872,-0.0163859853494998));
#9518=CARTESIAN_POINT('',(-0.14220900018955,0.04859452112794,-0.0163878521038993));
#9519=CARTESIAN_POINT('',(-0.142056268581285,0.0486499926971918,-0.0163912339921944));
#9520=CARTESIAN_POINT('',(-0.1419803925696,0.0486748211538817,-0.0163927500425493));
#9521=CARTESIAN_POINT('',(-0.141828838012674,0.0487197909727442,-0.0163954982457952));
#9522=CARTESIAN_POINT('',(-0.141753239390837,0.0487398692237421,-0.0163967267097179));
#9523=CARTESIAN_POINT('',(-0.141602563717798,0.0487755926685903,-0.0163989145710807));
#9524=CARTESIAN_POINT('',(-0.141527435264977,0.0487912362881295,-0.0163998738518983));
#9525=CARTESIAN_POINT('',(-0.141378129954466,0.0488184788696027,-0.0164015461589536));
#9526=CARTESIAN_POINT('',(-0.141304040932491,0.0488300805217387,-0.016402259384477));
#9527=CARTESIAN_POINT('',(-0.141158350186626,0.0488496614322857,-0.0164034649014608));
#9528=CARTESIAN_POINT('',(-0.141086802100408,0.0488576168177312,-0.0164039557443166));
#9529=CARTESIAN_POINT('',(-0.140947238380957,0.0488704622231363,-0.0164047499218548));
#9530=CARTESIAN_POINT('',(-0.140879165394662,0.0488753777697008,-0.0164050548054843));
#9531=CARTESIAN_POINT('',(-0.140680779720411,0.048886821726048,-0.0164057662348461));
#9532=CARTESIAN_POINT('',(-0.140556773552634,0.0488901394839777,-0.0164059748322901));
#9533=CARTESIAN_POINT('',(-0.140381021681612,0.0488925621371511,-0.0164061276611631));
#9534=CARTESIAN_POINT('',(-0.140324065200855,0.0488929537163807,-0.0164061524846507));
#9535=CARTESIAN_POINT('',(-0.140241162577821,0.0488932651405792,-0.0164061722358761));
#9536=CARTESIAN_POINT('',(-0.140213955685781,0.048893321387149,-0.016406175815306));
#9537=CARTESIAN_POINT('',(-0.140160429727345,0.0488933914102804,-0.0164061802738488));
#9538=CARTESIAN_POINT('',(-0.140107831199071,0.048893421476395,-0.0164061821886456));
#9539=CARTESIAN_POINT('',(-0.140056150310816,0.0488934132533018,-0.0164061816649317));
#9540=CARTESIAN_POINT('',(-0.140004447550028,0.0488934059313641,-0.016406181198687));
#9541=CARTESIAN_POINT('',(-0.139978538218744,0.0488934047688615,-0.016406181124662));
#9542=CARTESIAN_POINT('',(-0.139907010281087,0.0488934095358355,-0.0164061814282137));
#9543=CARTESIAN_POINT('',(-0.139861438757154,0.0488934134466256,-0.016406181677243));
#9544=CARTESIAN_POINT('',(-0.139815937108011,0.0488934143645759,-0.0164061817356938));
#9545=CARTESIAN_POINT('',(-0.1444452702,0.0446567034027589,-0.0160662350285242));
#9546=CARTESIAN_POINT('',(-0.144445283169815,0.044812492172657,-0.0160761918514314));
#9547=CARTESIAN_POINT('',(-0.144446575727082,0.0449802225138019,-0.0160867792186822));
#9548=CARTESIAN_POINT('',(-0.144441682909436,0.0452295946131361,-0.0161022536953274));
#9549=CARTESIAN_POINT('',(-0.14443992590163,0.0452941320127583,-0.0161062381120691));
#9550=CARTESIAN_POINT('',(-0.144431886928564,0.0454937951876568,-0.0161185109175066));
#9551=CARTESIAN_POINT('',(-0.14442280829853,0.0456349788747818,-0.0161271192932803));
#9552=CARTESIAN_POINT('',(-0.144390951203711,0.0459299748683622,-0.016145004252063));
#9553=CARTESIAN_POINT('',(-0.144368209636133,0.0460835790334454,-0.0161542703776246));
#9554=CARTESIAN_POINT('',(-0.144320373878112,0.0463182633900357,-0.0161683908382917));
#9555=CARTESIAN_POINT('',(-0.144302179749494,0.0463972150747611,-0.0161731344072791));
#9556=CARTESIAN_POINT('',(-0.144260954573776,0.0465558193698922,-0.0161826501805548));
#9557=CARTESIAN_POINT('',(-0.144237988350416,0.0466353321906264,-0.0161874144085143));
#9558=CARTESIAN_POINT('',(-0.144186448324491,0.0467952430507079,-0.0161969797313113));
#9559=CARTESIAN_POINT('',(-0.144129202893361,0.0469562493326311,-0.0162065939126696));
#9560=CARTESIAN_POINT('',(-0.144058014683321,0.0471219558594509,-0.0162164444426039));
#9561=CARTESIAN_POINT('',(-0.143977804265389,0.0472902105254232,-0.0162264133948742));
#9562=CARTESIAN_POINT('',(-0.143933300805404,0.0473755408709926,-0.0162314529543076));
#9563=CARTESIAN_POINT('',(-0.143832119653845,0.0475496372917653,-0.0162416907837564));
#9564=CARTESIAN_POINT('',(-0.143775743916673,0.0476383512329853,-0.0162468860099408));
#9565=CARTESIAN_POINT('',(-0.143676204672418,0.0477756201172059,-0.0162548837353154));
#9566=CARTESIAN_POINT('',(-0.143640346086189,0.0478222774381548,-0.0162575947888222));
#9567=CARTESIAN_POINT('',(-0.143563915860793,0.0479155448524795,-0.0162630060423624));
#9568=CARTESIAN_POINT('',(-0.143523409676169,0.047962075243064,-0.0162657018966922));
#9569=CARTESIAN_POINT('',(-0.143396653570973,0.0480977682456035,-0.0162735640282577));
#9570=CARTESIAN_POINT('',(-0.14330481127327,0.0481827145002475,-0.0162784873948567));
#9571=CARTESIAN_POINT('',(-0.143124729129474,0.0483310070643472,-0.0162871227877431));
#9572=CARTESIAN_POINT('',(-0.143036807297329,0.0483941123479736,-0.0162908216335898));
#9573=CARTESIAN_POINT('',(-0.142863706837773,0.0485070541482451,-0.0162974669312651));
#9574=CARTESIAN_POINT('',(-0.142778525611395,0.0485568385008882,-0.0163004104909878));
#9575=CARTESIAN_POINT('',(-0.142610108562045,0.0486466972329805,-0.0163057396632103));
#9576=CARTESIAN_POINT('',(-0.142526907095285,0.048686714304451,-0.0163081221000332));
#9577=CARTESIAN_POINT('',(-0.142362681857783,0.0487589920152767,-0.0163124345223805));
#9578=CARTESIAN_POINT('',(-0.142281732190759,0.0487912926284299,-0.0163143664471014));
#9579=CARTESIAN_POINT('',(-0.142121170944581,0.0488496644293847,-0.0163178634404089));
#9580=CARTESIAN_POINT('',(-0.142041513212845,0.04887575090453,-0.0163194294467154));
#9581=CARTESIAN_POINT('',(-0.141882560608404,0.0489229600264838,-0.016322266598216));
#9582=CARTESIAN_POINT('',(-0.141803355142502,0.0489440135455708,-0.0163235338171799));
#9583=CARTESIAN_POINT('',(-0.141645661628739,0.0489814349785152,-0.016325789170486));
#9584=CARTESIAN_POINT('',(-0.141567117124317,0.0489978015764889,-0.0163267771979425));
#9585=CARTESIAN_POINT('',(-0.141411213182138,0.0490262724494063,-0.0163284983498286));
#9586=CARTESIAN_POINT('',(-0.141333950218047,0.0490383789729482,-0.016329231656906));
#9587=CARTESIAN_POINT('',(-0.14118229141838,0.0490587812846187,-0.0163304698488053));
#9588=CARTESIAN_POINT('',(-0.141107952620978,0.0490670518069241,-0.0163309732291433));
#9589=CARTESIAN_POINT('',(-0.140963296430138,0.0490803775279895,-0.0163317865150186));
#9590=CARTESIAN_POINT('',(-0.140892918047588,0.049085459742693,-0.0163320980292529));
#9591=CARTESIAN_POINT('',(-0.140688447794024,0.0490972631699565,-0.0163328237591383));
#9592=CARTESIAN_POINT('',(-0.140561565653669,0.049100643937062,-0.0163330348620076));
#9593=CARTESIAN_POINT('',(-0.140382958519295,0.0491031036483809,-0.0163331891638554));
#9594=CARTESIAN_POINT('',(-0.140325281261966,0.049103499086729,-0.0163332141406133));
#9595=CARTESIAN_POINT('',(-0.140241656467088,0.0491038134238889,-0.0163332340075371));
#9596=CARTESIAN_POINT('',(-0.140214269456482,0.0491038699837986,-0.0163332375993978));
#9597=CARTESIAN_POINT('',(-0.1401605091926,0.0491039403550078,-0.0163332420717446));
#9598=CARTESIAN_POINT('',(-0.140107807909213,0.0491039705633028,-0.016333243992179));
#9599=CARTESIAN_POINT('',(-0.140056154427516,0.049103962301584,-0.0163332434669336));
#9600=CARTESIAN_POINT('',(-0.140004475970508,0.0491039549439315,-0.0163332429992726));
#9601=CARTESIAN_POINT('',(-0.139978570570957,0.049103953775759,-0.0163332429250228));
#9602=CARTESIAN_POINT('',(-0.139907026933984,0.0491039585659864,-0.0163332432294967));
#9603=CARTESIAN_POINT('',(-0.139861442457466,0.0491039624958527,-0.0163332434792824));
#9604=CARTESIAN_POINT('',(-0.139815937767197,0.0491039634182804,-0.0163332435379107));
#9605=CARTESIAN_POINT('',(-0.1448114811375,0.0446698863800473,-0.0158601132027757));
#9606=CARTESIAN_POINT('',(-0.144811491365636,0.0448256751606827,-0.0158700697768157));
#9607=CARTESIAN_POINT('',(-0.144812945484313,0.0449961917087658,-0.0158807342303204));
#9608=CARTESIAN_POINT('',(-0.144808026523588,0.0452553794349997,-0.0158964821129319));
#9609=CARTESIAN_POINT('',(-0.144806246151354,0.0453228910411961,-0.0159005494254438));
#9610=CARTESIAN_POINT('',(-0.144797959233091,0.045532915541214,-0.0159131114010775));
#9611=CARTESIAN_POINT('',(-0.144788474253655,0.0456829257476562,-0.0159219665626756));
#9612=CARTESIAN_POINT('',(-0.144754626085581,0.0459986046683437,-0.0159404319695091));
#9613=CARTESIAN_POINT('',(-0.144730306595486,0.0461640034133252,-0.0159500300169));
#9614=CARTESIAN_POINT('',(-0.144678812939124,0.0464175585584395,-0.0159646837436566));
#9615=CARTESIAN_POINT('',(-0.144659185594622,0.0465030138274163,-0.0159696114289389));
#9616=CARTESIAN_POINT('',(-0.144614604576406,0.0466749925858668,-0.0159795065889305));
#9617=CARTESIAN_POINT('',(-0.144589725843841,0.0467613554695678,-0.0159844654903222));
#9618=CARTESIAN_POINT('',(-0.144533742465153,0.046935412963139,-0.0159944337201802));
#9619=CARTESIAN_POINT('',(-0.144471420047142,0.0471110437421848,-0.0160044652681342));
#9620=CARTESIAN_POINT('',(-0.144393475307811,0.0472928073799149,-0.0160147760286492));
#9621=CARTESIAN_POINT('',(-0.144305225164328,0.0474781158184496,-0.0160252350777949));
#9622=CARTESIAN_POINT('',(-0.144256081390091,0.0475724617720147,-0.0160305343278964));
#9623=CARTESIAN_POINT('',(-0.144143686421602,0.0477659601288243,-0.0160413326766382));
#9624=CARTESIAN_POINT('',(-0.144080792382019,0.0478650522867733,-0.0160468284563354));
#9625=CARTESIAN_POINT('',(-0.143968898321608,0.0480193359265072,-0.0160553207873505));
#9626=CARTESIAN_POINT('',(-0.143928453497112,0.0480719475955238,-0.0160582052271671));
#9627=CARTESIAN_POINT('',(-0.143842077046538,0.0481773174819791,-0.0160639694911302));
#9628=CARTESIAN_POINT('',(-0.14379622485176,0.0482299794485904,-0.0160668444836477));
#9629=CARTESIAN_POINT('',(-0.143652698095414,0.048383581508084,-0.0160752307675644));
#9630=CARTESIAN_POINT('',(-0.143548635449788,0.0484797610172381,-0.0160804842667951));
#9631=CARTESIAN_POINT('',(-0.14334579072862,0.0486468090495162,-0.0160896720688595));
#9632=CARTESIAN_POINT('',(-0.143247393437327,0.048717386144901,-0.0160935916892582));
#9633=CARTESIAN_POINT('',(-0.143054677286241,0.0488431527001739,-0.0161006164373506));
#9634=CARTESIAN_POINT('',(-0.142960355036777,0.0488982805538841,-0.0161037184045703));
#9635=CARTESIAN_POINT('',(-0.142774622877497,0.0489974320278667,-0.0161093233495897));
#9636=CARTESIAN_POINT('',(-0.142683251825147,0.049041387735428,-0.0161118228458058));
#9637=CARTESIAN_POINT('',(-0.14250342192256,0.0491205755961555,-0.0161163408123324));
#9638=CARTESIAN_POINT('',(-0.142415036304789,0.0491558611832139,-0.0161183616114569));
#9639=CARTESIAN_POINT('',(-0.142240108025238,0.0492195019394258,-0.0161220155838711));
#9640=CARTESIAN_POINT('',(-0.14215351341441,0.0492478733279229,-0.0161236497238416));
#9641=CARTESIAN_POINT('',(-0.141980993573889,0.049299149140379,-0.0161266081923359));
#9642=CARTESIAN_POINT('',(-0.14189517521325,0.0493219734714591,-0.0161279282714384));
#9643=CARTESIAN_POINT('',(-0.141724617374681,0.0493624776154116,-0.0161302756828363));
#9644=CARTESIAN_POINT('',(-0.141639812167209,0.0493801565929592,-0.016131302921435));
#9645=CARTESIAN_POINT('',(-0.141471816246702,0.049410856980901,-0.0161330906997562));
#9646=CARTESIAN_POINT('',(-0.141388737853118,0.0494238798187083,-0.0161338513995887));
#9647=CARTESIAN_POINT('',(-0.141226145052495,0.0494457728465413,-0.0161351341637771));
#9648=CARTESIAN_POINT('',(-0.14114669389281,0.0494546152506982,-0.0161356546474567));
#9649=CARTESIAN_POINT('',(-0.140992709123539,0.0494688125909944,-0.0161364940017813));
#9650=CARTESIAN_POINT('',(-0.140918107885566,0.0494741972376822,-0.0161368145625935));
#9651=CARTESIAN_POINT('',(-0.140702492620742,0.0494866529351953,-0.0161375598049017));
#9652=CARTESIAN_POINT('',(-0.140570342861622,0.0494901480238194,-0.0161377743280513));
#9653=CARTESIAN_POINT('',(-0.140386506026819,0.0494926749736284,-0.0161379306411124));
#9654=CARTESIAN_POINT('',(-0.140327508598014,0.0494930774134893,-0.016137955827244));
#9655=CARTESIAN_POINT('',(-0.140242561074168,0.0494933970354453,-0.016137975852184));
#9656=CARTESIAN_POINT('',(-0.140214844158582,0.0494934541637294,-0.0161379794610267));
#9657=CARTESIAN_POINT('',(-0.14016065474108,0.0494935251662922,-0.0161379839522331));
#9658=CARTESIAN_POINT('',(-0.140107765251533,0.049493555632472,-0.0161379858803703));
#9659=CARTESIAN_POINT('',(-0.140056161967661,0.0494935473006949,-0.0161379853530324));
#9660=CARTESIAN_POINT('',(-0.140004528025432,0.0494935398782624,-0.0161379848834364));
#9661=CARTESIAN_POINT('',(-0.13997862982724,0.049493538699806,-0.0161379848088794));
#9662=CARTESIAN_POINT('',(-0.139907057435416,0.0494935435322105,-0.016137985114613));
#9663=CARTESIAN_POINT('',(-0.139861449234954,0.0494935474966773,-0.0161379853654323));
#9664=CARTESIAN_POINT('',(-0.139815938974561,0.0494935484272265,-0.0161379854243033));
#9665=CARTESIAN_POINT('',(-0.144979124366667,0.0446778751188454,-0.0157352056503718));
#9666=CARTESIAN_POINT('',(-0.144979130283996,0.0448336638128614,-0.0157451635416815));
#9667=CARTESIAN_POINT('',(-0.144980640424454,0.0450054576269844,-0.015755849920568));
#9668=CARTESIAN_POINT('',(-0.144975653671436,0.0452691384780594,-0.0157716720139143));
#9669=CARTESIAN_POINT('',(-0.144973845919469,0.0453380113600668,-0.015775761712687));
#9670=CARTESIAN_POINT('',(-0.144965388112736,0.0455527763833432,-0.0157884015014856));
#9671=CARTESIAN_POINT('',(-0.144955669065485,0.0457068228048803,-0.0157973227500219));
#9672=CARTESIAN_POINT('',(-0.144920799265874,0.0460319486434233,-0.0158159431131501));
#9673=CARTESIAN_POINT('',(-0.144895695706248,0.046202729868235,-0.0158256295810415));
#9674=CARTESIAN_POINT('',(-0.144842432320207,0.046464885159538,-0.0158404252590192));
#9675=CARTESIAN_POINT('',(-0.144822116637197,0.0465533026174195,-0.0158454019371533));
#9676=CARTESIAN_POINT('',(-0.144775934708829,0.0467313690546717,-0.0158553980331979));
#9677=CARTESIAN_POINT('',(-0.144750148099611,0.0468208479868674,-0.0158604087199501));
#9678=CARTESIAN_POINT('',(-0.144692066106758,0.0470013360783498,-0.0158704841203275));
#9679=CARTESIAN_POINT('',(-0.14462735511468,0.0471836101778054,-0.0158806266763743));
#9680=CARTESIAN_POINT('',(-0.14454625295924,0.0473726574249578,-0.0158910598337216));
#9681=CARTESIAN_POINT('',(-0.144454259385285,0.0475656947263649,-0.015901649196597));
#9682=CARTESIAN_POINT('',(-0.144402960467159,0.0476641234556175,-0.015907017486492));
#9683=CARTESIAN_POINT('',(-0.144285374037999,0.0478663994844859,-0.0159179647907724));
#9684=CARTESIAN_POINT('',(-0.144219468564314,0.0479701830650943,-0.0159235404184829));
#9685=CARTESIAN_POINT('',(-0.14410188630238,0.0481321486942839,-0.0159321640246803));
#9686=CARTESIAN_POINT('',(-0.14405933263997,0.0481874471747959,-0.0159350944631217));
#9687=CARTESIAN_POINT('',(-0.143968388840825,0.0482982751338655,-0.0159409523322617));
#9688=CARTESIAN_POINT('',(-0.143920084550259,0.048353700915611,-0.0159438748027222));
#9689=CARTESIAN_POINT('',(-0.143768875583922,0.0485153709130028,-0.0159523999237711));
#9690=CARTESIAN_POINT('',(-0.143659229004285,0.0486166042106853,-0.015957740743204));
#9691=CARTESIAN_POINT('',(-0.1434459992474,0.0487920840819166,-0.0159670746325956));
#9692=CARTESIAN_POINT('',(-0.143342831272037,0.0488660166484295,-0.0159710526272004));
#9693=CARTESIAN_POINT('',(-0.143141189868969,0.0489975399136779,-0.0159781777186645));
#9694=CARTESIAN_POINT('',(-0.14304271276958,0.0490550647131162,-0.0159813215834659));
#9695=CARTESIAN_POINT('',(-0.14284911566892,0.0491583830996673,-0.015986999482077));
#9696=CARTESIAN_POINT('',(-0.142754036634208,0.0492041039736896,-0.015989529953274));
#9697=CARTESIAN_POINT('',(-0.142567127649059,0.0492863878257557,-0.0159941023176073));
#9698=CARTESIAN_POINT('',(-0.142475370440159,0.0493230103248309,-0.015996146642365));
#9699=CARTESIAN_POINT('',(-0.142293930412024,0.0493890103961496,-0.015999842173595));
#9700=CARTESIAN_POINT('',(-0.142204193025367,0.049418404599028,-0.0160014943543916));
#9701=CARTESIAN_POINT('',(-0.142025528215833,0.0494715005360475,-0.0160044849478632));
#9702=CARTESIAN_POINT('',(-0.141936715609672,0.0494951172482378,-0.0160058190258327));
#9703=CARTESIAN_POINT('',(-0.141760334252296,0.0495370006088997,-0.0160081908183526));
#9704=CARTESIAN_POINT('',(-0.14167269557006,0.0495552666433302,-0.0160092284426338));
#9705=CARTESIAN_POINT('',(-0.141499227889868,0.0495869642722321,-0.0160110338686195));
#9706=CARTESIAN_POINT('',(-0.141413518390899,0.0496003969159841,-0.0160118018245774));
#9707=CARTESIAN_POINT('',(-0.141245979163178,0.0496229565956635,-0.0160130963965038));
#9708=CARTESIAN_POINT('',(-0.141164215479366,0.0496320547230325,-0.016013621411635));
#9709=CARTESIAN_POINT('',(-0.141006011257203,0.0496466418094178,-0.0160144676736054));
#9710=CARTESIAN_POINT('',(-0.140929500099093,0.0496521616794389,-0.0160147906321695));
#9711=CARTESIAN_POINT('',(-0.140708844299478,0.0496649090103873,-0.016015541047058));
#9712=CARTESIAN_POINT('',(-0.140574312298499,0.0496684552068168,-0.0160157564781512));
#9713=CARTESIAN_POINT('',(-0.140388110363255,0.0496710122166157,-0.0160159133253754));
#9714=CARTESIAN_POINT('',(-0.140328515896466,0.0496714177863199,-0.0160159385671813));
#9715=CARTESIAN_POINT('',(-0.140242970176976,0.0496717397706351,-0.0160159586341124));
#9716=CARTESIAN_POINT('',(-0.14021510406396,0.0496717971529315,-0.01601596224747));
#9717=CARTESIAN_POINT('',(-0.140160720564456,0.0496718684376336,-0.0160159667436912));
#9718=CARTESIAN_POINT('',(-0.140107745959867,0.0496718990190534,-0.0160159686738767));
#9719=CARTESIAN_POINT('',(-0.140056165377644,0.04967189065597,-0.0160159681459824));
#9720=CARTESIAN_POINT('',(-0.140004551566942,0.0496718832045889,-0.0160159676758719));
#9721=CARTESIAN_POINT('',(-0.139978656625519,0.0496718820215368,-0.0160159676012331));
#9722=CARTESIAN_POINT('',(-0.139907071229496,0.0496718868727891,-0.0160159679073018));
#9723=CARTESIAN_POINT('',(-0.13986145230003,0.0496718908527181,-0.0160159681583959));
#9724=CARTESIAN_POINT('',(-0.139815939520584,0.0496718917868966,-0.0160159682173315));
#9725=CARTESIAN_POINT('',(-0.145270791033333,0.0446964912695947,-0.015444133694705));
#9726=CARTESIAN_POINT('',(-0.145270785135279,0.0448522792053492,-0.0154541033773076));
#9727=CARTESIAN_POINT('',(-0.145272352566782,0.0450262991576746,-0.0154648018169075));
#9728=CARTESIAN_POINT('',(-0.145267116402659,0.0452977964812102,-0.0154806365297171));
#9729=CARTESIAN_POINT('',(-0.145265221489111,0.0453690371338559,-0.0154847290857874));
#9730=CARTESIAN_POINT('',(-0.145256329840332,0.0455920434918999,-0.0154973764809551));
#9731=CARTESIAN_POINT('',(-0.14524608856144,0.0457531018616331,-0.0155063014965962));
#9732=CARTESIAN_POINT('',(-0.145209176617774,0.0460946129472048,-0.0155249266195939));
#9733=CARTESIAN_POINT('',(-0.145182560174452,0.0462747185517955,-0.0155346141987395));
#9734=CARTESIAN_POINT('',(-0.145125988065766,0.0465517443402036,-0.0155494107530276));
#9735=CARTESIAN_POINT('',(-0.145104396970432,0.04664527948298,-0.0155543875835846));
#9736=CARTESIAN_POINT('',(-0.145055273574662,0.046833853737054,-0.0155643838399826));
#9737=CARTESIAN_POINT('',(-0.145027829234478,0.046928706585671,-0.0155693945428524));
#9738=CARTESIAN_POINT('',(-0.144965940094951,0.0471202736362472,-0.0155794699113446));
#9739=CARTESIAN_POINT('',(-0.14489691768696,0.0473139822455594,-0.0155896123590006));
#9740=CARTESIAN_POINT('',(-0.14481016641784,0.0475155405491472,-0.0156000452907501));
#9741=CARTESIAN_POINT('',(-0.144711507458655,0.0477218370308855,-0.0156106341804193));
#9742=CARTESIAN_POINT('',(-0.144656384134995,0.0478272622454002,-0.015616002126924));
#9743=CARTESIAN_POINT('',(-0.1445296247805,0.0480445590970339,-0.0156269481415435));
#9744=CARTESIAN_POINT('',(-0.14445841315416,0.0481563615620568,-0.0156325228735426));
#9745=CARTESIAN_POINT('',(-0.144330855175621,0.0483314344169954,-0.0156411438476022));
#9746=CARTESIAN_POINT('',(-0.144284609538946,0.0483913134628429,-0.0156440731761607));
#9747=CARTESIAN_POINT('',(-0.144185684264449,0.0485114391021701,-0.0156499283519318));
#9748=CARTESIAN_POINT('',(-0.144133101675846,0.048571569356309,-0.0156528492446578));
#9749=CARTESIAN_POINT('',(-0.143968513508458,0.0487469608568786,-0.0156613689852216));
#9750=CARTESIAN_POINT('',(-0.143849175539384,0.0488567725132539,-0.0156667052465428));
#9751=CARTESIAN_POINT('',(-0.143617960755895,0.0490465493401301,-0.0156760312326404));
#9752=CARTESIAN_POINT('',(-0.143506551720936,0.0491261624211407,-0.0156800059424447));
#9753=CARTESIAN_POINT('',(-0.143289512194407,0.0492674246406786,-0.0156871254998518));
#9754=CARTESIAN_POINT('',(-0.143183877734064,0.0493290004794186,-0.0156902671132407));
#9755=CARTESIAN_POINT('',(-0.142976744993486,0.0494393574606985,-0.0156959412084106));
#9756=CARTESIAN_POINT('',(-0.142875291467815,0.049488057668768,-0.0156984701305089));
#9757=CARTESIAN_POINT('',(-0.142676221264821,0.0495755648410943,-0.0157030398515858));
#9758=CARTESIAN_POINT('',(-0.142578676249937,0.0496144417366824,-0.015705083074821));
#9759=CARTESIAN_POINT('',(-0.142386064088457,0.0496844189012594,-0.0157087767073482));
#9760=CARTESIAN_POINT('',(-0.142290937903852,0.0497155364790269,-0.0157104280903367));
#9761=CARTESIAN_POINT('',(-0.142101740758912,0.0497716985101252,-0.0157134172798451));
#9762=CARTESIAN_POINT('',(-0.142007798332588,0.0497966495854957,-0.0157147507580032));
#9763=CARTESIAN_POINT('',(-0.141821443179967,0.0498408550487773,-0.0157171215189269));
#9764=CARTESIAN_POINT('',(-0.141728953317675,0.0498601092107161,-0.0157181587107016));
#9765=CARTESIAN_POINT('',(-0.141546119525079,0.0498934852084006,-0.0157199634071163));
#9766=CARTESIAN_POINT('',(-0.141455907405709,0.0499076074302905,-0.0157207310672423));
#9767=CARTESIAN_POINT('',(-0.141279904570665,0.0499312887699385,-0.0157220251658801));
#9768=CARTESIAN_POINT('',(-0.141194184658739,0.0499408171009243,-0.0157225500046185));
#9769=CARTESIAN_POINT('',(-0.141028762439411,0.0499560598403736,-0.0157233960064005));
#9770=CARTESIAN_POINT('',(-0.140948984423806,0.0499618071681568,-0.0157237188800311));
#9771=CARTESIAN_POINT('',(-0.140719707318192,0.0499750450310429,-0.0157244691198535));
#9772=CARTESIAN_POINT('',(-0.140581101074001,0.0499786771793897,-0.0157246845311139));
#9773=CARTESIAN_POINT('',(-0.140390854194733,0.0499812847462934,-0.0157248413695114));
#9774=CARTESIAN_POINT('',(-0.140330238639815,0.049981695579616,-0.0157248666112624));
#9775=CARTESIAN_POINT('',(-0.140243669849727,0.049982021536746,-0.0157248866781337));
#9776=CARTESIAN_POINT('',(-0.140215548570106,0.0499820793461453,-0.0157248902915961));
#9777=CARTESIAN_POINT('',(-0.140160833139639,0.0499821511052199,-0.0157248947879707));
#9778=CARTESIAN_POINT('',(-0.140107712966073,0.0499821818803926,-0.0157248967182261));
#9779=CARTESIAN_POINT('',(-0.140056171209607,0.0499821734646738,-0.0157248961903127));
#9780=CARTESIAN_POINT('',(-0.140004591829079,0.0499821659646208,-0.0157248957201858));
#9781=CARTESIAN_POINT('',(-0.139978702457583,0.0499821647738418,-0.0157248956455444));
#9782=CARTESIAN_POINT('',(-0.139907094820978,0.0499821696567835,-0.0157248959516235));
#9783=CARTESIAN_POINT('',(-0.139861457542112,0.0499821736627094,-0.0157248962027265));
#9784=CARTESIAN_POINT('',(-0.139815940454426,0.04998217460299,-0.0157248962616644));
#9785=CARTESIAN_POINT('',(-0.14539595379375,0.0447071914008847,-0.0152768322916152));
#9786=CARTESIAN_POINT('',(-0.14539594092651,0.0448629785931021,-0.0152868135720988));
#9787=CARTESIAN_POINT('',(-0.145397510445662,0.0450379560404886,-0.0152975032958143));
#9788=CARTESIAN_POINT('',(-0.145392092316845,0.045312807233084,-0.0153132776290489));
#9789=CARTESIAN_POINT('',(-0.14539013742399,0.0453850636341999,-0.0153173509315856));
#9790=CARTESIAN_POINT('',(-0.145380981508806,0.0456116030314538,-0.015329928856607));
#9791=CARTESIAN_POINT('',(-0.145370450216926,0.0457756645766318,-0.0153387919224307));
#9792=CARTESIAN_POINT('',(-0.145332510021679,0.046124178147308,-0.0153572673292842));
#9793=CARTESIAN_POINT('',(-0.14530515890753,0.0463082621723063,-0.0153668677205223));
#9794=CARTESIAN_POINT('',(-0.145247034911368,0.046591616554654,-0.0153815233070806));
#9795=CARTESIAN_POINT('',(-0.145224851761646,0.0466873272381097,-0.0153864513197705));
#9796=CARTESIAN_POINT('',(-0.145174376310608,0.046880362786833,-0.0153963468320617));
#9797=CARTESIAN_POINT('',(-0.14514617563166,0.0469774945517621,-0.0154013057754761));
#9798=CARTESIAN_POINT('',(-0.145082563062147,0.0471737533571454,-0.0154112739553725));
#9799=CARTESIAN_POINT('',(-0.145011600936371,0.0473722979421103,-0.0154213052934432));
#9800=CARTESIAN_POINT('',(-0.144922335849697,0.0475791326956375,-0.015431615599828));
#9801=CARTESIAN_POINT('',(-0.144820728825,0.0477910114232307,-0.015442073676122));
#9802=CARTESIAN_POINT('',(-0.144763921253874,0.0478993777468056,-0.0154473722161862));
#9803=CARTESIAN_POINT('',(-0.144633144469206,0.0481229765583038,-0.0154581678802417));
#9804=CARTESIAN_POINT('',(-0.144559617311976,0.0482381378757891,-0.0154636617916009));
#9805=CARTESIAN_POINT('',(-0.144427732656164,0.0484186872332136,-0.0154721486140042));
#9806=CARTESIAN_POINT('',(-0.144379889384177,0.0484804779419824,-0.0154750307293968));
#9807=CARTESIAN_POINT('',(-0.144277518630934,0.0486044795216793,-0.0154807893490592));
#9808=CARTESIAN_POINT('',(-0.144223093031272,0.0486665688072988,-0.0154836610337522));
#9809=CARTESIAN_POINT('',(-0.144052755303073,0.0488476674252293,-0.0154920360317895));
#9810=CARTESIAN_POINT('',(-0.143929271791055,0.0489610370701553,-0.0154972799631292));
#9811=CARTESIAN_POINT('',(-0.143690386388849,0.0491567346691308,-0.0155064511707134));
#9812=CARTESIAN_POINT('',(-0.14357547464623,0.0492386948835785,-0.0155103638913533));
#9813=CARTESIAN_POINT('',(-0.143351901873637,0.0493839772116921,-0.0155173770136102));
#9814=CARTESIAN_POINT('',(-0.143243236858749,0.0494472228889099,-0.0155204742501809));
#9815=CARTESIAN_POINT('',(-0.143030380409502,0.0495604789066233,-0.0155260712026364));
#9816=CARTESIAN_POINT('',(-0.142926235423684,0.0496104048594253,-0.0155285674430654));
#9817=CARTESIAN_POINT('',(-0.142722035498103,0.0497000596571054,-0.0155330798537425));
#9818=CARTESIAN_POINT('',(-0.14262205162789,0.0497398627971273,-0.0155350983373631));
#9819=CARTESIAN_POINT('',(-0.142424735389085,0.0498114731936618,-0.0155387483182733));
#9820=CARTESIAN_POINT('',(-0.142327342112822,0.0498432980283892,-0.0155403807809186));
#9821=CARTESIAN_POINT('',(-0.142133716427499,0.0499007179425117,-0.0155433362975674));
#9822=CARTESIAN_POINT('',(-0.142037618375923,0.0499262161845658,-0.0155446551154762));
#9823=CARTESIAN_POINT('',(-0.141847073967556,0.0499713735560532,-0.0155470003576938));
#9824=CARTESIAN_POINT('',(-0.14175254744309,0.0499910326278054,-0.0155480266867921));
#9825=CARTESIAN_POINT('',(-0.141565782700785,0.0500250962743164,-0.015549812930897));
#9826=CARTESIAN_POINT('',(-0.141473681474451,0.0500395009476413,-0.0155505730086002));
#9827=CARTESIAN_POINT('',(-0.141294128393165,0.0500636416536784,-0.0155518547774548));
#9828=CARTESIAN_POINT('',(-0.141206749321734,0.0500733461368267,-0.0155523748901705));
#9829=CARTESIAN_POINT('',(-0.141038300360853,0.0500888573315156,-0.0155532136973049));
#9830=CARTESIAN_POINT('',(-0.140957152646291,0.0500946977780043,-0.0155535340794948));
#9831=CARTESIAN_POINT('',(-0.140724261091798,0.0501081364467664,-0.0155542789536032));
#9832=CARTESIAN_POINT('',(-0.140583946931284,0.0501118037738988,-0.0155544934349835));
#9833=CARTESIAN_POINT('',(-0.140392004407864,0.0501144320349506,-0.0155546497294693));
#9834=CARTESIAN_POINT('',(-0.140330960814179,0.0501148450226274,-0.0155546749155012));
#9835=CARTESIAN_POINT('',(-0.140243963152766,0.0501151726057653,-0.0155546949403422));
#9836=CARTESIAN_POINT('',(-0.140215734907226,0.0501152305899409,-0.0155546985494145));
#9837=CARTESIAN_POINT('',(-0.140160880331192,0.0501153025431257,-0.0155547030409556));
#9838=CARTESIAN_POINT('',(-0.140107699135064,0.0501153333975796,-0.0155547049692451));
#9839=CARTESIAN_POINT('',(-0.140056173654368,0.050115324960324,-0.0155547044418656));
#9840=CARTESIAN_POINT('',(-0.140004608706981,0.0501153174403553,-0.0155547039722339));
#9841=CARTESIAN_POINT('',(-0.1399787216704,0.0501153162464145,-0.015554703897671));
#9842=CARTESIAN_POINT('',(-0.139907104710536,0.0501153211423227,-0.0155547042034277));
#9843=CARTESIAN_POINT('',(-0.139861459739594,0.0501153251588862,-0.0155547044542663));
#9844=CARTESIAN_POINT('',(-0.139815940845893,0.0501153261016637,-0.0155547045131421));
#9845=CARTESIAN_POINT('',(-0.1456024967625,0.0447305654740911,-0.0149113680615648));
#9846=CARTESIAN_POINT('',(-0.145602474507676,0.0448863507491645,-0.0149213792718126));
#9847=CARTESIAN_POINT('',(-0.145604006300627,0.0450629130462127,-0.0149320222586269));
#9848=CARTESIAN_POINT('',(-0.145598136452591,0.0453432987743576,-0.0149475550326143));
#9849=CARTESIAN_POINT('',(-0.145596036467099,0.0454172309299807,-0.0149515526602679));
#9850=CARTESIAN_POINT('',(-0.145586283749022,0.0456495939842436,-0.014963860670268));
#9851=CARTESIAN_POINT('',(-0.14557513685023,0.0458185998399374,-0.0149724865357277));
#9852=CARTESIAN_POINT('',(-0.145535181878051,0.0461786098629929,-0.0149903937280908));
#9853=CARTESIAN_POINT('',(-0.145506438706975,0.0463692117643924,-0.0149996651416499));
#9854=CARTESIAN_POINT('',(-0.145445475608341,0.0466628999366324,-0.0150137898938246));
#9855=CARTESIAN_POINT('',(-0.145422221092101,0.0467621577905215,-0.0150185342506818));
#9856=CARTESIAN_POINT('',(-0.145369324995649,0.0469624554365918,-0.0150280509358578));
#9857=CARTESIAN_POINT('',(-0.145339781275911,0.0470632910983987,-0.0150328153253536));
#9858=CARTESIAN_POINT('',(-0.145273135274661,0.0472671614834604,-0.0150423806791554));
#9859=CARTESIAN_POINT('',(-0.145198782940273,0.0474735380459799,-0.0150519945427108));
#9860=CARTESIAN_POINT('',(-0.145105179960391,0.0476888863958702,-0.015061844228439));
#9861=CARTESIAN_POINT('',(-0.14499852216695,0.0479097511981992,-0.0150718111955606));
#9862=CARTESIAN_POINT('',(-0.144938843891449,0.0480228423451533,-0.0150768492714169));
#9863=CARTESIAN_POINT('',(-0.144801265194275,0.0482565383561004,-0.0150870813385782));
#9864=CARTESIAN_POINT('',(-0.144723834859558,0.048377069499284,-0.0150922725231881));
#9865=CARTESIAN_POINT('',(-0.144584711742578,0.0485663440868468,-0.0151002581783476));
#9866=CARTESIAN_POINT('',(-0.144534203221411,0.0486311756251547,-0.015102964125024));
#9867=CARTESIAN_POINT('',(-0.144426101976781,0.0487613328503744,-0.0151083629477623));
#9868=CARTESIAN_POINT('',(-0.144368619165994,0.0488265286733973,-0.0151110515046552));
#9869=CARTESIAN_POINT('',(-0.144188773256109,0.0490166621888826,-0.0151188886934605));
#9870=CARTESIAN_POINT('',(-0.144058474577136,0.0491356420924191,-0.0151237908555383));
#9871=CARTESIAN_POINT('',(-0.143807027160701,0.049340655383131,-0.0151323894313426));
#9872=CARTESIAN_POINT('',(-0.143686405099843,0.0494262966871467,-0.0151360729464058));
#9873=CARTESIAN_POINT('',(-0.143452206157793,0.0495778752116335,-0.0151426923996853));
#9874=CARTESIAN_POINT('',(-0.143338625501059,0.0496437308982381,-0.0151456254352668));
#9875=CARTESIAN_POINT('',(-0.143116501354441,0.04976151320217,-0.0151509368198501));
#9876=CARTESIAN_POINT('',(-0.143008007255593,0.0498133498903426,-0.0151533120065625));
#9877=CARTESIAN_POINT('',(-0.142795529169746,0.0499063495613665,-0.0151576120532296));
#9878=CARTESIAN_POINT('',(-0.142691614995193,0.049947593821312,-0.0151595388183119));
#9879=CARTESIAN_POINT('',(-0.142486725826186,0.0500217435593528,-0.0151630269152189));
#9880=CARTESIAN_POINT('',(-0.142385686941838,0.0500546670141375,-0.0151645891817666));
#9881=CARTESIAN_POINT('',(-0.142184945271278,0.0501140399527362,-0.0151674197507562));
#9882=CARTESIAN_POINT('',(-0.142085386322071,0.050140387159569,-0.0151686841565842));
#9883=CARTESIAN_POINT('',(-0.141888120072654,0.0501870208404759,-0.0151709346706701));
#9884=CARTESIAN_POINT('',(-0.141790327728422,0.0502073075381338,-0.0151719206686899));
#9885=CARTESIAN_POINT('',(-0.141597262277724,0.050242436836847,-0.0151736383968983));
#9886=CARTESIAN_POINT('',(-0.141502134495527,0.0502572790558393,-0.0151743703154629));
#9887=CARTESIAN_POINT('',(-0.141316895103638,0.05028213122396,-0.015175606285784));
#9888=CARTESIAN_POINT('',(-0.141226859412612,0.0502921084565864,-0.0151761088380892));
#9889=CARTESIAN_POINT('',(-0.141053564813466,0.0503080353030336,-0.015176920902597));
#9890=CARTESIAN_POINT('',(-0.140970224727927,0.0503140198995725,-0.0151772320181151));
#9891=CARTESIAN_POINT('',(-0.14073154827492,0.0503277693974246,-0.0151779569258379));
#9892=CARTESIAN_POINT('',(-0.140588501029748,0.0503314911690713,-0.0151781679346533));
#9893=CARTESIAN_POINT('',(-0.140393845038132,0.0503341514632941,-0.0151783221948703));
#9894=CARTESIAN_POINT('',(-0.140332116476942,0.0503345677858722,-0.0151783471716219));
#9895=CARTESIAN_POINT('',(-0.14024443251244,0.0503348978859396,-0.0151783670387031));
#9896=CARTESIAN_POINT('',(-0.140216033094154,0.0503349561406429,-0.0151783706312031));
#9897=CARTESIAN_POINT('',(-0.140160955849715,0.0503350283942752,-0.0151783751044667));
#9898=CARTESIAN_POINT('',(-0.140107677001918,0.0503350593714378,-0.015178377025316));
#9899=CARTESIAN_POINT('',(-0.14005617756661,0.050335050900843,-0.0151783764999569));
#9900=CARTESIAN_POINT('',(-0.140004635715932,0.0503350433500461,-0.0151783760321982));
#9901=CARTESIAN_POINT('',(-0.13997875241581,0.0503350421512115,-0.0151783759579326));
#9902=CARTESIAN_POINT('',(-0.139907120536351,0.050335047067192,-0.0151783762624696));
#9903=CARTESIAN_POINT('',(-0.139861463256127,0.0503350511002219,-0.0151783765123079));
#9904=CARTESIAN_POINT('',(-0.13981594147234,0.0503350520468645,-0.0151783765709492));
#9905=CARTESIAN_POINT('',(-0.14568355145,0.0447431978620995,-0.0147138549487908));
#9906=CARTESIAN_POINT('',(-0.145683526869099,0.0448989819977427,-0.0147238839566285));
#9907=CARTESIAN_POINT('',(-0.145685019023139,0.045076169178626,-0.0147344885336601));
#9908=CARTESIAN_POINT('',(-0.145678880341249,0.0453587268919879,-0.0147498401106963));
#9909=CARTESIAN_POINT('',(-0.145676695527957,0.0454333164233112,-0.0147537813554988));
#9910=CARTESIAN_POINT('',(-0.145666611395962,0.0456679609531434,-0.0147658891615421));
#9911=CARTESIAN_POINT('',(-0.145655140009934,0.0458389001808377,-0.0147743401051008));
#9912=CARTESIAN_POINT('',(-0.145614201976091,0.0462033861370527,-0.0147918297576158));
#9913=CARTESIAN_POINT('',(-0.145584803764555,0.0463965172773638,-0.0148008600024106));
#9914=CARTESIAN_POINT('',(-0.145522558153432,0.0466941944718809,-0.0148145959272255));
#9915=CARTESIAN_POINT('',(-0.145498826089736,0.0467948184075591,-0.0148192058117951));
#9916=CARTESIAN_POINT('',(-0.145444865369668,0.0469979055073096,-0.0148284451745235));
#9917=CARTESIAN_POINT('',(-0.145414737139834,0.0471001603658083,-0.0148330671628588));
#9918=CARTESIAN_POINT('',(-0.14534678606675,0.0473069387009512,-0.0148423376961994));
#9919=CARTESIAN_POINT('',(-0.145270988732502,0.0475162990576689,-0.0148516460446764));
#9920=CARTESIAN_POINT('',(-0.145175568659321,0.0477348713097003,-0.0148611586772013));
#9921=CARTESIAN_POINT('',(-0.145066816262899,0.0479591259776121,-0.014870766362691));
#9922=CARTESIAN_POINT('',(-0.145005956122362,0.0480739935045793,-0.0148756139225044));
#9923=CARTESIAN_POINT('',(-0.144865603784731,0.0483114690999861,-0.0148854339384543));
#9924=CARTESIAN_POINT('',(-0.144786592010328,0.0484340028994201,-0.0148904038673677));
#9925=CARTESIAN_POINT('',(-0.144644568573013,0.0486265127171187,-0.0148980236323164));
#9926=CARTESIAN_POINT('',(-0.144592996652319,0.0486924687206872,-0.0149006010268325));
#9927=CARTESIAN_POINT('',(-0.144482619441481,0.0488248961385454,-0.0149057374507816));
#9928=CARTESIAN_POINT('',(-0.144423927250067,0.0488912346690907,-0.0149082925252918));
#9929=CARTESIAN_POINT('',(-0.144240337684207,0.0490846820153236,-0.0149157379639453));
#9930=CARTESIAN_POINT('',(-0.144107380074281,0.0492057055353715,-0.0149203915722411));
#9931=CARTESIAN_POINT('',(-0.143851060938943,0.049414099389048,-0.0149285737909583));
#9932=CARTESIAN_POINT('',(-0.143728240194105,0.0495010689836343,-0.0149320906943844));
#9933=CARTESIAN_POINT('',(-0.143489964923451,0.0496549139126238,-0.0149384239485244));
#9934=CARTESIAN_POINT('',(-0.143374506847096,0.0497217057603263,-0.0149412375894164));
#9935=CARTESIAN_POINT('',(-0.143148853157015,0.0498411083648094,-0.0149463412913092));
#9936=CARTESIAN_POINT('',(-0.143038708178116,0.0498936271128034,-0.0149486284182074));
#9937=CARTESIAN_POINT('',(-0.142823094538511,0.0499878189040316,-0.0149527739560133));
#9938=CARTESIAN_POINT('',(-0.142717695028184,0.0500295758316426,-0.0149546339758193));
#9939=CARTESIAN_POINT('',(-0.142509948779746,0.0501046277906339,-0.0149580042508832));
#9940=CARTESIAN_POINT('',(-0.14240753704379,0.0501379409271438,-0.0149595154186628));
#9941=CARTESIAN_POINT('',(-0.142204118981841,0.0501980060190458,-0.014962255027242));
#9942=CARTESIAN_POINT('',(-0.142103260134094,0.0502246537255924,-0.0149634798176836));
#9943=CARTESIAN_POINT('',(-0.141903471733591,0.05027180955049,-0.0149656613593779));
#9944=CARTESIAN_POINT('',(-0.141804455299719,0.0502923180049484,-0.0149666179896451));
#9945=CARTESIAN_POINT('',(-0.141609029865932,0.0503278236784714,-0.0149682858250423));
#9946=CARTESIAN_POINT('',(-0.141512769329531,0.0503428203231916,-0.0149689972369141));
#9947=CARTESIAN_POINT('',(-0.141325402692541,0.0503679235001753,-0.0149701998520429));
#9948=CARTESIAN_POINT('',(-0.141234373661149,0.0503779969135632,-0.0149706896132886));
#9949=CARTESIAN_POINT('',(-0.14105926767907,0.0503940703218137,-0.0149714821954425));
#9950=CARTESIAN_POINT('',(-0.140975108320735,0.0504001057296403,-0.0149717865582477));
#9951=CARTESIAN_POINT('',(-0.140734270387101,0.0504139647763004,-0.0149724969134774));
#9952=CARTESIAN_POINT('',(-0.140590202210695,0.0504177057307196,-0.0149727053875266));
#9953=CARTESIAN_POINT('',(-0.140394532601739,0.0504203773151585,-0.0149728581619091));
#9954=CARTESIAN_POINT('',(-0.140332548173714,0.0504207948131966,-0.0149728829855307));
#9955=CARTESIAN_POINT('',(-0.140244607841426,0.0504211258003346,-0.0149729027372101));
#9956=CARTESIAN_POINT('',(-0.140216144481682,0.0504211841503715,-0.0149729063175587));
#9957=CARTESIAN_POINT('',(-0.140160984059608,0.0504212565098765,-0.0149729107774105));
#9958=CARTESIAN_POINT('',(-0.140107668734095,0.0504212875302779,-0.0149729126927984));
#9959=CARTESIAN_POINT('',(-0.140056179028026,0.0504212790479338,-0.0149729121689224));
#9960=CARTESIAN_POINT('',(-0.140004645805109,0.0504212714862727,-0.0149729117025383));
#9961=CARTESIAN_POINT('',(-0.139978763900739,0.0504212702857137,-0.0149729116284909));
#9962=CARTESIAN_POINT('',(-0.139907126448075,0.050421275208768,-0.0149729119321328));
#9963=CARTESIAN_POINT('',(-0.139861464569725,0.0504212792476009,-0.014972912181237));
#9964=CARTESIAN_POINT('',(-0.139815941706349,0.0504212801956058,-0.0149729122397061));
#9965=CARTESIAN_POINT('',(-0.145771442075,0.0447623957675597,-0.0144136869945094));
#9966=CARTESIAN_POINT('',(-0.1457714191554,0.0449181788202299,-0.0144237329156765));
#9967=CARTESIAN_POINT('',(-0.145772830925564,0.0450960490277308,-0.014434251661172));
#9968=CARTESIAN_POINT('',(-0.14576625728195,0.0453809630088179,-0.0144492564939799));
#9969=CARTESIAN_POINT('',(-0.145763936621215,0.0454562652218468,-0.0144530912475578));
#9970=CARTESIAN_POINT('',(-0.145753339813392,0.0456933781616333,-0.0144648242610341));
#9971=CARTESIAN_POINT('',(-0.145741385346558,0.0458664032680033,-0.0144729515232839));
#9972=CARTESIAN_POINT('',(-0.145699076077025,0.0462356868238853,-0.0144896741106517));
#9973=CARTESIAN_POINT('',(-0.145668794745435,0.0464315154409737,-0.0144982634570758));
#9974=CARTESIAN_POINT('',(-0.145604890726774,0.0467334131920082,-0.0145112897492865));
#9975=CARTESIAN_POINT('',(-0.145580549994076,0.0468354773347841,-0.0145156544131367));
#9976=CARTESIAN_POINT('',(-0.145525252392102,0.0470414933772799,-0.0145243882608435));
#9977=CARTESIAN_POINT('',(-0.145494398921254,0.0471452326880742,-0.014528750762206));
#9978=CARTESIAN_POINT('',(-0.14542485022918,0.0473550387868536,-0.0145374841535479));
#9979=CARTESIAN_POINT('',(-0.145347303651553,0.047567492215372,-0.0145462359756925));
#9980=CARTESIAN_POINT('',(-0.145249730498363,0.0477893743649369,-0.0145551347741401));
#9981=CARTESIAN_POINT('',(-0.145138527618683,0.0480170879369393,-0.0145640884565567));
#9982=CARTESIAN_POINT('',(-0.145076297808623,0.048133758097058,-0.0145685893427584));
#9983=CARTESIAN_POINT('',(-0.144932771503383,0.0483750414319914,-0.0145776603045164));
#9984=CARTESIAN_POINT('',(-0.144851965585785,0.0484995804732477,-0.0145822282932132));
#9985=CARTESIAN_POINT('',(-0.144706701666499,0.04869529800493,-0.0145891849290063));
#9986=CARTESIAN_POINT('',(-0.144653948650462,0.0487623637506008,-0.0145915295897341));
#9987=CARTESIAN_POINT('',(-0.144541059863144,0.0488970212595193,-0.0145961915427173));
#9988=CARTESIAN_POINT('',(-0.144481040701288,0.0489644772290487,-0.0145985055360351));
#9989=CARTESIAN_POINT('',(-0.14429337127057,0.0491611487402274,-0.0146052444631116));
#9990=CARTESIAN_POINT('',(-0.144157554612042,0.0492841363014915,-0.0146094513737107));
#9991=CARTESIAN_POINT('',(-0.143896044176859,0.049495757023537,-0.0146168857077901));
#9992=CARTESIAN_POINT('',(-0.14377090611362,0.0495839814962792,-0.0146201035138636));
#9993=CARTESIAN_POINT('',(-0.143528359197609,0.0497399580080412,-0.0146259228528279));
#9994=CARTESIAN_POINT('',(-0.14341094726594,0.0498076245174556,-0.014628522030316));
#9995=CARTESIAN_POINT('',(-0.143181636807378,0.0499285354323733,-0.0146332525334252));
#9996=CARTESIAN_POINT('',(-0.143069790406457,0.0499816857252668,-0.0146353813368539));
#9997=CARTESIAN_POINT('',(-0.142850956355391,0.0500769780795496,-0.0146392489832822));
#9998=CARTESIAN_POINT('',(-0.142744036868019,0.050119206640707,-0.0146409889052788));
#9999=CARTESIAN_POINT('',(-0.142533374976057,0.0501950866277499,-0.0146441471176086));
#10000=CARTESIAN_POINT('',(-0.142429566471487,0.0502287562534371,-0.0146455662809018));
#10001=CARTESIAN_POINT('',(-0.14222343091321,0.0502894535112278,-0.014648142091972));
#10002=CARTESIAN_POINT('',(-0.142121255161389,0.0503163750162754,-0.0146492955294539));
#10003=CARTESIAN_POINT('',(-0.14191891585138,0.0503640058665633,-0.0146513528253222));
#10004=CARTESIAN_POINT('',(-0.141818663541652,0.0503847156732363,-0.0146522565441062));
#10005=CARTESIAN_POINT('',(-0.141620858136094,0.0504205628288697,-0.0146538344813901));
#10006=CARTESIAN_POINT('',(-0.14152345669998,0.0504356993893277,-0.0146545089384443));
#10007=CARTESIAN_POINT('',(-0.141333949158688,0.0504610298289388,-0.0146556514340079));
#10008=CARTESIAN_POINT('',(-0.141241921243304,0.0504711902414814,-0.0146561181336792));
#10009=CARTESIAN_POINT('',(-0.141064994532748,0.0504873962023335,-0.014656875578674));
#10010=CARTESIAN_POINT('',(-0.14098001213171,0.0504934775354282,-0.0146571677555747));
#10011=CARTESIAN_POINT('',(-0.140737003261741,0.0505074355718351,-0.0146578518387106));
#10012=CARTESIAN_POINT('',(-0.140591910129199,0.0505111938525283,-0.0146580557224088));
#10013=CARTESIAN_POINT('',(-0.140395222883763,0.0505138756416348,-0.0146582058020869));
#10014=CARTESIAN_POINT('',(-0.140332981579548,0.050514294202282,-0.0146582303467474));
#10015=CARTESIAN_POINT('',(-0.140244783864709,0.0505146259910651,-0.0146582498881482));
#10016=CARTESIAN_POINT('',(-0.140216256310307,0.0505146844272079,-0.0146582534461737));
#10017=CARTESIAN_POINT('',(-0.140161012381213,0.0505147568823069,-0.0146582578813259));
#10018=CARTESIAN_POINT('',(-0.14010766043353,0.0505147879417188,-0.0146582597866438));
#10019=CARTESIAN_POINT('',(-0.14005618049523,0.0505147794487289,-0.0146582592655029));
#10020=CARTESIAN_POINT('',(-0.140004655934241,0.0505147718772375,-0.0146582588016513));
#10021=CARTESIAN_POINT('',(-0.139978775431151,0.0505147706751225,-0.0146582587280059));
#10022=CARTESIAN_POINT('',(-0.13990713238321,0.0505147756045849,-0.0146582590299988));
#10023=CARTESIAN_POINT('',(-0.139861465888526,0.0505147796486704,-0.0146582592777504));
#10024=CARTESIAN_POINT('',(-0.139815941941284,0.0505147805979083,-0.0146582593359022));
#10025=CARTESIAN_POINT('',(-0.145795169491992,0.0447688346754482,-0.0143130117509146));
#10026=CARTESIAN_POINT('',(-0.145795147940423,0.0449246174753,-0.0143230616197592));
#10027=CARTESIAN_POINT('',(-0.145796529431012,0.0451026733240419,-0.0143335470280106));
#10028=CARTESIAN_POINT('',(-0.145789805561021,0.0453882236686911,-0.0143484238545965));
#10029=CARTESIAN_POINT('',(-0.145787438199135,0.0454637182499505,-0.0143522194833505));
#10030=CARTESIAN_POINT('',(-0.145776667949013,0.0457014963214455,-0.0143638152508641));
#10031=CARTESIAN_POINT('',(-0.145764553084995,0.0458750821303564,-0.0143718245013909));
#10032=CARTESIAN_POINT('',(-0.145721803896674,0.0462456481134827,-0.0143882681933303));
#10033=CARTESIAN_POINT('',(-0.145691244677056,0.0464421946560044,-0.0143966975350694));
#10034=CARTESIAN_POINT('',(-0.145626831798238,0.0467452078459967,-0.0144094664671451));
#10035=CARTESIAN_POINT('',(-0.145602305997978,0.0468476514078303,-0.0144137422255525));
#10036=CARTESIAN_POINT('',(-0.145546605811215,0.0470544362847807,-0.0144222928260968));
#10037=CARTESIAN_POINT('',(-0.145515535668674,0.0471585639103488,-0.014426561276829));
#10038=CARTESIAN_POINT('',(-0.145445514000661,0.0473691587454221,-0.0144350999942054));
#10039=CARTESIAN_POINT('',(-0.145367453538248,0.0475824146738236,-0.0144436501311488));
#10040=CARTESIAN_POINT('',(-0.145269257396933,0.0478051479158611,-0.0144523264960653));
#10041=CARTESIAN_POINT('',(-0.145157352043721,0.0480337457373603,-0.0144610432330733));
#10042=CARTESIAN_POINT('',(-0.145094732345998,0.048150874321813,-0.0144654185368675));
#10043=CARTESIAN_POINT('',(-0.14495031118353,0.0483931192360696,-0.0144742182578629));
#10044=CARTESIAN_POINT('',(-0.144869002797334,0.0485181616354246,-0.0144786407381153));
#10045=CARTESIAN_POINT('',(-0.144722842249048,0.0487146765352042,-0.0144853575311773));
#10046=CARTESIAN_POINT('',(-0.14466976398573,0.048782016850437,-0.0144876180514375));
#10047=CARTESIAN_POINT('',(-0.144556187199376,0.0489172235201291,-0.0144921085509149));
#10048=CARTESIAN_POINT('',(-0.144495806246277,0.0489849533785425,-0.0144943354678643));
#10049=CARTESIAN_POINT('',(-0.144307030736054,0.0491824109982824,-0.0145008193547911));
#10050=CARTESIAN_POINT('',(-0.144170447759088,0.0493058712517584,-0.014504865236475));
#10051=CARTESIAN_POINT('',(-0.143907556725387,0.049518262912967,-0.0145120300228504));
#10052=CARTESIAN_POINT('',(-0.143781808330879,0.0496067838147584,-0.0145151400559764));
#10053=CARTESIAN_POINT('',(-0.143538142141442,0.0497632613462489,-0.0145207741977123));
#10054=CARTESIAN_POINT('',(-0.143420221446933,0.0498311319118977,-0.0145232960798108));
#10055=CARTESIAN_POINT('',(-0.143189962723942,0.0499523932414276,-0.0145278920561959));
#10056=CARTESIAN_POINT('',(-0.143077677256506,0.0500056893592786,-0.014529963777038));
#10057=CARTESIAN_POINT('',(-0.142858014826066,0.0501012349623123,-0.0145337312173231));
#10058=CARTESIAN_POINT('',(-0.142750705697653,0.0501435716049607,-0.0145354278250933));
#10059=CARTESIAN_POINT('',(-0.142539298342348,0.0502196408136929,-0.0145385095466948));
#10060=CARTESIAN_POINT('',(-0.142435133740604,0.0502533915949549,-0.014539895519273));
#10061=CARTESIAN_POINT('',(-0.142228306717709,0.0503142324877582,-0.0145424122371976));
#10062=CARTESIAN_POINT('',(-0.1421257966022,0.0503412160245492,-0.0145435399305287));
#10063=CARTESIAN_POINT('',(-0.141922810648282,0.0503889543000354,-0.0145455523961196));
#10064=CARTESIAN_POINT('',(-0.141822245581161,0.0504097095347538,-0.0145464370221655));
#10065=CARTESIAN_POINT('',(-0.141623838557701,0.0504456336625799,-0.0145479825193621));
#10066=CARTESIAN_POINT('',(-0.14152614907648,0.0504608017080771,-0.0145486436403647));
#10067=CARTESIAN_POINT('',(-0.141336101419568,0.0504861832441997,-0.0145497644387938));
#10068=CARTESIAN_POINT('',(-0.141243821707196,0.050496363194563,-0.0145502228145665));
#10069=CARTESIAN_POINT('',(-0.141066436218443,0.0505125989184061,-0.0145509675754294));
#10070=CARTESIAN_POINT('',(-0.14098124654372,0.0505186905554247,-0.0145512553523366));
#10071=CARTESIAN_POINT('',(-0.140737691069671,0.0505326707946242,-0.0145519299478192));
#10072=CARTESIAN_POINT('',(-0.140592339979756,0.0505364329593966,-0.0145521321717825));
#10073=CARTESIAN_POINT('',(-0.140395396613445,0.0505391170380527,-0.0145522812765772));
#10074=CARTESIAN_POINT('',(-0.140333090659373,0.0505395358371536,-0.014552305720138));
#10075=CARTESIAN_POINT('',(-0.140244828166393,0.0505398678057572,-0.0145523251853221));
#10076=CARTESIAN_POINT('',(-0.140216284455428,0.0505399262612015,-0.0145523287352303));
#10077=CARTESIAN_POINT('',(-0.140161019509218,0.05053999873772,-0.0145523331613922));
#10078=CARTESIAN_POINT('',(-0.140107658344437,0.0505400298058641,-0.014552335063043));
#10079=CARTESIAN_POINT('',(-0.140056180864498,0.0505400213104783,-0.0145523345428981));
#10080=CARTESIAN_POINT('',(-0.14000465848355,0.0505400137367782,-0.0145523340799685));
#10081=CARTESIAN_POINT('',(-0.139978778333135,0.0505400125343148,-0.0145523340064694));
#10082=CARTESIAN_POINT('',(-0.13990713387697,0.0505400174652191,-0.014552334307862));
#10083=CARTESIAN_POINT('',(-0.139861466220443,0.0505400215104853,-0.0145523345551212));
#10084=CARTESIAN_POINT('',(-0.139815942000413,0.0505400224600003,-0.0145523346131575));
#10085=CARTESIAN_POINT('',(-0.145832385678516,0.0447816261370104,-0.0141130114510195));
#10086=CARTESIAN_POINT('',(-0.145832368111491,0.0449374087996195,-0.0141230634574711));
#10087=CARTESIAN_POINT('',(-0.145833683589629,0.0451157586780597,-0.0141334720002654));
#10088=CARTESIAN_POINT('',(-0.145826653634054,0.0454023078667118,-0.0141480713993669));
#10089=CARTESIAN_POINT('',(-0.145824191494655,0.0454781041461572,-0.0141517827586868));
#10090=CARTESIAN_POINT('',(-0.145813074004733,0.0457169228769687,-0.0141630841883005));
#10091=CARTESIAN_POINT('',(-0.14580064324142,0.0458913830090921,-0.0141708418090277));
#10092=CARTESIAN_POINT('',(-0.145757054499455,0.0462639331441657,-0.0141866930080386));
#10093=CARTESIAN_POINT('',(-0.145725974774772,0.0464615836573919,-0.0141947832841446));
#10094=CARTESIAN_POINT('',(-0.145660632661788,0.0467662950025826,-0.0142070073279335));
#10095=CARTESIAN_POINT('',(-0.145635772106198,0.0468693135456238,-0.0142110949334231));
#10096=CARTESIAN_POINT('',(-0.14557935113534,0.0470772574059725,-0.0142192578049142));
#10097=CARTESIAN_POINT('',(-0.145547896382803,0.0471819674270555,-0.0142233272909692));
#10098=CARTESIAN_POINT('',(-0.145477043525216,0.0473937379308871,-0.0142314542094101));
#10099=CARTESIAN_POINT('',(-0.14539808776296,0.047608182823779,-0.0142395777566932));
#10100=CARTESIAN_POINT('',(-0.145298825024762,0.0478321599286031,-0.0142477837036931));
#10101=CARTESIAN_POINT('',(-0.14518573013079,0.0480620384610618,-0.0142559994578585));
#10102=CARTESIAN_POINT('',(-0.145122455770125,0.0481798255548088,-0.0142601092878558));
#10103=CARTESIAN_POINT('',(-0.144976549619507,0.0484234363559126,-0.0142683359186851));
#10104=CARTESIAN_POINT('',(-0.144894414314491,0.0485491868080251,-0.0142724510719709));
#10105=CARTESIAN_POINT('',(-0.14474680071797,0.0487468052683667,-0.0142786619251093));
#10106=CARTESIAN_POINT('',(-0.144693198629161,0.0488145225899267,-0.01428074505548));
#10107=CARTESIAN_POINT('',(-0.144578521429007,0.0489504772166661,-0.0142848743228649));
#10108=CARTESIAN_POINT('',(-0.14451756542133,0.0490185771027848,-0.0142869178951764));
#10109=CARTESIAN_POINT('',(-0.144327045158008,0.0492170869811871,-0.0142928651971616));
#10110=CARTESIAN_POINT('',(-0.144189272145297,0.0493411653179016,-0.0142965729249078));
#10111=CARTESIAN_POINT('',(-0.143924260532059,0.0495545514003636,-0.0143031718328724));
#10112=CARTESIAN_POINT('',(-0.143797587609384,0.0496434464920239,-0.0143060556864237));
#10113=CARTESIAN_POINT('',(-0.143552238644489,0.0498005503423744,-0.0143113011051477));
#10114=CARTESIAN_POINT('',(-0.143433560095381,0.04986867223548,-0.0143136607177276));
#10115=CARTESIAN_POINT('',(-0.143201897533557,0.0499903615132602,-0.0143179742162243));
#10116=CARTESIAN_POINT('',(-0.143088966833908,0.0500438334893726,-0.0143199260418137));
#10117=CARTESIAN_POINT('',(-0.142868093047361,0.0501396823120995,-0.01432348297066));
#10118=CARTESIAN_POINT('',(-0.14276021714853,0.0501821472439848,-0.0143250885628518));
#10119=CARTESIAN_POINT('',(-0.142547729847018,0.0502584397089828,-0.0143280095308698));
#10120=CARTESIAN_POINT('',(-0.142443051686928,0.0502922854595946,-0.0143293257357376));
#10121=CARTESIAN_POINT('',(-0.142235230490108,0.0503532937275166,-0.0143317182297603));
#10122=CARTESIAN_POINT('',(-0.142132241272225,0.0503803490950917,-0.014332791798251));
#10123=CARTESIAN_POINT('',(-0.141928331113911,0.0504282112641658,-0.0143347100052808));
#10124=CARTESIAN_POINT('',(-0.141827320255866,0.0504490186175563,-0.0143355544840085));
#10125=CARTESIAN_POINT('',(-0.141628057243981,0.0504850308714556,-0.0143370317648919));
#10126=CARTESIAN_POINT('',(-0.141529958742462,0.0505002348288855,-0.0143376648401354));
#10127=CARTESIAN_POINT('',(-0.141339145050126,0.0505256745325544,-0.014338740005067));
#10128=CARTESIAN_POINT('',(-0.141246508689527,0.0505358766663324,-0.0143391808711585));
#10129=CARTESIAN_POINT('',(-0.141068473812971,0.0505521461704126,-0.0143398989456744));
#10130=CARTESIAN_POINT('',(-0.140982991006359,0.0505582494814534,-0.0143401774624518));
#10131=CARTESIAN_POINT('',(-0.140738662787921,0.0505722548580594,-0.0143408320860826));
#10132=CARTESIAN_POINT('',(-0.140592947268672,0.0505760214148036,-0.0143410308105612));
#10133=CARTESIAN_POINT('',(-0.140395642054485,0.0505787080873706,-0.0143411778582075));
#10134=CARTESIAN_POINT('',(-0.140333244765961,0.0505791271567232,-0.0143412020878883));
#10135=CARTESIAN_POINT('',(-0.14024489075535,0.0505794593289292,-0.0143412213917768));
#10136=CARTESIAN_POINT('',(-0.140216324218566,0.0505795178061875,-0.0143412249244186));
#10137=CARTESIAN_POINT('',(-0.14016102957959,0.0505795903068826,-0.0143412293314277));
#10138=CARTESIAN_POINT('',(-0.140107655392986,0.0505796213848493,-0.0143412312252605));
#10139=CARTESIAN_POINT('',(-0.140056181386195,0.0505796128867168,-0.0143412307072394));
#10140=CARTESIAN_POINT('',(-0.140004662085189,0.0505796053104997,-0.0143412302462745));
#10141=CARTESIAN_POINT('',(-0.139978782433029,0.0505796041076443,-0.0143412301730873));
#10142=CARTESIAN_POINT('',(-0.139907135987339,0.0505796090402,-0.0143412304732006));
#10143=CARTESIAN_POINT('',(-0.139861466689371,0.0505796130868136,-0.0143412307194104));
#10144=CARTESIAN_POINT('',(-0.139815942083949,0.0505796140366449,-0.0143412307772006));
#10145=CARTESIAN_POINT('',(-0.145845864275521,0.0447879773921244,-0.0140137066982875));
#10146=CARTESIAN_POINT('',(-0.145845849327896,0.0449437601713772,-0.014023756877972));
#10147=CARTESIAN_POINT('',(-0.145847129078624,0.0451222183610634,-0.0140341218804042));
#10148=CARTESIAN_POINT('',(-0.145839943292611,0.0454091297588665,-0.0140485718577035));
#10149=CARTESIAN_POINT('',(-0.145837433085775,0.0454850352860692,-0.0140522380736164));
#10150=CARTESIAN_POINT('',(-0.145826141833431,0.0457242292587941,-0.0140633824188214));
#10151=CARTESIAN_POINT('',(-0.145813555602591,0.0458990027689933,-0.0140710064317422));
#10152=CARTESIAN_POINT('',(-0.145769567334011,0.0462722540652037,-0.014086544063206));
#10153=CARTESIAN_POINT('',(-0.145738245065594,0.0464702903044173,-0.0140944552977704));
#10154=CARTESIAN_POINT('',(-0.145672482725554,0.0467755838604213,-0.0141063918458855));
#10155=CARTESIAN_POINT('',(-0.145647472537341,0.0468787977922384,-0.0141103802153275));
#10156=CARTESIAN_POINT('',(-0.14559073349113,0.0470871314468741,-0.0141183386286954));
#10157=CARTESIAN_POINT('',(-0.145559110868788,0.0471920353679521,-0.0141223032129943));
#10158=CARTESIAN_POINT('',(-0.145487899951626,0.047404192433161,-0.0141302130319977));
#10159=CARTESIAN_POINT('',(-0.145408562945906,0.0476190234091695,-0.0141381117013794));
#10160=CARTESIAN_POINT('',(-0.145308856817148,0.0478433928704237,-0.014146069693434));
#10161=CARTESIAN_POINT('',(-0.145195275109081,0.048073667427992,-0.0141540214418581));
#10162=CARTESIAN_POINT('',(-0.145131736116633,0.0481916543775023,-0.014157991397395));
#10163=CARTESIAN_POINT('',(-0.144985240173904,0.0484356689969073,-0.0141659162161681));
#10164=CARTESIAN_POINT('',(-0.144902780612632,0.0485616238837728,-0.0141698695712572));
#10165=CARTESIAN_POINT('',(-0.14475461095511,0.0487595481147818,-0.0141758143623711));
#10166=CARTESIAN_POINT('',(-0.144700810419789,0.0488273677261894,-0.014177804255926));
#10167=CARTESIAN_POINT('',(-0.144585721087573,0.0489635208519367,-0.0141817437710375));
#10168=CARTESIAN_POINT('',(-0.144524551967167,0.0490317167269265,-0.0141836910887476));
#10169=CARTESIAN_POINT('',(-0.144333393497905,0.04923049231951,-0.0141893568870832));
#10170=CARTESIAN_POINT('',(-0.144195197102045,0.0493547157768276,-0.0141928875174789));
#10171=CARTESIAN_POINT('',(-0.143929446122682,0.0495683248927339,-0.0141991901414922));
#10172=CARTESIAN_POINT('',(-0.143802459282066,0.0496572975681651,-0.0142019556073155));
#10173=CARTESIAN_POINT('',(-0.143556547333725,0.0498145264150442,-0.0142069975325901));
#10174=CARTESIAN_POINT('',(-0.143437619932474,0.0498826954540656,-0.0142092721844624));
#10175=CARTESIAN_POINT('',(-0.143205502247661,0.0500044620483204,-0.0142134377549968));
#10176=CARTESIAN_POINT('',(-0.143092365593964,0.0500579639661486,-0.0142153267776775));
#10177=CARTESIAN_POINT('',(-0.142871109233304,0.0501538625995744,-0.0142187734182515));
#10178=CARTESIAN_POINT('',(-0.142763056396136,0.050196347670211,-0.0142203313163926));
#10179=CARTESIAN_POINT('',(-0.14255023497968,0.0502726740482669,-0.014223168034385));
#10180=CARTESIAN_POINT('',(-0.142445399535444,0.050306533560111,-0.0142244476677884));
#10181=CARTESIAN_POINT('',(-0.142237275974738,0.0503675654747594,-0.0142267750408792));
#10182=CARTESIAN_POINT('',(-0.142134142186103,0.0503946306008007,-0.0142278202329443));
#10183=CARTESIAN_POINT('',(-0.14192995479337,0.0504425091677262,-0.0142296890190978));
#10184=CARTESIAN_POINT('',(-0.141828811060167,0.0504633231817656,-0.0142305124463905));
#10185=CARTESIAN_POINT('',(-0.141629293983246,0.0504993465386525,-0.0142319539563848));
#10186=CARTESIAN_POINT('',(-0.141531074653247,0.0505145549020853,-0.0142325723241092));
#10187=CARTESIAN_POINT('',(-0.14134003531671,0.0505400016428255,-0.0142336235562264));
#10188=CARTESIAN_POINT('',(-0.141247294233611,0.0505502064091802,-0.0142340552378892));
#10189=CARTESIAN_POINT('',(-0.141069068982255,0.0505664799106715,-0.0142347593122409));
#10190=CARTESIAN_POINT('',(-0.140983500423665,0.0505725845849341,-0.0142350329695855));
#10191=CARTESIAN_POINT('',(-0.140738946345199,0.0505865928813285,-0.0142356771105233));
#10192=CARTESIAN_POINT('',(-0.1405931244864,0.050590359943373,-0.0142358739954998));
#10193=CARTESIAN_POINT('',(-0.140395713676671,0.0505930469187761,-0.0142360199610224));
#10194=CARTESIAN_POINT('',(-0.140333289736736,0.0505934660197678,-0.0142360440779364));
#10195=CARTESIAN_POINT('',(-0.140244909019884,0.0505937982156353,-0.0142360632967562));
#10196=CARTESIAN_POINT('',(-0.140216335822136,0.0505938566953931,-0.0142360668202499));
#10197=CARTESIAN_POINT('',(-0.140161032518299,0.0505939291988308,-0.0142360712170975));
#10198=CARTESIAN_POINT('',(-0.140107654531701,0.0505939602778819,-0.0142360731067799));
#10199=CARTESIAN_POINT('',(-0.140056181538436,0.0505939517794003,-0.0142360725898863));
#10200=CARTESIAN_POINT('',(-0.14000466313621,0.0505939442028765,-0.014236072129964));
#10201=CARTESIAN_POINT('',(-0.13997878362945,0.0505939429999776,-0.0142360720569423));
#10202=CARTESIAN_POINT('',(-0.139907136603182,0.0505939479327419,-0.0142360723563767));
#10203=CARTESIAN_POINT('',(-0.139861466826213,0.0505939519795214,-0.0142360726020298));
#10204=CARTESIAN_POINT('',(-0.139815942108327,0.0505939529293917,-0.0142360726596893));
#10205=CARTESIAN_POINT('',(-0.145864500343229,0.044800495506886,-0.0138179802995271));
#10206=CARTESIAN_POINT('',(-0.145864490965085,0.0449562790020005,-0.013828019282248));
#10207=CARTESIAN_POINT('',(-0.1458656949955,0.045134891109866,-0.0138382868616406));
#10208=CARTESIAN_POINT('',(-0.145858195288052,0.0454223044483302,-0.0138524205826723));
#10209=CARTESIAN_POINT('',(-0.145855588587161,0.0454983610102692,-0.0138559918513054));
#10210=CARTESIAN_POINT('',(-0.145843952292225,0.0457380702512881,-0.0138668072787744));
#10211=CARTESIAN_POINT('',(-0.145831061614882,0.0459132699103685,-0.0138741532296404));
#10212=CARTESIAN_POINT('',(-0.145786313083137,0.0462874526228949,-0.0138890408364278));
#10213=CARTESIAN_POINT('',(-0.145754537902381,0.046485991429089,-0.0138965819289658));
#10214=CARTESIAN_POINT('',(-0.145688012514715,0.0467920184652127,-0.0139079246975955));
#10215=CARTESIAN_POINT('',(-0.145662733687888,0.0468954745442946,-0.0139117082046881));
#10216=CARTESIAN_POINT('',(-0.14560543084593,0.0471042818861209,-0.0139192446334333));
#10217=CARTESIAN_POINT('',(-0.145573513986594,0.0472094168145796,-0.013922992751254));
#10218=CARTESIAN_POINT('',(-0.145501684012388,0.0474220229169345,-0.0139304546239121));
#10219=CARTESIAN_POINT('',(-0.145421695980095,0.0476372907523916,-0.0139378893456833));
#10220=CARTESIAN_POINT('',(-0.145321252682251,0.0478620761380934,-0.0139453358479588));
#10221=CARTESIAN_POINT('',(-0.145206876188472,0.0480927506442536,-0.0139527431470469));
#10222=CARTESIAN_POINT('',(-0.145142911482505,0.0482109298240133,-0.0139564247044246));
#10223=CARTESIAN_POINT('',(-0.144995487192165,0.0484553050264416,-0.0139637275918748));
#10224=CARTESIAN_POINT('',(-0.144912525527669,0.0485814294115896,-0.0139673476682516));
#10225=CARTESIAN_POINT('',(-0.144763522432453,0.0487795721166106,-0.0139727451693502));
#10226=CARTESIAN_POINT('',(-0.144709428615305,0.048847458652387,-0.013974543396753));
#10227=CARTESIAN_POINT('',(-0.14459374008961,0.0489837287852302,-0.0139780931243768));
#10228=CARTESIAN_POINT('',(-0.14453226588678,0.0490519746863727,-0.0139798428553121));
#10229=CARTESIAN_POINT('',(-0.144340211648209,0.0492508667856675,-0.0139849313013451));
#10230=CARTESIAN_POINT('',(-0.14420144669167,0.0493751197711583,-0.0139880994850953));
#10231=CARTESIAN_POINT('',(-0.143934736165742,0.0495887392861634,-0.013993795931236));
#10232=CARTESIAN_POINT('',(-0.143807360943877,0.0496776933520479,-0.0139963192749101));
#10233=CARTESIAN_POINT('',(-0.143560771901951,0.049834873768848,-0.0140009449557363));
#10234=CARTESIAN_POINT('',(-0.143441556237978,0.0499030126698612,-0.0140030457860476));
#10235=CARTESIAN_POINT('',(-0.143208925351529,0.0500247174209122,-0.0140069086370621));
#10236=CARTESIAN_POINT('',(-0.143095564293254,0.0500781874202206,-0.0140086690990508));
#10237=CARTESIAN_POINT('',(-0.142873901142922,0.0501740245643972,-0.0140118899252878));
#10238=CARTESIAN_POINT('',(-0.142765665298286,0.0502164802931505,-0.0140133501439018));
#10239=CARTESIAN_POINT('',(-0.142552505938835,0.0502927515788248,-0.0140160142842275));
#10240=CARTESIAN_POINT('',(-0.142447515477796,0.0503265852919198,-0.0140172189879634));
#10241=CARTESIAN_POINT('',(-0.142239099343616,0.0503875695835589,-0.0140194129271929));
#10242=CARTESIAN_POINT('',(-0.142135828616838,0.0504146128861076,-0.0140203999679605));
#10243=CARTESIAN_POINT('',(-0.141931382919741,0.0504624522707682,-0.0140221674685867));
#10244=CARTESIAN_POINT('',(-0.14183011761059,0.0504832489576759,-0.0140229477477029));
#10245=CARTESIAN_POINT('',(-0.141630370912808,0.0505192424501203,-0.0140243159363226));
#10246=CARTESIAN_POINT('',(-0.141532043896282,0.0505344382221746,-0.0140249041546811));
#10247=CARTESIAN_POINT('',(-0.141340805188207,0.0505598642144708,-0.0140259063209557));
#10248=CARTESIAN_POINT('',(-0.141247972462807,0.0505700608858977,-0.0140263191697403));
#10249=CARTESIAN_POINT('',(-0.141069581431348,0.0505863220197006,-0.0140269945307112));
#10250=CARTESIAN_POINT('',(-0.14098393868929,0.0505924223547609,-0.014027258218164));
#10251=CARTESIAN_POINT('',(-0.140739189749013,0.0506064212517359,-0.0140278808470079));
#10252=CARTESIAN_POINT('',(-0.140593276621485,0.0506101866536938,-0.0140280739503414));
#10253=CARTESIAN_POINT('',(-0.14039577515668,0.0506128726641766,-0.0140282176891873));
#10254=CARTESIAN_POINT('',(-0.1403333283418,0.0506132916649216,-0.0140282415733558));
#10255=CARTESIAN_POINT('',(-0.140244924699228,0.0506136237846512,-0.0140282606164832));
#10256=CARTESIAN_POINT('',(-0.140216345783327,0.0506136822561215,-0.0140282641209593));
#10257=CARTESIAN_POINT('',(-0.140161035041059,0.0506137547502645,-0.0140282684966416));
#10258=CARTESIAN_POINT('',(-0.140107653792321,0.0506137858254144,-0.0140282703776709));
#10259=CARTESIAN_POINT('',(-0.140056181669129,0.0506137773278302,-0.0140282698631284));
#10260=CARTESIAN_POINT('',(-0.140004664038471,0.0506137697521843,-0.0140282694053785));
#10261=CARTESIAN_POINT('',(-0.139978784656531,0.0506137685494405,-0.0140282693327016));
#10262=CARTESIAN_POINT('',(-0.139907137131858,0.0506137734816597,-0.0140282696307215));
#10263=CARTESIAN_POINT('',(-0.139861466943686,0.0506137775279764,-0.0140282698752143));
#10264=CARTESIAN_POINT('',(-0.139815942129254,0.050613778477738,-0.0140282699326017));
#10265=CARTESIAN_POINT('',(-0.145869647641406,0.044806661067974,-0.0137215789570672));
#10266=CARTESIAN_POINT('',(-0.145869641216228,0.0449624451633745,-0.0137316085528948));
#10267=CARTESIAN_POINT('',(-0.145870805259208,0.0451411028009619,-0.013741822237461));
#10268=CARTESIAN_POINT('',(-0.145863147489533,0.0454286555996464,-0.0137557891234872));
#10269=CARTESIAN_POINT('',(-0.145860492370945,0.0455047538663663,-0.0137593105894507));
#10270=CARTESIAN_POINT('',(-0.145848684830921,0.0457446028480711,-0.013769954191121));
#10271=CARTESIAN_POINT('',(-0.145835645209185,0.0459199150353609,-0.0137771556980087));
#10272=CARTESIAN_POINT('',(-0.145790536049131,0.0462943274395006,-0.0137917068776199));
#10273=CARTESIAN_POINT('',(-0.145758550573072,0.0464929827674039,-0.0137990568890796));
#10274=CARTESIAN_POINT('',(-0.145691682511789,0.0467991605674067,-0.0138100934063757));
#10275=CARTESIAN_POINT('',(-0.145666284734117,0.0469026632316035,-0.013813771298594));
#10276=CARTESIAN_POINT('',(-0.145608736295719,0.0471115541116768,-0.0138210902246071));
#10277=CARTESIAN_POINT('',(-0.145576693137691,0.047216725966775,-0.0138247267899966));
#10278=CARTESIAN_POINT('',(-0.145504602320077,0.0474293941738114,-0.0138319578412792));
#10279=CARTESIAN_POINT('',(-0.145424344676265,0.0476447124041098,-0.0138391535198991));
#10280=CARTESIAN_POINT('',(-0.145323607818096,0.0478695209439451,-0.013846336516781));
#10281=CARTESIAN_POINT('',(-0.145208923605832,0.0481001989372348,-0.0138534634039671));
#10282=CARTESIAN_POINT('',(-0.145144797961626,0.0482183702622834,-0.013856996454575));
#10283=CARTESIAN_POINT('',(-0.144997035454595,0.0484627017402112,-0.0138639792601058));
#10284=CARTESIAN_POINT('',(-0.144913896137097,0.0485887909289829,-0.0138674278762924));
#10285=CARTESIAN_POINT('',(-0.144764616023423,0.0487868459155512,-0.0138725441845683));
#10286=CARTESIAN_POINT('',(-0.14471042750266,0.0488546969389311,-0.0138742439952408));
#10287=CARTESIAN_POINT('',(-0.144594552198249,0.0489908852825963,-0.0138775937139635));
#10288=CARTESIAN_POINT('',(-0.144532986176329,0.0490590850710705,-0.0138792421263938));
#10289=CARTESIAN_POINT('',(-0.144340674842044,0.0492578275269752,-0.013884034764916));
#10290=CARTESIAN_POINT('',(-0.144201765042133,0.0493819646496126,-0.013887017627043));
#10291=CARTESIAN_POINT('',(-0.143934834950658,0.0495953710816265,-0.0138924042260181));
#10292=CARTESIAN_POINT('',(-0.143807385544442,0.0496842287771444,-0.0138948038541703));
#10293=CARTESIAN_POINT('',(-0.143560682910964,0.0498412354647341,-0.0138992168163313));
#10294=CARTESIAN_POINT('',(-0.143441428076026,0.0499092969565167,-0.0139012287992107));
#10295=CARTESIAN_POINT('',(-0.143208739562344,0.0500308623307256,-0.0139049368818695));
#10296=CARTESIAN_POINT('',(-0.143095360265191,0.0500842703782103,-0.0139066315958325));
#10297=CARTESIAN_POINT('',(-0.142873673301921,0.0501799960621955,-0.0139097369130281));
#10298=CARTESIAN_POINT('',(-0.142765431579193,0.0502224022413196,-0.0139111471534671));
#10299=CARTESIAN_POINT('',(-0.142552268759612,0.0502985844000359,-0.0139137229789813));
#10300=CARTESIAN_POINT('',(-0.142447280742941,0.0503323785006066,-0.013914889330045));
#10301=CARTESIAN_POINT('',(-0.142238874744595,0.0503932914291303,-0.0139170149661695));
#10302=CARTESIAN_POINT('',(-0.142135611818358,0.0504203031091458,-0.0139179722363292));
#10303=CARTESIAN_POINT('',(-0.141931185377385,0.0504680868431519,-0.0139196878797117));
#10304=CARTESIAN_POINT('',(-0.141829931525816,0.050488859512301,-0.0139204460652317));
#10305=CARTESIAN_POINT('',(-0.141630209577697,0.0505248119864228,-0.0139217767087027));
#10306=CARTESIAN_POINT('',(-0.141531895849834,0.0505399907402047,-0.0139223494874026));
#10307=CARTESIAN_POINT('',(-0.141340683690024,0.0505653889130223,-0.0139233265241976));
#10308=CARTESIAN_POINT('',(-0.141247864173564,0.0505755748439274,-0.0139237297258868));
#10309=CARTESIAN_POINT('',(-0.141069497971609,0.0505918195927958,-0.013924390375692));
#10310=CARTESIAN_POINT('',(-0.140983866904287,0.0505979142185553,-0.0139246489533892));
#10311=CARTESIAN_POINT('',(-0.140739149242507,0.0506119007814972,-0.0139252605543378));
#10312=CARTESIAN_POINT('',(-0.14059325131821,0.0506156640154758,-0.013925451715778));
#10313=CARTESIAN_POINT('',(-0.140395764925329,0.0506183487566771,-0.0139255943102123));
#10314=CARTESIAN_POINT('',(-0.140333321920101,0.0506187676253774,-0.0139256180744155));
#10315=CARTESIAN_POINT('',(-0.1402449220913,0.0506190996451872,-0.0139256370269295));
#10316=CARTESIAN_POINT('',(-0.140216344126501,0.0506191581058574,-0.013925640521537));
#10317=CARTESIAN_POINT('',(-0.140161034621453,0.0506192305879487,-0.0139256448862163));
#10318=CARTESIAN_POINT('',(-0.140107653915298,0.0506192616581072,-0.0139256467627435));
#10319=CARTESIAN_POINT('',(-0.140056181647393,0.050619253161771,-0.0139256462494244));
#10320=CARTESIAN_POINT('',(-0.140004663888403,0.0506192455873113,-0.0139256457928042));
#10321=CARTESIAN_POINT('',(-0.139978784485701,0.0506192443847661,-0.0139256457203066));
#10322=CARTESIAN_POINT('',(-0.139907137043926,0.0506192493162307,-0.0139256460175909));
#10323=CARTESIAN_POINT('',(-0.139861466924147,0.050619253361918,-0.0139256462614804));
#10324=CARTESIAN_POINT('',(-0.139815942125773,0.0506192543115317,-0.0139256463187263));
#10325=CARTESIAN_POINT('',(-0.145874881406055,0.0448188188324404,-0.0135314867985201));
#10326=CARTESIAN_POINT('',(-0.145874879669609,0.0449746046531224,-0.0135414894176108));
#10327=CARTESIAN_POINT('',(-0.145875960156308,0.0451533153977349,-0.0135515857937879));
#10328=CARTESIAN_POINT('',(-0.145867984980053,0.0454410118965486,-0.0135652061845875));
#10329=CARTESIAN_POINT('',(-0.145865232951278,0.0455171525509811,-0.0135686248291775));
#10330=CARTESIAN_POINT('',(-0.145853085210161,0.0457571379787712,-0.013578915199286));
#10331=CARTESIAN_POINT('',(-0.145839752632895,0.0459325532286442,-0.0135858215333995));
#10332=CARTESIAN_POINT('',(-0.145793948590476,0.0463071388945882,-0.0135996879235367));
#10333=CARTESIAN_POINT('',(-0.145761563861234,0.0465058640015103,-0.0136066500666689));
#10334=CARTESIAN_POINT('',(-0.145694060395935,0.046812082020148,-0.0136170655497743));
#10335=CARTESIAN_POINT('',(-0.145668444336628,0.046915587782452,-0.0136205293714936));
#10336=CARTESIAN_POINT('',(-0.145610450732272,0.0471244604808321,-0.013627407546227));
#10337=CARTESIAN_POINT('',(-0.145578181243234,0.0472296112920368,-0.0136308181048578));
#10338=CARTESIAN_POINT('',(-0.145505629835735,0.0474422077013865,-0.0136375815536882));
#10339=CARTESIAN_POINT('',(-0.145424902842478,0.0476574240664439,-0.0136442930256574));
#10340=CARTESIAN_POINT('',(-0.145323671989729,0.0478820563466558,-0.0136509423382178));
#10341=CARTESIAN_POINT('',(-0.145208483257204,0.0481125048996568,-0.0136575014611814));
#10342=CARTESIAN_POINT('',(-0.145144099795326,0.0482305355171119,-0.0136607338866827));
#10343=CARTESIAN_POINT('',(-0.144995815807903,0.0484745105214536,-0.0136670691254827));
#10344=CARTESIAN_POINT('',(-0.144912411308493,0.0486003853994227,-0.0136701709974077));
#10345=CARTESIAN_POINT('',(-0.144762748181287,0.0487980290317365,-0.0136747194607896));
#10346=CARTESIAN_POINT('',(-0.144708433767674,0.0488657264751475,-0.0136762206588357));
#10347=CARTESIAN_POINT('',(-0.144592322704765,0.0490015834678847,-0.0136791670511152));
#10348=CARTESIAN_POINT('',(-0.144530647135071,0.0490696060432884,-0.013680611300198));
#10349=CARTESIAN_POINT('',(-0.144338054105337,0.0492678010461112,-0.0136848084134795));
#10350=CARTESIAN_POINT('',(-0.144199024134617,0.0493915508846597,-0.0136874190199839));
#10351=CARTESIAN_POINT('',(-0.143931970609522,0.0496042715079607,-0.0136921834418972));
#10352=CARTESIAN_POINT('',(-0.143804518085186,0.0496928330743876,-0.0136943347475302));
#10353=CARTESIAN_POINT('',(-0.143557860196275,0.0498493148635113,-0.0136983206663492));
#10354=CARTESIAN_POINT('',(-0.143438653707698,0.04991714761682,-0.0137001542454877));
#10355=CARTESIAN_POINT('',(-0.143206089874056,0.050038305689977,-0.0137035514772429));
#10356=CARTESIAN_POINT('',(-0.143092787282739,0.0500915353537183,-0.0137051140923434));
#10357=CARTESIAN_POINT('',(-0.142871268859647,0.0501869425353902,-0.0137079872794191));
#10358=CARTESIAN_POINT('',(-0.142763118376062,0.0502292083267759,-0.0137092970537147));
#10359=CARTESIAN_POINT('',(-0.142550147617682,0.0503051393506987,-0.0137116953162956));
#10360=CARTESIAN_POINT('',(-0.142445260556119,0.050338822621049,-0.0137127845385477));
#10361=CARTESIAN_POINT('',(-0.142237062707925,0.0503995365729229,-0.0137147728029614));
#10362=CARTESIAN_POINT('',(-0.142133906952665,0.0504264605142394,-0.0137156701900755));
#10363=CARTESIAN_POINT('',(-0.141929697151403,0.0504740903074852,-0.0137172815146268));
#10364=CARTESIAN_POINT('',(-0.141828552901012,0.0504947967886569,-0.0137179952507587));
#10365=CARTESIAN_POINT('',(-0.141629047874169,0.05053063638803,-0.0137192503546839));
#10366=CARTESIAN_POINT('',(-0.141530841240084,0.0505457684309741,-0.0137197920664699));
#10367=CARTESIAN_POINT('',(-0.141339833558979,0.0505710903449419,-0.0137207185332321));
#10368=CARTESIAN_POINT('',(-0.141247111240215,0.0505812468839993,-0.0137211023175782));
#10369=CARTESIAN_POINT('',(-0.141068923848799,0.0505974468049975,-0.013721733351028));
#10370=CARTESIAN_POINT('',(-0.140983374594518,0.050603525827753,-0.0137219816379956));
#10371=CARTESIAN_POINT('',(-0.140738873786865,0.0506174786970041,-0.0137225710239088));
#10372=CARTESIAN_POINT('',(-0.140593079196152,0.0506212360117867,-0.0137227582665368));
#10373=CARTESIAN_POINT('',(-0.140395695349381,0.0506239172830065,-0.0137228985491857));
#10374=CARTESIAN_POINT('',(-0.140333278240485,0.0506243357905986,-0.0137229220702077));
#10375=CARTESIAN_POINT('',(-0.140244904351665,0.0506246675373639,-0.0137229408388402));
#10376=CARTESIAN_POINT('',(-0.140216332856421,0.0506247259685584,-0.0137229443132583));
#10377=CARTESIAN_POINT('',(-0.140161031767203,0.0506247984177677,-0.0137229486553742));
#10378=CARTESIAN_POINT('',(-0.140107654751825,0.050624829474306,-0.0137229505226585));
#10379=CARTESIAN_POINT('',(-0.14005618149953,0.0506248209813687,-0.0137229500118515));
#10380=CARTESIAN_POINT('',(-0.140004662867594,0.0506248134101421,-0.0137229495575489));
#10381=CARTESIAN_POINT('',(-0.139978783323672,0.0506248122081392,-0.0137229494854192));
#10382=CARTESIAN_POINT('',(-0.139907136445786,0.0506248171375479,-0.0137229497811944));
#10383=CARTESIAN_POINT('',(-0.139861466791239,0.0506248211815197,-0.0137229500238461));
#10384=CARTESIAN_POINT('',(-0.139815942102096,0.0506248221307305,-0.0137229500808017));
#10385=CARTESIAN_POINT('',(-0.1458749577,0.0448248097372592,-0.0134378162860013));
#10386=CARTESIAN_POINT('',(-0.145874957702206,0.0449805966840048,-0.0134478012985518));
#10387=CARTESIAN_POINT('',(-0.145875994625526,0.0451593149287089,-0.0134578342490171));
#10388=CARTESIAN_POINT('',(-0.145867860133689,0.0454470153961419,-0.0134712749790558));
#10389=CARTESIAN_POINT('',(-0.145865059621345,0.0455231566513079,-0.0134746406061448));
#10390=CARTESIAN_POINT('',(-0.145852742959305,0.0457631384988028,-0.0134847495780189));
#10391=CARTESIAN_POINT('',(-0.145839266405485,0.0459385440404535,-0.0134915051936066));
#10392=CARTESIAN_POINT('',(-0.145793128217253,0.0463130727130225,-0.0135050232513991));
#10393=CARTESIAN_POINT('',(-0.145760554603431,0.0465117507579704,-0.0135117886266886));
#10394=CARTESIAN_POINT('',(-0.145692758554686,0.0468178577259368,-0.0135218893594148));
#10395=CARTESIAN_POINT('',(-0.145667043219735,0.0469213198278589,-0.013525244736937));
#10396=CARTESIAN_POINT('',(-0.145608850169816,0.0471300904516422,-0.0135318996868902));
#10397=CARTESIAN_POINT('',(-0.145576480716955,0.0472351831115678,-0.0135351958034843));
#10398=CARTESIAN_POINT('',(-0.145503729717041,0.0474476452474619,-0.0135417224967704));
#10399=CARTESIAN_POINT('',(-0.145422803157449,0.0476627089709464,-0.013548188831798));
#10400=CARTESIAN_POINT('',(-0.145321372088646,0.0478871414235175,-0.0135545679948707));
#10401=CARTESIAN_POINT('',(-0.145205986807478,0.0481173566127473,-0.0135608397972067));
#10402=CARTESIAN_POINT('',(-0.145141506609663,0.0482352541481228,-0.0135639201212999));
#10403=CARTESIAN_POINT('',(-0.144993039697346,0.0484789159141562,-0.013569927912636));
#10404=CARTESIAN_POINT('',(-0.144909547862993,0.0486046114177935,-0.013572854520815));
#10405=CARTESIAN_POINT('',(-0.144759779098948,0.048801930992508,-0.0135771163672935));
#10406=CARTESIAN_POINT('',(-0.1447054336278,0.0488695102214292,-0.0135785173820495));
#10407=CARTESIAN_POINT('',(-0.144589273867809,0.0490051173551502,-0.0135812604831002));
#10408=CARTESIAN_POINT('',(-0.144527580720037,0.0490730086802018,-0.0135826019010089));
#10409=CARTESIAN_POINT('',(-0.144334963558222,0.0492708054374125,-0.0135864993377026));
#10410=CARTESIAN_POINT('',(-0.144195958594224,0.0493942835843021,-0.0135889230378795));
#10411=CARTESIAN_POINT('',(-0.143929001815949,0.0496065310332356,-0.0135933751766523));
#10412=CARTESIAN_POINT('',(-0.1438016206368,0.0496948926638892,-0.0135954018941873));
#10413=CARTESIAN_POINT('',(-0.143555121602596,0.0498510229811543,-0.0135991735206634));
#10414=CARTESIAN_POINT('',(-0.14343600287096,0.0499187042799132,-0.0136009175569143));
#10415=CARTESIAN_POINT('',(-0.143203621796004,0.0500395942116968,-0.0136041587293235));
#10416=CARTESIAN_POINT('',(-0.143090414361053,0.0500927073519304,-0.0136056550033447));
#10417=CARTESIAN_POINT('',(-0.142869088693697,0.0501879073312371,-0.0136084115863652));
#10418=CARTESIAN_POINT('',(-0.142761035518388,0.0502300822155191,-0.0136096708799937));
#10419=CARTESIAN_POINT('',(-0.14254826064926,0.0503058511100878,-0.0136119799072825));
#10420=CARTESIAN_POINT('',(-0.142443472275461,0.0503394631101989,-0.013613030358926));
#10421=CARTESIAN_POINT('',(-0.142235472787006,0.0504000493551588,-0.0136149495645586));
#10422=CARTESIAN_POINT('',(-0.142132416570115,0.050426917139735,-0.0136158168434988));
#10423=CARTESIAN_POINT('',(-0.14192840447851,0.050474448572337,-0.0136173757138698));
#10424=CARTESIAN_POINT('',(-0.141827358530087,0.050495112853312,-0.0136180670973553));
#10425=CARTESIAN_POINT('',(-0.141628045980345,0.0505308805453663,-0.0136192842122201));
#10426=CARTESIAN_POINT('',(-0.141529933298084,0.0505459828748542,-0.0136198102989389));
#10427=CARTESIAN_POINT('',(-0.141339103823021,0.0505712563154873,-0.0136207113286966));
#10428=CARTESIAN_POINT('',(-0.141246465621756,0.0505813941902015,-0.0136210853441491));
#10429=CARTESIAN_POINT('',(-0.141068432446178,0.0505975656484291,-0.01362170147446));
#10430=CARTESIAN_POINT('',(-0.140982953436428,0.0506036347706046,-0.0136219445811572));
#10431=CARTESIAN_POINT('',(-0.140738638484687,0.0506175662653728,-0.0136225227814359));
#10432=CARTESIAN_POINT('',(-0.140592932156737,0.0506213198263462,-0.0136227080473926));
#10433=CARTESIAN_POINT('',(-0.140395635915612,0.050623998895341,-0.013622847162809));
#10434=CARTESIAN_POINT('',(-0.140333240926581,0.0506244171737106,-0.0136228705606286));
#10435=CARTESIAN_POINT('',(-0.14024488919722,0.0506247487472308,-0.0136228892360033));
#10436=CARTESIAN_POINT('',(-0.140216323228721,0.0506248071597366,-0.0136228927001015));
#10437=CARTESIAN_POINT('',(-0.140161029328901,0.0506248795881012,-0.0136228970306579));
#10438=CARTESIAN_POINT('',(-0.140107655466447,0.0506249106360048,-0.0136228988932019));
#10439=CARTESIAN_POINT('',(-0.140056181373214,0.05062490214522,-0.0136228983836835));
#10440=CARTESIAN_POINT('',(-0.140004661995546,0.0506248945760418,-0.0136228979305687));
#10441=CARTESIAN_POINT('',(-0.139978782330983,0.0506248933743827,-0.0136228978586275));
#10442=CARTESIAN_POINT('',(-0.139907135934811,0.0506248983024893,-0.0136228981536293));
#10443=CARTESIAN_POINT('',(-0.1398614666777,0.0506249023453742,-0.0136228983956466));
#10444=CARTESIAN_POINT('',(-0.13981594208187,0.0506249032943298,-0.0136228984524533));
#10445=CARTESIAN_POINT('',(-0.1458749577,0.0448307935,-0.0133442574431084));
#10446=CARTESIAN_POINT('',(-0.1458749577,0.044986581804189,-0.0133542212314136));
#10447=CARTESIAN_POINT('',(-0.145875949277415,0.0451653072086048,-0.013364187078285));
#10448=CARTESIAN_POINT('',(-0.145867653689667,0.0454530096584374,-0.0133774443293137));
#10449=CARTESIAN_POINT('',(-0.145864804298887,0.0455291508865635,-0.0133807560776095));
#10450=CARTESIAN_POINT('',(-0.145852317722365,0.0457691269075026,-0.0133906813687628));
#10451=CARTESIAN_POINT('',(-0.145838696787821,0.0459445207590877,-0.0133972851510318));
#10452=CARTESIAN_POINT('',(-0.145792224348425,0.0463189877173058,-0.0134104535078391));
#10453=CARTESIAN_POINT('',(-0.14575946212944,0.0465176159803476,-0.013417021825216));
#10454=CARTESIAN_POINT('',(-0.14569137434112,0.0468236075662702,-0.0134268076213063));
#10455=CARTESIAN_POINT('',(-0.145665560083365,0.0469270245172119,-0.0134300545364596));
#10456=CARTESIAN_POINT('',(-0.145607168429259,0.0471356900082889,-0.0134364862715967));
#10457=CARTESIAN_POINT('',(-0.145574699497439,0.0472407229542654,-0.0134396679716899));
#10458=CARTESIAN_POINT('',(-0.145501750027606,0.0474530475989347,-0.013445957982597));
#10459=CARTESIAN_POINT('',(-0.145420625182506,0.0476679553633611,-0.0134521792798754));
#10460=CARTESIAN_POINT('',(-0.145318995585408,0.0478921843662528,-0.0134582884359602));
#10461=CARTESIAN_POINT('',(-0.145203415773101,0.0481221623736101,-0.0134642731424185));
#10462=CARTESIAN_POINT('',(-0.145138840006244,0.0482399248198337,-0.0134672015131859));
#10463=CARTESIAN_POINT('',(-0.14499019302462,0.0484832690934897,-0.013472882349004));
#10464=CARTESIAN_POINT('',(-0.144906615527231,0.0486087829694229,-0.0134756340211736));
#10465=CARTESIAN_POINT('',(-0.144756744366298,0.048805774950643,-0.0134796101560735));
#10466=CARTESIAN_POINT('',(-0.144702369051453,0.0488732347526634,-0.0134809113640055));
#10467=CARTESIAN_POINT('',(-0.144586163238432,0.0490085896316307,-0.0134834520780371));
#10468=CARTESIAN_POINT('',(-0.144524453938485,0.0490763485263327,-0.0134846911906486));
#10469=CARTESIAN_POINT('',(-0.14433181711286,0.049273743730528,-0.0134882907334757));
#10470=CARTESIAN_POINT('',(-0.144192840409251,0.0493969483234934,-0.0134905290235464));
#10471=CARTESIAN_POINT('',(-0.14392598623082,0.0496087196368023,-0.0134946714772026));
#10472=CARTESIAN_POINT('',(-0.143798678973618,0.0496968802363956,-0.0134965746891381));
#10473=CARTESIAN_POINT('',(-0.143552343482561,0.0498526572351838,-0.0135001338512907));
#10474=CARTESIAN_POINT('',(-0.143433314619271,0.049920186331227,-0.0135017890908678));
#10475=CARTESIAN_POINT('',(-0.143201120212055,0.0500408068317811,-0.0135048754677841));
#10476=CARTESIAN_POINT('',(-0.143088009729227,0.0500938029092844,-0.0135063059174222));
#10477=CARTESIAN_POINT('',(-0.142866880190837,0.0501887947440458,-0.0135089467800934));
#10478=CARTESIAN_POINT('',(-0.142758925903237,0.0502308783156277,-0.0135101559624179));
#10479=CARTESIAN_POINT('',(-0.142546349936652,0.0503064843664961,-0.0135123763923674));
#10480=CARTESIAN_POINT('',(-0.142441661685558,0.0503400247876741,-0.0135133883422067));
#10481=CARTESIAN_POINT('',(-0.142233863339462,0.0504004827780265,-0.0135152389626275));
#10482=CARTESIAN_POINT('',(-0.14213090800426,0.0504272941683155,-0.013516076336091));
#10483=CARTESIAN_POINT('',(-0.141927096217468,0.0504747268277178,-0.0135175831013151));
#10484=CARTESIAN_POINT('',(-0.141826149824809,0.0504953487334087,-0.0135182522787196));
#10485=CARTESIAN_POINT('',(-0.141627032162654,0.0505310442208491,-0.013519431651926));
#10486=CARTESIAN_POINT('',(-0.141529014585562,0.0505461167148067,-0.0135199422140227));
#10487=CARTESIAN_POINT('',(-0.141338365478388,0.0505713414828598,-0.013520817967642));
#10488=CARTESIAN_POINT('',(-0.141245812402052,0.0505814606162924,-0.0135211822742514));
#10489=CARTESIAN_POINT('',(-0.141067935277574,0.0505976034931645,-0.0135217835901628));
#10490=CARTESIAN_POINT('',(-0.140982527341328,0.0506036626728641,-0.0135220215456742));
#10491=CARTESIAN_POINT('',(-0.140738400431498,0.0506175727014952,-0.0135225886206574));
#10492=CARTESIAN_POINT('',(-0.140592783398,0.0506213224906268,-0.0135227719176427));
#10493=CARTESIAN_POINT('',(-0.140395575786949,0.0506239993464416,-0.0135229098692163));
#10494=CARTESIAN_POINT('',(-0.140333203176374,0.0506244173944047,-0.013522933143733));
#10495=CARTESIAN_POINT('',(-0.140244873865574,0.0506247487938496,-0.0135229517256161));
#10496=CARTESIAN_POINT('',(-0.140216313488444,0.0506248071875841,-0.0135229551792681));
#10497=CARTESIAN_POINT('',(-0.140161026862088,0.0506248795949927,-0.0135229594980909));
#10498=CARTESIAN_POINT('',(-0.140107656189424,0.0506249106341779,-0.013522961355817));
#10499=CARTESIAN_POINT('',(-0.140056181245422,0.0506249021455045,-0.0135229608476084));
#10500=CARTESIAN_POINT('',(-0.140004661113301,0.0506248945783562,-0.0135229603956999));
#10501=CARTESIAN_POINT('',(-0.139978781326686,0.0506248933770441,-0.0135229603239503));
#10502=CARTESIAN_POINT('',(-0.139907135417862,0.0506248983038711,-0.0135229606181665));
#10503=CARTESIAN_POINT('',(-0.139861466562832,0.0506249023456815,-0.0135229608595396));
#10504=CARTESIAN_POINT('',(-0.139815942061407,0.0506249032943845,-0.0135229609161952));
#10505=CARTESIAN_POINT('',(-0.1458749577,0.0448307935,-0.0133442574431084));
#10506=CARTESIAN_POINT('',(-0.1458749577,0.0448068584490367,-0.0137184928146801));
#10507=CARTESIAN_POINT('',(-0.1458358952,0.0447554978188447,-0.0145215395495294));
#10508=CARTESIAN_POINT('',(-0.14521480145,0.0446814487549271,-0.01567933023025));
#10509=CARTESIAN_POINT('',(-0.1440546452,0.0446418063267692,-0.0162991575644598));
#10510=CARTESIAN_POINT('',(-0.1432499577,0.0446393130922939,-0.0163381404156737));
#10511=CARTESIAN_POINT('',(-0.1428749577,0.0446393130922934,-0.0163381404156817));
#10512=CARTESIAN_POINT('',(-0.1458749577,0.0448307935000006,-0.0133442574431084));
#10513=CARTESIAN_POINT('',(-0.1458749577,-0.0448307909503046,-0.00760975248635396));
#10514=CARTESIAN_POINT('',(-0.1458749577,0.0448020714388446,-0.0137933398889944));
#10515=CARTESIAN_POINT('',(-0.1458749577,-0.0448595130114606,-0.00805883493223996));
#10516=CARTESIAN_POINT('',(-0.1458749577,0.0447733493776887,-0.0142424223349194));
#10517=CARTESIAN_POINT('',(-0.1458749577,-0.0448882350726166,-0.00850791737816492));
#10518=CARTESIAN_POINT('',(-0.1455749577,0.0447031398948629,-0.0153401794247558));
#10519=CARTESIAN_POINT('',(-0.1455749577,-0.0449584445554423,-0.00960567446800135));
#10520=CARTESIAN_POINT('',(-0.1448749577,0.0446584611330647,-0.0160387521183758));
#10521=CARTESIAN_POINT('',(-0.1448749577,-0.0450031233172405,-0.0103042471616213));
#10522=CARTESIAN_POINT('',(-0.1437749577,0.044639313092294,-0.016338140415672));
#10523=CARTESIAN_POINT('',(-0.1437749577,-0.0450222713580112,-0.0106036354589176));
#10524=CARTESIAN_POINT('',(-0.1433249577,0.044639313092294,-0.016338140415672));
#10525=CARTESIAN_POINT('',(-0.1433249577,-0.0450222713580112,-0.0106036354589176));
#10526=CARTESIAN_POINT('',(-0.1428749577,0.0446393130922934,-0.0163381404156817));
#10527=CARTESIAN_POINT('',(-0.1428749577,-0.0450222713580118,-0.0106036354589273));
#10528=MECHANICAL_DESIGN_GEOMETRIC_PRESENTATION_REPRESENTATION('',(#1809),
#10529);
#10529=(
GEOMETRIC_REPRESENTATION_CONTEXT(3)
GLOBAL_UNCERTAINTY_ASSIGNED_CONTEXT((#10530))
GLOBAL_UNIT_ASSIGNED_CONTEXT((#10533,#10532,#10531))
REPRESENTATION_CONTEXT('Part 4','TOP_LEVEL_ASSEMBLY_PART')
);
#10530=UNCERTAINTY_MEASURE_WITH_UNIT(LENGTH_MEASURE(2.00000000003851E-5),
#10533,'DISTANCE_ACCURACY_VALUE','Maximum Tolerance applied to model');
#10531=(
NAMED_UNIT(*)
SI_UNIT($,.STERADIAN.)
SOLID_ANGLE_UNIT()
);
#10532=(
NAMED_UNIT(*)
PLANE_ANGLE_UNIT()
SI_UNIT($,.RADIAN.)
);
#10533=(
LENGTH_UNIT()
NAMED_UNIT(*)
SI_UNIT($,.METRE.)
);
#10534=PRODUCT_DEFINITION_SHAPE('','',#10535);
#10535=PRODUCT_DEFINITION('','',#10537,#10536);
#10536=PRODUCT_DEFINITION_CONTEXT('',#10543,'design');
#10537=PRODUCT_DEFINITION_FORMATION_WITH_SPECIFIED_SOURCE('','',#10539,
 .NOT_KNOWN.);
#10538=PRODUCT_RELATED_PRODUCT_CATEGORY('','',(#10539));
#10539=PRODUCT('Part 4','Part 4','Part 4',(#10541));
#10540=PRODUCT_CATEGORY('','');
#10541=PRODUCT_CONTEXT('',#10543,'mechanical');
#10542=APPLICATION_PROTOCOL_DEFINITION('international standard',
'ap242_managed_model_based_3d_engineering',2020,#10543);
#10543=APPLICATION_CONTEXT('managed model based 3d engineering');
ENDSEC;
END-ISO-10303-21;
